[Physics::Module] Initialized fallback backend.
[Physics::Module] Id: 0xdecafbad
Initialize engine version: 6000.0.24f1 (11fa355cd605)
[Subsystems] Discovering subsystems at path Z:/home/evan/dwn/fnaf-online-0.9.52-alpha/FNAF Online_Data/UnitySubsystems
kGfxThreadingModeSplitJobs is not supported on Direct3D 11. Reverting to kGfxThreadingModeClientWorkerJobs instead.
GfxDevice: creating device client; kGfxThreadingModeClientWorkerJobs
Direct3D:
    Version:  Direct3D 11.0 [level 11.1]
    Renderer: NVIDIA GeForce GTX 1050 Ti (ID=0x1c82)
    Vendor:   NVIDIA
    VRAM:     4096 MB
    Driver:   35.0.15.6094
[Physics::Module] Selected backend.
[Physics::Module] Name: PhysX
[Physics::Module] Id: 0xf2b8ea05
[Physics::Module] SDK Version: 4.1.2
[Physics::Module] Integration Version: 1.0.0
[Physics::Module] Threading Mode: Multi-Threaded
<RI> Initializing input.
New input system (experimental) initialized
Using Windows.Gaming.Input
<RI> Input initialized.
<RI> Initialized touch support.
UnloadTime: 0.390100 ms
Discord.ResultException: InternalError
  at Discord.Discord..ctor (System.Int64 clientId, System.UInt64 flags) [0x00000] in <00000000000000000000000000000000>:0 
  at DiscordManager.Start () [0x00000] in <00000000000000000000000000000000>:0 
UnityEngine.DebugLogHandler:Internal_Log(LogType, LogOption, String, Object)
UnityEngine.Logger:Log(LogType, Object)
UnityEngine.Debug:Log(Object)
DiscordManager:Start()

RenderGraph is now enabled.
UnityEngine.DebugLogHandler:Internal_Log(LogType, LogOption, String, Object)
UnityEngine.Logger:Log(LogType, Object)
UnityEngine.Debug:Log(Object)
UnityEngine.Rendering.Universal.UniversalRenderPipeline:.ctor(UniversalRenderPipelineAsset)
UnityEngine.Rendering.Universal.UniversalRenderPipelineAsset:CreatePipeline()
UnityEngine.Rendering.RenderPipelineAsset:InternalCreatePipeline()
UnityEngine.Rendering.RenderPipelineManager:TryPrepareRenderPipeline(RenderPipelineAsset)
UnityEngine.Rendering.RenderPipelineManager:DoRenderLoop_Internal(RenderPipelineAsset, IntPtr, Object)

Unloading 6 Unused Serialized files (Serialized files now loaded: 0)
UnloadTime: 6.789200 ms
Unloading 65 unused Assets to reduce memory usage. Loaded Objects now: 4627.
Total: 11.543900 ms (FindLiveObjects: 0.515100 ms CreateObjectMapping: 0.176300 ms MarkObjects: 8.336800 ms  DeleteObjects: 2.514000 ms)

Joined channel: PrivateChat_aec20e60
UnityEngine.DebugLogHandler:Internal_Log(LogType, LogOption, String, Object)
UnityEngine.Logger:Log(LogType, Object)
UnityEngine.Debug:Log(Object)
<SetActiveAudioChannel>d__27:MoveNext()
System.Threading.ExecutionContext:RunInternal(ExecutionContext, ContextCallback, Object, Boolean)
System.Runtime.CompilerServices.MoveNextRunner:Run()
System.Threading.Tasks.AwaitTaskContinuation:RunCallback(ContextCallback, Object, Task&)
System.Threading.Tasks.SynchronizationContextAwaitTaskContinuation:Run(Task, Boolean)
System.Threading.Tasks.Task:FinishContinuations()
System.Threading.Tasks.Task`1:TrySetResult(TResult)
System.Runtime.CompilerServices.AsyncTaskMethodBuilder`1:SetResult(TResult)
Unity.Services.Vivox.<JoinGroupChannelAsync>d__199:MoveNext()
System.Threading.ExecutionContext:RunInternal(ExecutionContext, ContextCallback, Object, Boolean)
System.Runtime.CompilerServices.MoveNextRunner:Run()
System.Threading.Tasks.AwaitTaskContinuation:RunCallback(ContextCallback, Object, Task&)
System.Threading.Tasks.SynchronizationContextAwaitTaskContinuation:Run(Task, Boolean)
System.Threading.Tasks.Task:FinishContinuations()
System.Threading.Tasks.Task`1:TrySetResult(TResult)
System.Runtime.CompilerServices.AsyncTaskMethodBuilder`1:SetResult(TResult)
Unity.Services.Vivox.<JoinChannelAsync>d__202:MoveNext()
System.Threading.ExecutionContext:RunInternal(ExecutionContext, ContextCallback, Object, Boolean)
System.Runtime.CompilerServices.MoveNextRunner:Run()
System.Threading.Tasks.AwaitTaskContinuation:RunCallback(ContextCallback, Object, Task&)
System.Threading.Tasks.SynchronizationContextAwaitTaskContinuation:Run(Task, Boolean)
System.Threading.Tasks.Task:FinishContinuations()
System.Threading.Tasks.Task`1:TrySetResult(TResult)
System.Runtime.CompilerServices.AsyncTaskMethodBuilder`1:SetResult(TResult)
Unity.Services.Vivox.<ConnectAsync>d__45:MoveNext()
System.Threading.ExecutionContext:RunInternal(ExecutionContext, ContextCallback, Object, Boolean)
System.Runtime.CompilerServices.MoveNextRunner:Run()
System.Threading.Tasks.AwaitTaskContinuation:RunCallback(ContextCallback, Object, Task&)
System.Threading.Tasks.SynchronizationContextAwaitTaskContinuation:Run(Task, Boolean)
System.Threading.Tasks.Task:FinishContinuations()
System.Threading.Tasks.Task`1:TrySetResult(TResult)
System.Threading.Tasks.TaskCompletionSource`1:TrySetResult(TResult)
Unity.Services.Vivox.ChannelSession:CheckSessionConnection()
Unity.Services.Vivox.ChannelSession:HandleParticipantAdded(vx_evt_base_t)
Unity.Services.Vivox.VxClient:InstanceOnMainLoopRun(Boolean&)
Unity.Services.Vivox.Client:RunOnce()
Unity.Services.Vivox.<VivoxUnityRun>d__7:MoveNext()
UnityEngine.SetupCoroutine:InvokeMoveNext(IEnumerator, IntPtr)

File saved at: C:/users/evan/AppData/LocalLow/Brian_mpz/FNAF Online/PlayerID.txt
UnityEngine.DebugLogHandler:Internal_Log(LogType, LogOption, String, Object)
UnityEngine.Logger:Log(LogType, Object)
UnityEngine.Debug:Log(Object)
<Start>d__3:MoveNext()
System.Threading.ExecutionContext:RunInternal(ExecutionContext, ContextCallback, Object, Boolean)
System.Runtime.CompilerServices.MoveNextRunner:Run()
System.Threading.Tasks.AwaitTaskContinuation:RunCallback(ContextCallback, Object, Task&)
System.Threading.Tasks.SynchronizationContextAwaitTaskContinuation:Run(Task, Boolean)
System.Threading.Tasks.Task:FinishContinuations()
System.Threading.Tasks.Task`1:TrySetResult(TResult)
System.Runtime.CompilerServices.AsyncTaskMethodBuilder`1:SetResult(TResult)
<LogInAsync>d__20:MoveNext()
System.Threading.ExecutionContext:RunInternal(ExecutionContext, ContextCallback, Object, Boolean)
System.Runtime.CompilerServices.MoveNextRunner:Run()
System.Threading.Tasks.AwaitTaskContinuation:RunCallback(ContextCallback, Object, Task&)
System.Threading.Tasks.SynchronizationContextAwaitTaskContinuation:Run(Task, Boolean)
System.Threading.Tasks.Task:FinishContinuations()
System.Threading.Tasks.Task`1:TrySetResult(TResult)
System.Runtime.CompilerServices.AsyncTaskMethodBuilder`1:SetResult(TResult)
<SetActiveAudioChannel>d__27:MoveNext()
System.Threading.ExecutionContext:RunInternal(ExecutionContext, ContextCallback, Object, Boolean)
System.Runtime.CompilerServices.MoveNextRunner:Run()
System.Threading.Tasks.AwaitTaskContinuation:RunCallback(ContextCallback, Object, Task&)
System.Threading.Tasks.SynchronizationContextAwaitTaskContinuation:Run(Task, Boolean)
System.Threading.Tasks.Task:FinishContinuations()
System.Threading.Tasks.Task`1:TrySetResult(TResult)
System.Runtime.CompilerServices.AsyncTaskMethodBuilder`1:SetResult(TResult)
Unity.Services.Vivox.<JoinGroupChannelAsync>d__199:MoveNext()
System.Threading.ExecutionContext:RunInternal(ExecutionContext, ContextCallback, Object, Boolean)
System.Runtime.CompilerServices.MoveNextRunner:Run()
System.Threading.Tasks.AwaitTaskContinuation:RunCallback(ContextCallback, Object, Task&)
System.Threading.Tasks.SynchronizationContextAwaitTaskContinuation:Run(Task, Boolean)
System.Threading.Tasks.Task:FinishContinuations()
System.Threading.Tasks.Task`1:TrySetResult(TResult)
System.Runtime.CompilerServices.AsyncTaskMethodBuilder`1:SetResult(TResult)
Unity.Services.Vivox.<JoinChannelAsync>d__202:MoveNext()
System.Threading.ExecutionContext:RunInternal(ExecutionContext, ContextCallback, Object, Boolean)
System.Runtime.CompilerServices.MoveNextRunner:Run()
System.Threading.Tasks.AwaitTaskContinuation:RunCallback(ContextCallback, Object, Task&)
System.Threading.Tasks.SynchronizationContextAwaitTaskContinuation:Run(Task, Boolean)
System.Threading.Tasks.Task:FinishContinuations()
System.Threading.Tasks.Task`1:TrySetResult(TResult)
System.Runtime.CompilerServices.AsyncTaskMethodBuilder`1:SetResult(TResult)
Unity.Services.Vivox.<ConnectAsync>d__45:MoveNext()
System.Threading.ExecutionContext:RunInternal(ExecutionContext, ContextCallback, Object, Boolean)
System.Runtime.CompilerServices.MoveNextRunner:Run()
System.Threading.Tasks.AwaitTaskContinuation:RunCallback(ContextCallback, Object, Task&)
System.Threading.Tasks.SynchronizationContextAwaitTaskContinuation:Run(Task, Boolean)
System.Threading.Tasks.Task:FinishContinuations()
System.Threading.Tasks.Task`1:TrySetResult(TResult)
System.Threading.Tasks.TaskCompletionSource`1:TrySetResult(TResult)
Unity.Services.Vivox.ChannelSession:CheckSessionConnection()
Unity.Services.Vivox.ChannelSession:HandleParticipantAdded(vx_evt_base_t)
Unity.Services.Vivox.VxClient:InstanceOnMainLoopRun(Boolean&)
Unity.Services.Vivox.Client:RunOnce()
Unity.Services.Vivox.<VivoxUnityRun>d__7:MoveNext()
UnityEngine.SetupCoroutine:InvokeMoveNext(IEnumerator, IntPtr)

removed lobby
UnityEngine.DebugLogHandler:Internal_Log(LogType, LogOption, String, Object)
UnityEngine.Logger:Log(LogType, Object)
UnityEngine.Debug:Log(Object)
<LeaveLobby>d__27:MoveNext()
System.Threading.ExecutionContext:RunInternal(ExecutionContext, ContextCallback, Object, Boolean)
System.Runtime.CompilerServices.MoveNextRunner:Run()
System.Threading.Tasks.AwaitTaskContinuation:RunCallback(ContextCallback, Object, Task&)
System.Threading.Tasks.SynchronizationContextAwaitTaskContinuation:Run(Task, Boolean)
System.Threading.Tasks.Task:FinishContinuations()
System.Threading.Tasks.Task`1:TrySetResult(TResult)
System.Runtime.CompilerServices.AsyncTaskMethodBuilder`1:SetResult(TResult)
Unity.Services.Lobbies.Internal.<RemovePlayerAsync>d__20:MoveNext()
System.Threading.ExecutionContext:RunInternal(ExecutionContext, ContextCallback, Object, Boolean)
System.Runtime.CompilerServices.MoveNextRunner:Run()
System.Threading.Tasks.AwaitTaskContinuation:RunCallback(ContextCallback, Object, Task&)
System.Threading.Tasks.SynchronizationContextAwaitTaskContinuation:Run(Task, Boolean)
System.Threading.Tasks.Task:FinishContinuations()
System.Threading.Tasks.Task`1:TrySetResult(TResult)
System.Runtime.CompilerServices.AsyncTaskMethodBuilder`1:SetResult(TResult)
Unity.Services.Lobbies.Internal.<TryCatchRequest>d__27`1:MoveNext()
System.Threading.ExecutionContext:RunInternal(ExecutionContext, ContextCallback, Object, Boolean)
System.Runtime.CompilerServices.MoveNextRunner:Run()
System.Threading.Tasks.AwaitTaskContinuation:RunCallback(ContextCallback, Object, Task&)
System.Threading.Tasks.SynchronizationContextAwaitTaskContinuation:Run(Task, Boolean)
System.Threading.Tasks.Task:FinishContinuations()
System.Threading.Tasks.Task`1:TrySetResult(TResult)
System.Runtime.CompilerServices.AsyncTaskMethodBuilder`1:SetResult(TResult)
Unity.Services.Lobbies.Apis.Lobby.<RemovePlayerAsync>d__20:MoveNext()
System.Threading.ExecutionContext:RunInternal(ExecutionContext, ContextCallback, Object, Boolean)
System.Runtime.CompilerServices.MoveNextRunner:Run()
System.Threading.Tasks.AwaitTaskContinuation:RunCallback(ContextCallback, Object, Task&)
System.Threading.Tasks.SynchronizationContextAwaitTaskContinuation:Run(Task, Boolean)
System.Threading.Tasks.Task:FinishContinuations()
System.Threading.Tasks.Task`1:TrySetResult(TResult)
System.Runtime.CompilerServices.AsyncTaskMethodBuilder`1:SetResult(TResult)
Unity.Services.Lobbies.Http.<MakeRequestAsync>d__1:MoveNext()
System.Threading.ExecutionContext:RunInternal(ExecutionContext, ContextCallback, Object, Boolean)
System.Runtime.CompilerServices.MoveNextRunner:Run()
System.Threading.Tasks.AwaitTaskContinuation:RunCallback(ContextCallback, Object, Task&)
System.Threading.Tasks.SynchronizationContextAwaitTaskContinuation:Run(Task, Boolean)
System.Threading.Tasks.Task:FinishContinuations()
System.Threading.Tasks.Task`1:TrySetResult(TResult)
System.Runtime.CompilerServices.AsyncTaskMethodBuilder`1:SetResult(TResult)
Unity.Services.Lobbies.Http.<CreateWebRequestAsync>d__3:MoveNext()
System.Threading.ExecutionContext:RunInternal(ExecutionContext, ContextCallback, Object, Boolean)
System.Runtime.CompilerServices.MoveNextRunner:Run()
System.Threading.Tasks.AwaitTaskContinuation:RunCallback(ContextCallback, Object, Task&)
System.Threading.Tasks.SynchronizationContextAwaitTaskContinuation:Run(Task, Boolean)
System.Threading.Tasks.Task:FinishContinuations()
System.Threading.Tasks.Task`1:TrySetResult(TResult)
System.Runtime.CompilerServices.AsyncTaskMethodBuilder`1:SetResult(TResult)
Unity.Services.Lobbies.Http.<CreateHttpClientResponse>d__4:MoveNext()
System.Threading.ExecutionContext:RunInternal(ExecutionContext, ContextCallback, Object, Boolean)
System.Runtime.CompilerServices.MoveNextRunner:Run()
System.Threading.Tasks.AwaitTaskContinuation:RunCallback(ContextCallback, Object, Task&)
System.Threading.Tasks.SynchronizationContextAwaitTaskContinuation:Run(Task, Boolean)
System.Threading.Tasks.Task:FinishContinuations()
System.Threading.Tasks.Task`1:TrySetResult(TResult)
System.Runtime.CompilerServices.AsyncTaskMethodBuilder`1:SetResult(TResult)
Unity.Services.Lobbies.Http.<<CreateHttpClientResponse>b__0>d:MoveNext()
System.Threading.ExecutionContext:RunInternal(ExecutionContext, ContextCallback, Object, Boolean)
System.Runtime.CompilerServices.MoveNextRunner:Run()
System.Threading.Tasks.AwaitTaskContinuation:RunCallback(ContextCallback, Object, Task&)
System.Threading.Tasks.SynchronizationContextAwaitTaskContinuation:Run(Task, Boolean)
System.Threading.Tasks.Task:FinishContinuations()
System.Threading.Tasks.Task`1:TrySetResult(TResult)
System.Threading.Tasks.TaskCompletionSource`1:SetResult(TResult)
UnityEngine.AsyncOperation:InvokeCompletionEvent()

Unity.Services.Lobbies.LobbyServiceException: player not found ---> Unity.Services.Lobbies.Http.HttpException`1[Unity.Services.Lobbies.Models.ErrorStatus]: (404) HTTP/1.1 404 Not Found
  at Unity.Services.Lobbies.Http.ResponseHandler.HandleAsyncResponse (Unity.Services.Lobbies.Http.HttpClientResponse response, System.Collections.Generic.Dictionary`2[TKey,TValue] statusCodeToTypeMap) [0x00000] in <00000000000000000000000000000000>:0 
  at Unity.Services.Lobbies.Apis.Lobby.LobbyApiClient.RemovePlayerAsync (Unity.Services.Lobbies.Lobby.RemovePlayerRequest request, Unity.Services.Lobbies.Configuration operationConfiguration) [0x00000] in <00000000000000000000000000000000>:0 
  at System.Threading.ExecutionContext.RunInternal (System.Threading.ExecutionContext executionContext, System.Threading.ContextCallback callback, System.Object state, System.Boolean preserveSyncCtx) [0x00000] in <00000000000000000000000000000000>:0 
  at System.Runtime.CompilerServices.AsyncMethodBuilderCore+MoveNextRunner.Run () [0x00000] in <00000000000000000000000000000000>:0 
  at System.Threading.Tasks.AwaitTaskContinuation.RunCallback (System.Threading.ContextCallback callback, System.Object state, System.Threading.Tasks.Task& currentTask) [0x00000] in <00000000000000000000000000000000>:0 
  at System.Threading.Tasks.SynchronizationContextAwaitTaskContinuation.Run (System.Threading.Tasks.Task ignored, System.Boolean canInlineContinuationTask) [0x00000] in <00000000000000000000000000000000>:0 
  at System.Threading.Tasks.Task.FinishContinuations () [0x00000] in <00000000000000000000000000000000>:0 
  at System.Threading.Tasks.Task`1[TResult].TrySetResult (TResult result) [0x00000] in <00000000000000000000000000000000>:0 
  at System.Runtime.CompilerServices.AsyncTaskMethodBuilder`1[TResult].SetResult (TResult result) [0x00000] in <00000000000000000000000000000000>:0 
  at Unity.Services.Lobbies.Http.HttpClient.MakeRequestAsync (System.String method, System.String url, System.Byte[] body, System.Collections.Generic.Dictionary`2[TKey,TValue] headers, System.Int32 requestTimeout) [0x00000] in <00000000000000000000000000000000>:0 
  at System.Threading.ExecutionContext.RunInternal (System.Threading.ExecutionContext executionContext, System.Threading.ContextCallback callback, System.Object state, System.Boolean preserveSyncCtx) [0x00000] in <00000000000000000000000000000000>:0 
  at System.Runtime.CompilerServices.AsyncMethodBuilderCore+MoveNextRunner.Run () [0x00000] in <00000000000000000000000000000000>:0 
  at System.Threading.Tasks.AwaitTaskContinuation.RunCallback (System.Threading.ContextCallback callback, System.Object state, System.Threading.Tasks.Task& currentTask) [0x00000] in <00000000000000000000000000000000>:0 
  at System.Threading.Tasks.SynchronizationContextAwaitTaskContinuation.Run (System.Threading.Tasks.Task ignored, System.Boolean canInlineContinuationTask) [0x00000] in <00000000000000000000000000000000>:0 
  at System.Threading.Tasks.Task.FinishContinuations () [0x00000] in <00000000000000000000000000000000>:0 
  at System.Threading.Tasks.Task`1[TResult].TrySetResult (TResult result) [0x00000] in <00000000000000000000000000000000>:0 
  at System.Runtime.CompilerServices.AsyncTaskMethodBuilder`1[TResult].SetResult (TResult result) [0x00000] in <00000000000000000000000000000000>:0 
  at Unity.Services.Lobbies.Http.HttpClient.CreateWebRequestAsync (System.String method, System.String url, System.Byte[] body, System.Collections.Generic.IDictionary`2[TKey,TValue] headers, System.Int32 requestTimeout) [0x00000] in <00000000000000000000000000000000>:0 
  at System.Threading.ExecutionContext.RunInternal (System.Threading.ExecutionContext executionContext, System.Threading.ContextCallback callback, System.Object state, System.Boolean preserveSyncCtx) [0x00000] in <00000000000000000000000000000000>:0 
  at System.Runtime.CompilerServices.AsyncMethodBuilderCore+MoveNextRunner.Run () [0x00000] in <00000000000000000000000000000000>:0 
  at System.Threading.Tasks.AwaitTaskContinuation.RunCallback (System.Threading.ContextCallback callback, System.Object state, System.Threading.Tasks.Task& currentTask) [0x00000] in <00000000000000000000000000000000>:0 
  at System.Threading.Tasks.SynchronizationContextAwaitTaskContinuation.Run (System.Threading.Tasks.Task ignored, System.Boolean canInlineContinuationTask) [0x00000] in <00000000000000000000000000000000>:0 
  at System.Threading.Tasks.Task.FinishContinuations () [0x00000] in <00000000000000000000000000000000>:0 
  at System.Threading.Tasks.Task`1[TResult].TrySetResult (TResult result) [0x00000] in <00000000000000000000000000000000>:0 
  at System.Runtime.CompilerServices.AsyncTaskMethodBuilder`1[TResult].SetResult (TResult result) [0x00000] in <00000000000000000000000000000000>:0 
  at Unity.Services.Lobbies.Http.HttpClient.CreateHttpClientResponse (System.String method, System.String url, System.Byte[] body, System.Collections.Generic.IDictionary`2[TKey,TValue] headers, System.Int32 requestTimeout) [0x00000] in <00000000000000000000000000000000>:0 
  at System.Threading.ExecutionContext.RunInternal (System.Threading.ExecutionContext executionContext, System.Threading.ContextCallback callback, System.Object state, System.Boolean preserveSyncCtx) [0x00000] in <00000000000000000000000000000000>:0 
  at System.Runtime.CompilerServices.AsyncMethodBuilderCore+MoveNextRunner.Run () [0x00000] in <00000000000000000000000000000000>:0 
  at System.Threading.Tasks.AwaitTaskContinuation.RunCallback (System.Threading.ContextCallback callback, System.Object state, System.Threading.Tasks.Task& currentTask) [0x00000] in <00000000000000000000000000000000>:0 
  at System.Threading.Tasks.SynchronizationContextAwaitTaskContinuation.Run (System.Threading.Tasks.Task ignored, System.Boolean canInlineContinuationTask) [0x00000] in <00000000000000000000000000000000>:0 
  at System.Threading.Tasks.Task.FinishContinuations () [0x00000] in <00000000000000000000000000000000>:0 
  at System.Threading.Tasks.Task`1[TResult].TrySetResult (TResult result) [0x00000] in <00000000000000000000000000000000>:0 
  at System.Runtime.CompilerServices.AsyncTaskMethodBuilder`1[TResult].SetResult (TResult result) [0x00000] in <00000000000000000000000000000000>:0 
  at Unity.Services.Lobbies.Http.HttpClient+<>c__DisplayClass4_0.<CreateHttpClientResponse>b__0 () [0x00000] in <00000000000000000000000000000000>:0 
  at System.Threading.ExecutionContext.RunInternal (System.Threading.ExecutionContext executionContext, System.Threading.ContextCallback callback, System.Object state, System.Boolean preserveSyncCtx) [0x00000] in <00000000000000000000000000000000>:0 
  at System.Runtime.CompilerServices.AsyncMethodBuilderCore+MoveNextRunner.Run () [0x00000] in <00000000000000000000000000000000>:0 
  at System.Threading.Tasks.AwaitTaskContinuation.RunCallback (System.Threading.ContextCallback callback, System.Object state, System.Threading.Tasks.Task& currentTask) [0x00000] in <00000000000000000000000000000000>:0 
  at System.Threading.Tasks.SynchronizationContextAwaitTaskContinuation.Run (System.Threading.Tasks.Task ignored, System.Boolean canInlineContinuationTask) [0x00000] in <00000000000000000000000000000000>:0 
  at System.Threading.Tasks.Task.FinishContinuations () [0x00000] in <00000000000000000000000000000000>:0 
  at System.Threading.Tasks.Task`1[TResult].TrySetResult (TResult result) [0x00000] in <00000000000000000000000000000000>:0 
  at System.Threading.Tasks.TaskCompletionSource`1[TResult].SetResult (TResult result) [0x00000] in <00000000000000000000000000000000>:0 
  at UnityEngine.AsyncOperation.InvokeCompletionEvent () [0x00000] in <00000000000000000000000000000000>:0 
--- End of stack trace from previous location where exception was thrown ---

  at Unity.Services.Lobbies.Internal.WrappedLobbyService.TryCatchRequest[TRequest] (System.String api, System.Func`3[T1,T2,TResult] func, TRequest request) [0x00000] in <00000000000000000000000000000000>:0 
  at System.Threading.ExecutionContext.RunInternal (System.Threading.ExecutionContext executionContext, System.Threading.ContextCallback callback, System.Object state, System.Boolean preserveSyncCtx) [0x00000] in <00000000000000000000000000000000>:0 
  at System.Runtime.CompilerServices.AsyncMethodBuilderCore+MoveNextRunner.Run () [0x00000] in <00000000000000000000000000000000>:0 
  at System.Threading.Tasks.AwaitTaskContinuation.RunCallback (System.Threading.ContextCallback callback, System.Object state, System.Threading.Tasks.Task& currentTask) [0x00000] in <00000000000000000000000000000000>:0 
  at System.Threading.Tasks.SynchronizationContextAwaitTaskContinuation.Run (System.Threading.Tasks.Task ignored, System.Boolean canInlineContinuationTask) [0x00000] in <00000000000000000000000000000000>:0 
  at System.Threading.Tasks.Task.FinishContinuations () [0x00000] in <00000000000000000000000000000000>:0 
  at System.Threading.Tasks.Task.Finish (System.Boolean bUserDelegateExecuted) [0x00000] in <00000000000000000000000000000000>:0 
  at System.Threading.Tasks.Task.TrySetException (System.Object exceptionObject) [0x00000] in <00000000000000000000000000000000>:0 
  at System.Runtime.CompilerServices.AsyncTaskMethodBuilder`1[TResult].SetException (System.Exception exception) [0x00000] in <00000000000000000000000000000000>:0 
  at Unity.Services.Lobbies.Apis.Lobby.LobbyApiClient.RemovePlayerAsync (Unity.Services.Lobbies.Lobby.RemovePlayerRequest request, Unity.Services.Lobbies.Configuration operationConfiguration) [0x00000] in <00000000000000000000000000000000>:0 
  at System.Threading.ExecutionContext.RunInternal (System.Threading.ExecutionContext executionContext, System.Threading.ContextCallback callback, System.Object state, System.Boolean preserveSyncCtx) [0x00000] in <00000000000000000000000000000000>:0 
  at System.Runtime.CompilerServices.AsyncMethodBuilderCore+MoveNextRunner.Run () [0x00000] in <00000000000000000000000000000000>:0 
  at System.Threading.Tasks.AwaitTaskContinuation.RunCallback (System.Threading.ContextCallback callback, System.Object state, System.Threading.Tasks.Task& currentTask) [0x00000] in <00000000000000000000000000000000>:0 
  at System.Threading.Tasks.SynchronizationContextAwaitTaskContinuation.Run (System.Threading.Tasks.Task ignored, System.Boolean canInlineContinuationTask) [0x00000] in <00000000000000000000000000000000>:0 
  at System.Threading.Tasks.Task.FinishContinuations () [0x00000] in <00000000000000000000000000000000>:0 
  at System.Threading.Tasks.Task`1[TResult].TrySetResult (TResult result) [0x00000] in <00000000000000000000000000000000>:0 
  at System.Runtime.CompilerServices.AsyncTaskMethodBuilder`1[TResult].SetResult (TResult result) [0x00000] in <00000000000000000000000000000000>:0 
  at Unity.Services.Lobbies.Http.HttpClient.MakeRequestAsync (System.String method, System.String url, System.Byte[] body, System.Collections.Generic.Dictionary`2[TKey,TValue] headers, System.Int32 requestTimeout) [0x00000] in <00000000000000000000000000000000>:0 
  at System.Threading.ExecutionContext.RunInternal (System.Threading.ExecutionContext executionContext, System.Threading.ContextCallback callback, System.Object state, System.Boolean preserveSyncCtx) [0x00000] in <00000000000000000000000000000000>:0 
  at System.Runtime.CompilerServices.AsyncMethodBuilderCore+MoveNextRunner.Run () [0x00000] in <00000000000000000000000000000000>:0 
  at System.Threading.Tasks.AwaitTaskContinuation.RunCallback (System.Threading.ContextCallback callback, System.Object state, System.Threading.Tasks.Task& currentTask) [0x00000] in <00000000000000000000000000000000>:0 
  at System.Threading.Tasks.SynchronizationContextAwaitTaskContinuation.Run (System.Threading.Tasks.Task ignored, System.Boolean canInlineContinuationTask) [0x00000] in <00000000000000000000000000000000>:0 
  at System.Threading.Tasks.Task.FinishContinuations () [0x00000] in <00000000000000000000000000000000>:0 
  at System.Threading.Tasks.Task`1[TResult].TrySetResult (TResult result) [0x00000] in <00000000000000000000000000000000>:0 
  at System.Runtime.CompilerServices.AsyncTaskMethodBuilder`1[TResult].SetResult (TResult result) [0x00000] in <00000000000000000000000000000000>:0 
  at Unity.Services.Lobbies.Http.HttpClient.CreateWebRequestAsync (System.String method, System.String url, System.Byte[] body, System.Collections.Generic.IDictionary`2[TKey,TValue] headers, System.Int32 requestTimeout) [0x00000] in <00000000000000000000000000000000>:0 
  at System.Threading.ExecutionContext.RunInternal (System.Threading.ExecutionContext executionContext, System.Threading.ContextCallback callback, System.Object state, System.Boolean preserveSyncCtx) [0x00000] in <00000000000000000000000000000000>:0 
  at System.Runtime.CompilerServices.AsyncMethodBuilderCore+MoveNextRunner.Run () [0x00000] in <00000000000000000000000000000000>:0 
  at System.Threading.Tasks.AwaitTaskContinuation.RunCallback (System.Threading.ContextCallback callback, System.Object state, System.Threading.Tasks.Task& currentTask) [0x00000] in <00000000000000000000000000000000>:0 
  at System.Threading.Tasks.SynchronizationContextAwaitTaskContinuation.Run (System.Threading.Tasks.Task ignored, System.Boolean canInlineContinuationTask) [0x00000] in <00000000000000000000000000000000>:0 
  at System.Threading.Tasks.Task.FinishContinuations () [0x00000] in <00000000000000000000000000000000>:0 
  at System.Threading.Tasks.Task`1[TResult].TrySetResult (TResult result) [0x00000] in <00000000000000000000000000000000>:0 
  at System.Runtime.CompilerServices.AsyncTaskMethodBuilder`1[TResult].SetResult (TResult result) [0x00000] in <00000000000000000000000000000000>:0 
  at Unity.Services.Lobbies.Http.HttpClient.CreateHttpClientResponse (System.String method, System.String url, System.Byte[] body, System.Collections.Generic.IDictionary`2[TKey,TValue] headers, System.Int32 requestTimeout) [0x00000] in <00000000000000000000000000000000>:0 
  at System.Threading.ExecutionContext.RunInternal (System.Threading.ExecutionContext executionContext, System.Threading.ContextCallback callback, System.Object state, System.Boolean preserveSyncCtx) [0x00000] in <00000000000000000000000000000000>:0 
  at System.Runtime.CompilerServices.AsyncMethodBuilderCore+MoveNextRunner.Run () [0x00000] in <00000000000000000000000000000000>:0 
  at System.Threading.Tasks.AwaitTaskContinuation.RunCallback (System.Threading.ContextCallback callback, System.Object state, System.Threading.Tasks.Task& currentTask) [0x00000] in <00000000000000000000000000000000>:0 
  at System.Threading.Tasks.SynchronizationContextAwaitTaskContinuation.Run (System.Threading.Tasks.Task ignored, System.Boolean canInlineContinuationTask) [0x00000] in <00000000000000000000000000000000>:0 
  at System.Threading.Tasks.Task.FinishContinuations () [0x00000] in <00000000000000000000000000000000>:0 
  at System.Threading.Tasks.Task`1[TResult].TrySetResult (TResult result) [0x00000] in <00000000000000000000000000000000>:0 
  at System.Runtime.CompilerServices.AsyncTaskMethodBuilder`1[TResult].SetResult (TResult result) [0x00000] in <00000000000000000000000000000000>:0 
  at Unity.Services.Lobbies.Http.HttpClient+<>c__DisplayClass4_0.<CreateHttpClientResponse>b__0 () [0x00000] in <00000000000000000000000000000000>:0 
  at System.Threading.ExecutionContext.RunInternal (System.Threading.ExecutionContext executionContext, System.Threading.ContextCallback callback, System.Object state, System.Boolean preserveSyncCtx) [0x00000] in <00000000000000000000000000000000>:0 
  at System.Runtime.CompilerServices.AsyncMethodBuilderCore+MoveNextRunner.Run () [0x00000] in <00000000000000000000000000000000>:0 
  at System.Threading.Tasks.AwaitTaskContinuation.RunCallback (System.Threading.ContextCallback callback, System.Object state, System.Threading.Tasks.Task& currentTask) [0x00000] in <00000000000000000000000000000000>:0 
  at System.Threading.Tasks.SynchronizationContextAwaitTaskContinuation.Run (System.Threading.Tasks.Task ignored, System.Boolean canInlineContinuationTask) [0x00000] in <00000000000000000000000000000000>:0 
  at System.Threading.Tasks.Task.FinishContinuations () [0x00000] in <00000000000000000000000000000000>:0 
  at System.Threading.Tasks.Task`1[TResult].TrySetResult (TResult result) [0x00000] in <00000000000000000000000000000000>:0 
  at System.Threading.Tasks.TaskCompletionSource`1[TResult].SetResult (TResult result) [0x00000] in <00000000000000000000000000000000>:0 
  at UnityEngine.AsyncOperation.InvokeCompletionEvent () [0x00000] in <00000000000000000000000000000000>:0 
   --- End of inner exception stack trace ---
  at Unity.Services.Lobbies.Internal.WrappedLobbyService.ResolveErrorWrapping (Unity.Services.Lobbies.LobbyExceptionReason reason, System.Exception exception) [0x00000] in <00000000000000000000000000000000>:0 
  at Unity.Services.Lobbies.Internal.WrappedLobbyService.TryCatchRequest[TRequest] (System.String api, System.Func`3[T1,T2,TResult] func, TRequest request) [0x00000] in <00000000000000000000000000000000>:0 
  at System.Threading.ExecutionContext.RunInternal (System.Threading.ExecutionContext executionContext, System.Threading.ContextCallback callback, System.Object state, System.Boolean preserveSyncCtx) [0x00000] in <00000000000000000000000000000000>:0 
  at System.Runtime.CompilerServices.AsyncMethodBuilderCore+MoveNextRunner.Run () [0x00000] in <00000000000000000000000000000000>:0 
  at System.Threading.Tasks.AwaitTaskContinuation.RunCallback (System.Threading.ContextCallback callback, System.Object state, System.Threading.Tasks.Task& currentTask) [0x00000] in <00000000000000000000000000000000>:0 
  at System.Threading.Tasks.SynchronizationContextAwaitTaskContinuation.Run (System.Threading.Tasks.Task ignored, System.Boolean canInlineContinuationTask) [0x00000] in <00000000000000000000000000000000>:0 
  at System.Threading.Tasks.Task.FinishContinuations () [0x00000] in <00000000000000000000000000000000>:0 
  at System.Threading.Tasks.Task.Finish (System.Boolean bUserDelegateExecuted) [0x00000] in <00000000000000000000000000000000>:0 
  at System.Threading.Tasks.Task.TrySetException (System.Object exceptionObject) [0x00000] in <00000000000000000000000000000000>:0 
  at System.Runtime.CompilerServices.AsyncTaskMethodBuilder`1[TResult].SetException (System.Exception exception) [0x00000] in <00000000000000000000000000000000>:0 
  at Unity.Services.Lobbies.Apis.Lobby.LobbyApiClient.RemovePlayerAsync (Unity.Services.Lobbies.Lobby.RemovePlayerRequest request, Unity.Services.Lobbies.Configuration operationConfiguration) [0x00000] in <00000000000000000000000000000000>:0 
  at System.Threading.ExecutionContext.RunInternal (System.Threading.ExecutionContext executionContext, System.Threading.ContextCallback callback, System.Object state, System.Boolean preserveSyncCtx) [0x00000] in <00000000000000000000000000000000>:0 
  at System.Runtime.CompilerServices.AsyncMethodBuilderCore+MoveNextRunner.Run () [0x00000] in <00000000000000000000000000000000>:0 
  at System.Threading.Tasks.AwaitTaskContinuation.RunCallback (System.Threading.ContextCallback callback, System.Object state, System.Threading.Tasks.Task& currentTask) [0x00000] in <00000000000000000000000000000000>:0 
  at System.Threading.Tasks.SynchronizationContextAwaitTaskContinuation.Run (System.Threading.Tasks.Task ignored, System.Boolean canInlineContinuationTask) [0x00000] in <00000000000000000000000000000000>:0 
  at System.Threading.Tasks.Task.FinishContinuations () [0x00000] in <00000000000000000000000000000000>:0 
  at System.Threading.Tasks.Task`1[TResult].TrySetResult (TResult result) [0x00000] in <00000000000000000000000000000000>:0 
  at System.Runtime.CompilerServices.AsyncTaskMethodBuilder`1[TResult].SetResult (TResult result) [0x00000] in <00000000000000000000000000000000>:0 
  at Unity.Services.Lobbies.Http.HttpClient.MakeRequestAsync (System.String method, System.String url, System.Byte[] body, System.Collections.Generic.Dictionary`2[TKey,TValue] headers, System.Int32 requestTimeout) [0x00000] in <00000000000000000000000000000000>:0 
  at System.Threading.ExecutionContext.RunInternal (System.Threading.ExecutionContext executionContext, System.Threading.ContextCallback callback, System.Object state, System.Boolean preserveSyncCtx) [0x00000] in <00000000000000000000000000000000>:0 
  at System.Runtime.CompilerServices.AsyncMethodBuilderCore+MoveNextRunner.Run () [0x00000] in <00000000000000000000000000000000>:0 
  at System.Threading.Tasks.AwaitTaskContinuation.RunCallback (System.Threading.ContextCallback callback, System.Object state, System.Threading.Tasks.Task& currentTask) [0x00000] in <00000000000000000000000000000000>:0 
  at System.Threading.Tasks.SynchronizationContextAwaitTaskContinuation.Run (System.Threading.Tasks.Task ignored, System.Boolean canInlineContinuationTask) [0x00000] in <00000000000000000000000000000000>:0 
  at System.Threading.Tasks.Task.FinishContinuations () [0x00000] in <00000000000000000000000000000000>:0 
  at System.Threading.Tasks.Task`1[TResult].TrySetResult (TResult result) [0x00000] in <00000000000000000000000000000000>:0 
  at System.Runtime.CompilerServices.AsyncTaskMethodBuilder`1[TResult].SetResult (TResult result) [0x00000] in <00000000000000000000000000000000>:0 
  at Unity.Services.Lobbies.Http.HttpClient.CreateWebRequestAsync (System.String method, System.String url, System.Byte[] body, System.Collections.Generic.IDictionary`2[TKey,TValue] headers, System.Int32 requestTimeout) [0x00000] in <00000000000000000000000000000000>:0 
  at System.Threading.ExecutionContext.RunInternal (System.Threading.ExecutionContext executionContext, System.Threading.ContextCallback callback, System.Object state, System.Boolean preserveSyncCtx) [0x00000] in <00000000000000000000000000000000>:0 
  at System.Runtime.CompilerServices.AsyncMethodBuilderCore+MoveNextRunner.Run () [0x00000] in <00000000000000000000000000000000>:0 
  at System.Threading.Tasks.AwaitTaskContinuation.RunCallback (System.Threading.ContextCallback callback, System.Object state, System.Threading.Tasks.Task& currentTask) [0x00000] in <00000000000000000000000000000000>:0 
  at System.Threading.Tasks.SynchronizationContextAwaitTaskContinuation.Run (System.Threading.Tasks.Task ignored, System.Boolean canInlineContinuationTask) [0x00000] in <00000000000000000000000000000000>:0 
  at System.Threading.Tasks.Task.FinishContinuations () [0x00000] in <00000000000000000000000000000000>:0 
  at System.Threading.Tasks.Task`1[TResult].TrySetResult (TResult result) [0x00000] in <00000000000000000000000000000000>:0 
  at System.Runtime.CompilerServices.AsyncTaskMethodBuilder`1[TResult].SetResult (TResult result) [0x00000] in <00000000000000000000000000000000>:0 
  at Unity.Services.Lobbies.Http.HttpClient.CreateHttpClientResponse (System.String method, System.String url, System.Byte[] body, System.Collections.Generic.IDictionary`2[TKey,TValue] headers, System.Int32 requestTimeout) [0x00000] in <00000000000000000000000000000000>:0 
  at System.Threading.ExecutionContext.RunInternal (System.Threading.ExecutionContext executionContext, System.Threading.ContextCallback callback, System.Object state, System.Boolean preserveSyncCtx) [0x00000] in <00000000000000000000000000000000>:0 
  at System.Runtime.CompilerServices.AsyncMethodBuilderCore+MoveNextRunner.Run () [0x00000] in <00000000000000000000000000000000>:0 
  at System.Threading.Tasks.AwaitTaskContinuation.RunCallback (System.Threading.ContextCallback callback, System.Object state, System.Threading.Tasks.Task& currentTask) [0x00000] in <00000000000000000000000000000000>:0 
  at System.Threading.Tasks.SynchronizationContextAwaitTaskContinuation.Run (System.Threading.Tasks.Task ignored, System.Boolean canInlineContinuationTask) [0x00000] in <00000000000000000000000000000000>:0 
  at System.Threading.Tasks.Task.FinishContinuations () [0x00000] in <00000000000000000000000000000000>:0 
  at System.Threading.Tasks.Task`1[TResult].TrySetResult (TResult result) [0x00000] in <00000000000000000000000000000000>:0 
  at System.Runtime.CompilerServices.AsyncTaskMethodBuilder`1[TResult].SetResult (TResult result) [0x00000] in <00000000000000000000000000000000>:0 
  at Unity.Services.Lobbies.Http.HttpClient+<>c__DisplayClass4_0.<CreateHttpClientResponse>b__0 () [0x00000] in <00000000000000000000000000000000>:0 
  at System.Threading.ExecutionContext.RunInternal (System.Threading.ExecutionContext executionContext, System.Threading.ContextCallback callback, System.Object state, System.Boolean preserveSyncCtx) [0x00000] in <00000000000000000000000000000000>:0 
  at System.Runtime.CompilerServices.AsyncMethodBuilderCore+MoveNextRunner.Run () [0x00000] in <00000000000000000000000000000000>:0 
  at System.Threading.Tasks.AwaitTaskContinuation.RunCallback (System.Threading.ContextCallback callback, System.Object state, System.Threading.Tasks.Task& currentTask) [0x00000] in <00000000000000000000000000000000>:0 
  at System.Threading.Tasks.SynchronizationContextAwaitTaskContinuation.Run (System.Threading.Tasks.Task ignored, System.Boolean canInlineContinuationTask) [0x00000] in <00000000000000000000000000000000>:0 
  at System.Threading.Tasks.Task.FinishContinuations () [0x00000] in <00000000000000000000000000000000>:0 
  at System.Threading.Tasks.Task`1[TResult].TrySetResult (TResult result) [0x00000] in <00000000000000000000000000000000>:0 
  at System.Threading.Tasks.TaskCompletionSource`1[TResult].SetResult (TResult result) [0x00000] in <00000000000000000000000000000000>:0 
  at UnityEngine.AsyncOperation.InvokeCompletionEvent () [0x00000] in <00000000000000000000000000000000>:0 
--- End of stack trace from previous location where exception was thrown ---

  at Unity.Services.Lobbies.Internal.WrappedLobbyService.RemovePlayerAsync (System.String lobbyId, System.String playerId) [0x00000] in <00000000000000000000000000000000>:0 
  at System.Threading.ExecutionContext.RunInternal (System.Threading.ExecutionContext executionContext, System.Threading.ContextCallback callback, System.Object state, System.Boolean preserveSyncCtx) [0x00000] in <00000000000000000000000000000000>:0 
  at System.Runtime.CompilerServices.AsyncMethodBuilderCore+MoveNextRunner.Run () [0x00000] in <00000000000000000000000000000000>:0 
  at System.Threading.Tasks.AwaitTaskContinuation.RunCallback (System.Threading.ContextCallback callback, System.Object state, System.Threading.Tasks.Task& currentTask) [0x00000] in <00000000000000000000000000000000>:0 
  at System.Threading.Tasks.SynchronizationContextAwaitTaskContinuation.Run (System.Threading.Tasks.Task ignored, System.Boolean canInlineContinuationTask) [0x00000] in <00000000000000000000000000000000>:0 
  at System.Threading.Tasks.Task.FinishContinuations () [0x00000] in <00000000000000000000000000000000>:0 
  at System.Threading.Tasks.Task.Finish (System.Boolean bUserDelegateExecuted) [0x00000] in <00000000000000000000000000000000>:0 
  at System.Threading.Tasks.Task.TrySetException (System.Object exceptionObject) [0x00000] in <00000000000000000000000000000000>:0 
  at System.Runtime.CompilerServices.AsyncTaskMethodBuilder`1[TResult].SetException (System.Exception exception) [0x00000] in <00000000000000000000000000000000>:0 
  at Unity.Services.Lobbies.Internal.WrappedLobbyService.TryCatchRequest[TRequest] (System.String api, System.Func`3[T1,T2,TResult] func, TRequest request) [0x00000] in <00000000000000000000000000000000>:0 
  at System.Threading.ExecutionContext.RunInternal (System.Threading.ExecutionContext executionContext, System.Threading.ContextCallback callback, System.Object state, System.Boolean preserveSyncCtx) [0x00000] in <00000000000000000000000000000000>:0 
  at System.Runtime.CompilerServices.AsyncMethodBuilderCore+MoveNextRunner.Run () [0x00000] in <00000000000000000000000000000000>:0 
  at System.Threading.Tasks.AwaitTaskContinuation.RunCallback (System.Threading.ContextCallback callback, System.Object state, System.Threading.Tasks.Task& currentTask) [0x00000] in <00000000000000000000000000000000>:0 
  at System.Threading.Tasks.SynchronizationContextAwaitTaskContinuation.Run (System.Threading.Tasks.Task ignored, System.Boolean canInlineContinuationTask) [0x00000] in <00000000000000000000000000000000>:0 
  at System.Threading.Tasks.Task.FinishContinuations () [0x00000] in <00000000000000000000000000000000>:0 
  at System.Threading.Tasks.Task.Finish (System.Boolean bUserDelegateExecuted) [0x00000] in <00000000000000000000000000000000>:0 
  at System.Threading.Tasks.Task.TrySetException (System.Object exceptionObject) [0x00000] in <00000000000000000000000000000000>:0 
  at System.Runtime.CompilerServices.AsyncTaskMethodBuilder`1[TResult].SetException (System.Exception exception) [0x00000] in <00000000000000000000000000000000>:0 
  at Unity.Services.Lobbies.Apis.Lobby.LobbyApiClient.RemovePlayerAsync (Unity.Services.Lobbies.Lobby.RemovePlayerRequest request, Unity.Services.Lobbies.Configuration operationConfiguration) [0x00000] in <00000000000000000000000000000000>:0 
  at System.Threading.ExecutionContext.RunInternal (System.Threading.ExecutionContext executionContext, System.Threading.ContextCallback callback, System.Object state, System.Boolean preserveSyncCtx) [0x00000] in <00000000000000000000000000000000>:0 
  at System.Runtime.CompilerServices.AsyncMethodBuilderCore+MoveNextRunner.Run () [0x00000] in <00000000000000000000000000000000>:0 
  at System.Threading.Tasks.AwaitTaskContinuation.RunCallback (System.Threading.ContextCallback callback, System.Object state, System.Threading.Tasks.Task& currentTask) [0x00000] in <00000000000000000000000000000000>:0 
  at System.Threading.Tasks.SynchronizationContextAwaitTaskContinuation.Run (System.Threading.Tasks.Task ignored, System.Boolean canInlineContinuationTask) [0x00000] in <00000000000000000000000000000000>:0 
  at System.Threading.Tasks.Task.FinishContinuations () [0x00000] in <00000000000000000000000000000000>:0 
  at System.Threading.Tasks.Task`1[TResult].TrySetResult (TResult result) [0x00000] in <00000000000000000000000000000000>:0 
  at System.Runtime.CompilerServices.AsyncTaskMethodBuilder`1[TResult].SetResult (TResult result) [0x00000] in <00000000000000000000000000000000>:0 
  at Unity.Services.Lobbies.Http.HttpClient.MakeRequestAsync (System.String method, System.String url, System.Byte[] body, System.Collections.Generic.Dictionary`2[TKey,TValue] headers, System.Int32 requestTimeout) [0x00000] in <00000000000000000000000000000000>:0 
  at System.Threading.ExecutionContext.RunInternal (System.Threading.ExecutionContext executionContext, System.Threading.ContextCallback callback, System.Object state, System.Boolean preserveSyncCtx) [0x00000] in <00000000000000000000000000000000>:0 
  at System.Runtime.CompilerServices.AsyncMethodBuilderCore+MoveNextRunner.Run () [0x00000] in <00000000000000000000000000000000>:0 
  at System.Threading.Tasks.AwaitTaskContinuation.RunCallback (System.Threading.ContextCallback callback, System.Object state, System.Threading.Tasks.Task& currentTask) [0x00000] in <00000000000000000000000000000000>:0 
  at System.Threading.Tasks.SynchronizationContextAwaitTaskContinuation.Run (System.Threading.Tasks.Task ignored, System.Boolean canInlineContinuationTask) [0x00000] in <00000000000000000000000000000000>:0 
  at System.Threading.Tasks.Task.FinishContinuations () [0x00000] in <00000000000000000000000000000000>:0 
  at System.Threading.Tasks.Task`1[TResult].TrySetResult (TResult result) [0x00000] in <00000000000000000000000000000000>:0 
  at System.Runtime.CompilerServices.AsyncTaskMethodBuilder`1[TResult].SetResult (TResult result) [0x00000] in <00000000000000000000000000000000>:0 
  at Unity.Services.Lobbies.Http.HttpClient.CreateWebRequestAsync (System.String method, System.String url, System.Byte[] body, System.Collections.Generic.IDictionary`2[TKey,TValue] headers, System.Int32 requestTimeout) [0x00000] in <00000000000000000000000000000000>:0 
  at System.Threading.ExecutionContext.RunInternal (System.Threading.ExecutionContext executionContext, System.Threading.ContextCallback callback, System.Object state, System.Boolean preserveSyncCtx) [0x00000] in <00000000000000000000000000000000>:0 
  at System.Runtime.CompilerServices.AsyncMethodBuilderCore+MoveNextRunner.Run () [0x00000] in <00000000000000000000000000000000>:0 
  at System.Threading.Tasks.AwaitTaskContinuation.RunCallback (System.Threading.ContextCallback callback, System.Object state, System.Threading.Tasks.Task& currentTask) [0x00000] in <00000000000000000000000000000000>:0 
  at System.Threading.Tasks.SynchronizationContextAwaitTaskContinuation.Run (System.Threading.Tasks.Task ignored, System.Boolean canInlineContinuationTask) [0x00000] in <00000000000000000000000000000000>:0 
  at System.Threading.Tasks.Task.FinishContinuations () [0x00000] in <00000000000000000000000000000000>:0 
  at System.Threading.Tasks.Task`1[TResult].TrySetResult (TResult result) [0x00000] in <00000000000000000000000000000000>:0 
  at System.Runtime.CompilerServices.AsyncTaskMethodBuilder`1[TResult].SetResult (TResult result) [0x00000] in <00000000000000000000000000000000>:0 
  at Unity.Services.Lobbies.Http.HttpClient.CreateHttpClientResponse (System.String method, System.String url, System.Byte[] body, System.Collections.Generic.IDictionary`2[TKey,TValue] headers, System.Int32 requestTimeout) [0x00000] in <00000000000000000000000000000000>:0 
  at System.Threading.ExecutionContext.RunInternal (System.Threading.ExecutionContext executionContext, System.Threading.ContextCallback callback, System.Object state, System.Boolean preserveSyncCtx) [0x00000] in <00000000000000000000000000000000>:0 
  at System.Runtime.CompilerServices.AsyncMethodBuilderCore+MoveNextRunner.Run () [0x00000] in <00000000000000000000000000000000>:0 
  at System.Threading.Tasks.AwaitTaskContinuation.RunCallback (System.Threading.ContextCallback callback, System.Object state, System.Threading.Tasks.Task& currentTask) [0x00000] in <00000000000000000000000000000000>:0 
  at System.Threading.Tasks.SynchronizationContextAwaitTaskContinuation.Run (System.Threading.Tasks.Task ignored, System.Boolean canInlineContinuationTask) [0x00000] in <00000000000000000000000000000000>:0 
  at System.Threading.Tasks.Task.FinishContinuations () [0x00000] in <00000000000000000000000000000000>:0 
  at System.Threading.Tasks.Task`1[TResult].TrySetResult (TResult result) [0x00000] in <00000000000000000000000000000000>:0 
  at System.Runtime.CompilerServices.AsyncTaskMethodBuilder`1[TResult].SetResult (TResult result) [0x00000] in <00000000000000000000000000000000>:0 
  at Unity.Services.Lobbies.Http.HttpClient+<>c__DisplayClass4_0.<CreateHttpClientResponse>b__0 () [0x00000] in <00000000000000000000000000000000>:0 
  at System.Threading.ExecutionContext.RunInternal (System.Threading.ExecutionContext executionContext, System.Threading.ContextCallback callback, System.Object state, System.Boolean preserveSyncCtx) [0x00000] in <00000000000000000000000000000000>:0 
  at System.Runtime.CompilerServices.AsyncMethodBuilderCore+MoveNextRunner.Run () [0x00000] in <00000000000000000000000000000000>:0 
  at System.Threading.Tasks.AwaitTaskContinuation.RunCallback (System.Threading.ContextCallback callback, System.Object state, System.Threading.Tasks.Task& currentTask) [0x00000] in <00000000000000000000000000000000>:0 
  at System.Threading.Tasks.SynchronizationContextAwaitTaskContinuation.Run (System.Threading.Tasks.Task ignored, System.Boolean canInlineContinuationTask) [0x00000] in <00000000000000000000000000000000>:0 
  at System.Threading.Tasks.Task.FinishContinuations () [0x00000] in <00000000000000000000000000000000>:0 
  at System.Threading.Tasks.Task`1[TResult].TrySetResult (TResult result) [0x00000] in <00000000000000000000000000000000>:0 
  at System.Threading.Tasks.TaskCompletionSource`1[TResult].SetResult (TResult result) [0x00000] in <00000000000000000000000000000000>:0 
  at UnityEngine.AsyncOperation.InvokeCompletionEvent () [0x00000] in <00000000000000000000000000000000>:0 
--- End of stack trace from previous location where exception was thrown ---

  at LobbyManager.LeaveLobby () [0x00000] in <00000000000000000000000000000000>:0 
  at System.Threading.ExecutionContext.RunInternal (System.Threading.ExecutionContext executionContext, System.Threading.ContextCallback callback, System.Object state, System.Boolean preserveSyncCtx) [0x00000] in <00000000000000000000000000000000>:0 
  at System.Runtime.CompilerServices.AsyncMethodBuilderCore+MoveNextRunner.Run () [0x00000] in <00000000000000000000000000000000>:0 
  at System.Threading.Tasks.AwaitTaskContinuation.RunCallback (System.Threading.ContextCallback callback, System.Object state, System.Threading.Tasks.Task& currentTask) [0x00000] in <00000000000000000000000000000000>:0 
  at System.Threading.Tasks.SynchronizationContextAwaitTaskContinuation.Run (System.Threading.Tasks.Task ignored, System.Boolean canInlineContinuationTask) [0x00000] in <00000000000000000000000000000000>:0 
  at System.Threading.Tasks.Task.FinishContinuations () [0x00000] in <00000000000000000000000000000000>:0 
  at System.Threading.Tasks.Task.Finish (System.Boolean bUserDelegateExecuted) [0x00000] in <00000000000000000000000000000000>:0 
  at System.Threading.Tasks.Task.TrySetException (System.Object exceptionObject) [0x00000] in <00000000000000000000000000000000>:0 
  at System.Runtime.CompilerServices.AsyncTaskMethodBuilder`1[TResult].SetException (System.Exception exception) [0x00000] in <00000000000000000000000000000000>:0 
  at Unity.Services.Lobbies.Internal.WrappedLobbyService.RemovePlayerAsync (System.String lobbyId, System.String playerId) [0x00000] in <00000000000000000000000000000000>:0 
  at System.Threading.ExecutionContext.RunInternal (System.Threading.ExecutionContext executionContext, System.Threading.ContextCallback callback, System.Object state, System.Boolean preserveSyncCtx) [0x00000] in <00000000000000000000000000000000>:0 
  at System.Runtime.CompilerServices.AsyncMethodBuilderCore+MoveNextRunner.Run () [0x00000] in <00000000000000000000000000000000>:0 
  at System.Threading.Tasks.AwaitTaskContinuation.RunCallback (System.Threading.ContextCallback callback, System.Object state, System.Threading.Tasks.Task& currentTask) [0x00000] in <00000000000000000000000000000000>:0 
  at System.Threading.Tasks.SynchronizationContextAwaitTaskContinuation.Run (System.Threading.Tasks.Task ignored, System.Boolean canInlineContinuationTask) [0x00000] in <00000000000000000000000000000000>:0 
  at System.Threading.Tasks.Task.FinishContinuations () [0x00000] in <00000000000000000000000000000000>:0 
  at System.Threading.Tasks.Task.Finish (System.Boolean bUserDelegateExecuted) [0x00000] in <00000000000000000000000000000000>:0 
  at System.Threading.Tasks.Task.TrySetException (System.Object exceptionObject) [0x00000] in <00000000000000000000000000000000>:0 
  at System.Runtime.CompilerServices.AsyncTaskMethodBuilder`1[TResult].SetException (System.Exception exception) [0x00000] in <00000000000000000000000000000000>:0 
  at Unity.Services.Lobbies.Internal.WrappedLobbyService.TryCatchRequest[TRequest] (System.String api, System.Func`3[T1,T2,TResult] func, TRequest request) [0x00000] in <00000000000000000000000000000000>:0 
  at System.Threading.ExecutionContext.RunInternal (System.Threading.ExecutionContext executionContext, System.Threading.ContextCallback callback, System.Object state, System.Boolean preserveSyncCtx) [0x00000] in <00000000000000000000000000000000>:0 
  at System.Runtime.CompilerServices.AsyncMethodBuilderCore+MoveNextRunner.Run () [0x00000] in <00000000000000000000000000000000>:0 
  at System.Threading.Tasks.AwaitTaskContinuation.RunCallback (System.Threading.ContextCallback callback, System.Object state, System.Threading.Tasks.Task& currentTask) [0x00000] in <00000000000000000000000000000000>:0 
  at System.Threading.Tasks.SynchronizationContextAwaitTaskContinuation.Run (System.Threading.Tasks.Task ignored, System.Boolean canInlineContinuationTask) [0x00000] in <00000000000000000000000000000000>:0 
  at System.Threading.Tasks.Task.FinishContinuations () [0x00000] in <00000000000000000000000000000000>:0 
  at System.Threading.Tasks.Task.Finish (System.Boolean bUserDelegateExecuted) [0x00000] in <00000000000000000000000000000000>:0 
  at System.Threading.Tasks.Task.TrySetException (System.Object exceptionObject) [0x00000] in <00000000000000000000000000000000>:0 
  at System.Runtime.CompilerServices.AsyncTaskMethodBuilder`1[TResult].SetException (System.Exception exception) [0x00000] in <00000000000000000000000000000000>:0 
  at Unity.Services.Lobbies.Apis.Lobby.LobbyApiClient.RemovePlayerAsync (Unity.Services.Lobbies.Lobby.RemovePlayerRequest request, Unity.Services.Lobbies.Configuration operationConfiguration) [0x00000] in <00000000000000000000000000000000>:0 
  at System.Threading.ExecutionContext.RunInternal (System.Threading.ExecutionContext executionContext, System.Threading.ContextCallback callback, System.Object state, System.Boolean preserveSyncCtx) [0x00000] in <00000000000000000000000000000000>:0 
  at System.Runtime.CompilerServices.AsyncMethodBuilderCore+MoveNextRunner.Run () [0x00000] in <00000000000000000000000000000000>:0 
  at System.Threading.Tasks.AwaitTaskContinuation.RunCallback (System.Threading.ContextCallback callback, System.Object state, System.Threading.Tasks.Task& currentTask) [0x00000] in <00000000000000000000000000000000>:0 
  at System.Threading.Tasks.SynchronizationContextAwaitTaskContinuation.Run (System.Threading.Tasks.Task ignored, System.Boolean canInlineContinuationTask) [0x00000] in <00000000000000000000000000000000>:0 
  at System.Threading.Tasks.Task.FinishContinuations () [0x00000] in <00000000000000000000000000000000>:0 
  at System.Threading.Tasks.Task`1[TResult].TrySetResult (TResult result) [0x00000] in <00000000000000000000000000000000>:0 
  at System.Runtime.CompilerServices.AsyncTaskMethodBuilder`1[TResult].SetResult (TResult result) [0x00000] in <00000000000000000000000000000000>:0 
  at Unity.Services.Lobbies.Http.HttpClient.MakeRequestAsync (System.String method, System.String url, System.Byte[] body, System.Collections.Generic.Dictionary`2[TKey,TValue] headers, System.Int32 requestTimeout) [0x00000] in <00000000000000000000000000000000>:0 
  at System.Threading.ExecutionContext.RunInternal (System.Threading.ExecutionContext executionContext, System.Threading.ContextCallback callback, System.Object state, System.Boolean preserveSyncCtx) [0x00000] in <00000000000000000000000000000000>:0 
  at System.Runtime.CompilerServices.AsyncMethodBuilderCore+MoveNextRunner.Run () [0x00000] in <00000000000000000000000000000000>:0 
  at System.Threading.Tasks.AwaitTaskContinuation.RunCallback (System.Threading.ContextCallback callback, System.Object state, System.Threading.Tasks.Task& currentTask) [0x00000] in <00000000000000000000000000000000>:0 
  at System.Threading.Tasks.SynchronizationContextAwaitTaskContinuation.Run (System.Threading.Tasks.Task ignored, System.Boolean canInlineContinuationTask) [0x00000] in <00000000000000000000000000000000>:0 
  at System.Threading.Tasks.Task.FinishContinuations () [0x00000] in <00000000000000000000000000000000>:0 
  at System.Threading.Tasks.Task`1[TResult].TrySetResult (TResult result) [0x00000] in <00000000000000000000000000000000>:0 
  at System.Runtime.CompilerServices.AsyncTaskMethodBuilder`1[TResult].SetResult (TResult result) [0x00000] in <00000000000000000000000000000000>:0 
  at Unity.Services.Lobbies.Http.HttpClient.CreateWebRequestAsync (System.String method, System.String url, System.Byte[] body, System.Collections.Generic.IDictionary`2[TKey,TValue] headers, System.Int32 requestTimeout) [0x00000] in <00000000000000000000000000000000>:0 
  at System.Threading.ExecutionContext.RunInternal (System.Threading.ExecutionContext executionContext, System.Threading.ContextCallback callback, System.Object state, System.Boolean preserveSyncCtx) [0x00000] in <00000000000000000000000000000000>:0 
  at System.Runtime.CompilerServices.AsyncMethodBuilderCore+MoveNextRunner.Run () [0x00000] in <00000000000000000000000000000000>:0 
  at System.Threading.Tasks.AwaitTaskContinuation.RunCallback (System.Threading.ContextCallback callback, System.Object state, System.Threading.Tasks.Task& currentTask) [0x00000] in <00000000000000000000000000000000>:0 
  at System.Threading.Tasks.SynchronizationContextAwaitTaskContinuation.Run (System.Threading.Tasks.Task ignored, System.Boolean canInlineContinuationTask) [0x00000] in <00000000000000000000000000000000>:0 
  at System.Threading.Tasks.Task.FinishContinuations () [0x00000] in <00000000000000000000000000000000>:0 
  at System.Threading.Tasks.Task`1[TResult].TrySetResult (TResult result) [0x00000] in <00000000000000000000000000000000>:0 
  at System.Runtime.CompilerServices.AsyncTaskMethodBuilder`1[TResult].SetResult (TResult result) [0x00000] in <00000000000000000000000000000000>:0 
  at Unity.Services.Lobbies.Http.HttpClient.CreateHttpClientResponse (System.String method, System.String url, System.Byte[] body, System.Collections.Generic.IDictionary`2[TKey,TValue] headers, System.Int32 requestTimeout) [0x00000] in <00000000000000000000000000000000>:0 
  at System.Threading.ExecutionContext.RunInternal (System.Threading.ExecutionContext executionContext, System.Threading.ContextCallback callback, System.Object state, System.Boolean preserveSyncCtx) [0x00000] in <00000000000000000000000000000000>:0 
  at System.Runtime.CompilerServices.AsyncMethodBuilderCore+MoveNextRunner.Run () [0x00000] in <00000000000000000000000000000000>:0 
  at System.Threading.Tasks.AwaitTaskContinuation.RunCallback (System.Threading.ContextCallback callback, System.Object state, System.Threading.Tasks.Task& currentTask) [0x00000] in <00000000000000000000000000000000>:0 
  at System.Threading.Tasks.SynchronizationContextAwaitTaskContinuation.Run (System.Threading.Tasks.Task ignored, System.Boolean canInlineContinuationTask) [0x00000] in <00000000000000000000000000000000>:0 
  at System.Threading.Tasks.Task.FinishContinuations () [0x00000] in <00000000000000000000000000000000>:0 
  at System.Threading.Tasks.Task`1[TResult].TrySetResult (TResult result) [0x00000] in <00000000000000000000000000000000>:0 
  at System.Runtime.CompilerServices.AsyncTaskMethodBuilder`1[TResult].SetResult (TResult result) [0x00000] in <00000000000000000000000000000000>:0 
  at Unity.Services.Lobbies.Http.HttpClient+<>c__DisplayClass4_0.<CreateHttpClientResponse>b__0 () [0x00000] in <00000000000000000000000000000000>:0 
  at System.Threading.ExecutionContext.RunInternal (System.Threading.ExecutionContext executionContext, System.Threading.ContextCallback callback, System.Object state, System.Boolean preserveSyncCtx) [0x00000] in <00000000000000000000000000000000>:0 
  at System.Runtime.CompilerServices.AsyncMethodBuilderCore+MoveNextRunner.Run () [0x00000] in <00000000000000000000000000000000>:0 
  at System.Threading.Tasks.AwaitTaskContinuation.RunCallback (System.Threading.ContextCallback callback, System.Object state, System.Threading.Tasks.Task& currentTask) [0x00000] in <00000000000000000000000000000000>:0 
  at System.Threading.Tasks.SynchronizationContextAwaitTaskContinuation.Run (System.Threading.Tasks.Task ignored, System.Boolean canInlineContinuationTask) [0x00000] in <00000000000000000000000000000000>:0 
  at System.Threading.Tasks.Task.FinishContinuations () [0x00000] in <00000000000000000000000000000000>:0 
  at System.Threading.Tasks.Task`1[TResult].TrySetResult (TResult result) [0x00000] in <00000000000000000000000000000000>:0 
  at System.Threading.Tasks.TaskCompletionSource`1[TResult].SetResult (TResult result) [0x00000] in <00000000000000000000000000000000>:0 
  at UnityEngine.AsyncOperation.InvokeCompletionEvent () [0x00000] in <00000000000000000000000000000000>:0 
UnityEngine.DebugLogHandler:Internal_Log(LogType, LogOption, String, Object)
UnityEngine.Logger:Log(LogType, Object)
UnityEngine.Debug:Log(Object)
<LeaveLobby>d__27:MoveNext()
System.Threading.ExecutionContext:RunInternal(ExecutionContext, ContextCallback, Object, Boolean)
System.Runtime.CompilerServices.MoveNextRunner:Run()
System.Threading.Tasks.AwaitTaskContinuation:RunCallback(ContextCallback, Object, Task&)
System.Threading.Tasks.SynchronizationContextAwaitTaskContinuation:Run(Task, Boolean)
System.Threading.Tasks.Task:FinishContinuations()
System.Threading.Tasks.Task:Finish(Boolean)
System.Threading.Tasks.Task:TrySetException(Object)
System.Runtime.CompilerServices.AsyncTaskMethodBuilder`1:SetException(Exception)
Unity.Services.Lobbies.Internal.<RemovePlayerAsync>d__20:MoveNext()
System.Threading.ExecutionContext:RunInternal(ExecutionContext, ContextCallback, Object, Boolean)
System.Runtime.CompilerServices.MoveNextRunner:Run()
System.Threading.Tasks.AwaitTaskContinuation:RunCallback(ContextCallback, Object, Task&)
System.Threading.Tasks.SynchronizationContextAwaitTaskContinuation:Run(Task, Boolean)
System.Threading.Tasks.Task:FinishContinuations()
System.Threading.Tasks.Task:Finish(Boolean)
System.Threading.Tasks.Task:TrySetException(Object)
System.Runtime.CompilerServices.AsyncTaskMethodBuilder`1:SetException(Exception)
Unity.Services.Lobbies.Internal.<TryCatchRequest>d__27`1:MoveNext()
System.Threading.ExecutionContext:RunInternal(ExecutionContext, ContextCallback, Object, Boolean)
System.Runtime.CompilerServices.MoveNextRunner:Run()
System.Threading.Tasks.AwaitTaskContinuation:RunCallback(ContextCallback, Object, Task&)
System.Threading.Tasks.SynchronizationContextAwaitTaskContinuation:Run(Task, Boolean)
System.Threading.Tasks.Task:FinishContinuations()
System.Threading.Tasks.Task:Finish(Boolean)
System.Threading.Tasks.Task:TrySetException(Object)
System.Runtime.CompilerServices.AsyncTaskMethodBuilder`1:SetException(Exception)
Unity.Services.Lobbies.Apis.Lobby.<RemovePlayerAsync>d__20:MoveNext()
System.Threading.ExecutionContext:RunInternal(ExecutionContext, ContextCallback, Object, Boolean)
System.Runtime.CompilerServices.MoveNextRunner:Run()
System.Threading.Tasks.AwaitTaskContinuation:RunCallback(ContextCallback, Object, Task&)
System.Threading.Tasks.SynchronizationContextAwaitTaskContinuation:Run(Task, Boolean)
System.Threading.Tasks.Task:FinishContinuations()
System.Threading.Tasks.Task`1:TrySetResult(TResult)
System.Runtime.CompilerServices.AsyncTaskMethodBuilder`1:SetResult(TResult)
Unity.Services.Lobbies.Http.<MakeRequestAsync>d__1:MoveNext()
System.Threading.ExecutionContext:RunInternal(ExecutionContext, ContextCallback, Object, Boolean)
System.Runtime.CompilerServices.MoveNextRunner:Run()
System.Threading.Tasks.AwaitTaskContinuation:RunCallback(ContextCallback, Object, Task&)
System.Threading.Tasks.SynchronizationContextAwaitTaskContinuation:Run(Task, Boolean)
System.Threading.Tasks.Task:FinishContinuations()
System.Threading.Tasks.Task`1:TrySetResult(TResult)
System.Runtime.CompilerServices.AsyncTaskMethodBuilder`1:SetResult(TResult)
Unity.Services.Lobbies.Http.<CreateWebRequestAsync>d__3:MoveNext()
System.Threading.ExecutionContext:RunInternal(ExecutionContext, ContextCallback, Object, Boolean)
System.Runtime.CompilerServices.MoveNextRunner:Run()
System.Threading.Tasks.AwaitTaskContinuation:RunCallback(ContextCallback, Object, Task&)
System.Threading.Tasks.SynchronizationContextAwaitTaskContinuation:Run(Task, Boolean)
System.Threading.Tasks.Task:FinishContinuations()
System.Threading.Tasks.Task`1:TrySetResult(TResult)
System.Runtime.CompilerServices.AsyncTaskMethodBuilder`1:SetResult(TResult)
Unity.Services.Lobbies.Http.<CreateHttpClientResponse>d__4:MoveNext()
System.Threading.ExecutionContext:RunInternal(ExecutionContext, ContextCallback, Object, Boolean)
System.Runtime.CompilerServices.MoveNextRunner:Run()
System.Threading.Tasks.AwaitTaskContinuation:RunCallback(ContextCallback, Object, Task&)
System.Threading.Tasks.SynchronizationContextAwaitTaskContinuation:Run(Task, Boolean)
System.Threading.Tasks.Task:FinishContinuations()
System.Threading.Tasks.Task`1:TrySetResult(TResult)
System.Runtime.CompilerServices.AsyncTaskMethodBuilder`1:SetResult(TResult)
Unity.Services.Lobbies.Http.<<CreateHttpClientResponse>b__0>d:MoveNext()
System.Threading.ExecutionContext:RunInternal(ExecutionContext, ContextCallback, Object, Boolean)
System.Runtime.CompilerServices.MoveNextRunner:Run()
System.Threading.Tasks.AwaitTaskContinuation:RunCallback(ContextCallback, Object, Task&)
System.Threading.Tasks.SynchronizationContextAwaitTaskContinuation:Run(Task, Boolean)
System.Threading.Tasks.Task:FinishContinuations()
System.Threading.Tasks.Task`1:TrySetResult(TResult)
System.Threading.Tasks.TaskCompletionSource`1:SetResult(TResult)
UnityEngine.AsyncOperation:InvokeCompletionEvent()

removed lobby
UnityEngine.DebugLogHandler:Internal_Log(LogType, LogOption, String, Object)
UnityEngine.Logger:Log(LogType, Object)
UnityEngine.Debug:Log(Object)
<LeaveLobby>d__27:MoveNext()
System.Threading.ExecutionContext:RunInternal(ExecutionContext, ContextCallback, Object, Boolean)
System.Runtime.CompilerServices.MoveNextRunner:Run()
System.Threading.Tasks.AwaitTaskContinuation:RunCallback(ContextCallback, Object, Task&)
System.Threading.Tasks.SynchronizationContextAwaitTaskContinuation:Run(Task, Boolean)
System.Threading.Tasks.Task:FinishContinuations()
System.Threading.Tasks.Task:Finish(Boolean)
System.Threading.Tasks.Task:TrySetException(Object)
System.Runtime.CompilerServices.AsyncTaskMethodBuilder`1:SetException(Exception)
Unity.Services.Lobbies.Internal.<RemovePlayerAsync>d__20:MoveNext()
System.Threading.ExecutionContext:RunInternal(ExecutionContext, ContextCallback, Object, Boolean)
System.Runtime.CompilerServices.MoveNextRunner:Run()
System.Threading.Tasks.AwaitTaskContinuation:RunCallback(ContextCallback, Object, Task&)
System.Threading.Tasks.SynchronizationContextAwaitTaskContinuation:Run(Task, Boolean)
System.Threading.Tasks.Task:FinishContinuations()
System.Threading.Tasks.Task:Finish(Boolean)
System.Threading.Tasks.Task:TrySetException(Object)
System.Runtime.CompilerServices.AsyncTaskMethodBuilder`1:SetException(Exception)
Unity.Services.Lobbies.Internal.<TryCatchRequest>d__27`1:MoveNext()
System.Threading.ExecutionContext:RunInternal(ExecutionContext, ContextCallback, Object, Boolean)
System.Runtime.CompilerServices.MoveNextRunner:Run()
System.Threading.Tasks.AwaitTaskContinuation:RunCallback(ContextCallback, Object, Task&)
System.Threading.Tasks.SynchronizationContextAwaitTaskContinuation:Run(Task, Boolean)
System.Threading.Tasks.Task:FinishContinuations()
System.Threading.Tasks.Task:Finish(Boolean)
System.Threading.Tasks.Task:TrySetException(Object)
System.Runtime.CompilerServices.AsyncTaskMethodBuilder`1:SetException(Exception)
Unity.Services.Lobbies.Apis.Lobby.<RemovePlayerAsync>d__20:MoveNext()
System.Threading.ExecutionContext:RunInternal(ExecutionContext, ContextCallback, Object, Boolean)
System.Runtime.CompilerServices.MoveNextRunner:Run()
System.Threading.Tasks.AwaitTaskContinuation:RunCallback(ContextCallback, Object, Task&)
System.Threading.Tasks.SynchronizationContextAwaitTaskContinuation:Run(Task, Boolean)
System.Threading.Tasks.Task:FinishContinuations()
System.Threading.Tasks.Task`1:TrySetResult(TResult)
System.Runtime.CompilerServices.AsyncTaskMethodBuilder`1:SetResult(TResult)
Unity.Services.Lobbies.Http.<MakeRequestAsync>d__1:MoveNext()
System.Threading.ExecutionContext:RunInternal(ExecutionContext, ContextCallback, Object, Boolean)
System.Runtime.CompilerServices.MoveNextRunner:Run()
System.Threading.Tasks.AwaitTaskContinuation:RunCallback(ContextCallback, Object, Task&)
System.Threading.Tasks.SynchronizationContextAwaitTaskContinuation:Run(Task, Boolean)
System.Threading.Tasks.Task:FinishContinuations()
System.Threading.Tasks.Task`1:TrySetResult(TResult)
System.Runtime.CompilerServices.AsyncTaskMethodBuilder`1:SetResult(TResult)
Unity.Services.Lobbies.Http.<CreateWebRequestAsync>d__3:MoveNext()
System.Threading.ExecutionContext:RunInternal(ExecutionContext, ContextCallback, Object, Boolean)
System.Runtime.CompilerServices.MoveNextRunner:Run()
System.Threading.Tasks.AwaitTaskContinuation:RunCallback(ContextCallback, Object, Task&)
System.Threading.Tasks.SynchronizationContextAwaitTaskContinuation:Run(Task, Boolean)
System.Threading.Tasks.Task:FinishContinuations()
System.Threading.Tasks.Task`1:TrySetResult(TResult)
System.Runtime.CompilerServices.AsyncTaskMethodBuilder`1:SetResult(TResult)
Unity.Services.Lobbies.Http.<CreateHttpClientResponse>d__4:MoveNext()
System.Threading.ExecutionContext:RunInternal(ExecutionContext, ContextCallback, Object, Boolean)
System.Runtime.CompilerServices.MoveNextRunner:Run()
System.Threading.Tasks.AwaitTaskContinuation:RunCallback(ContextCallback, Object, Task&)
System.Threading.Tasks.SynchronizationContextAwaitTaskContinuation:Run(Task, Boolean)
System.Threading.Tasks.Task:FinishContinuations()
System.Threading.Tasks.Task`1:TrySetResult(TResult)
System.Runtime.CompilerServices.AsyncTaskMethodBuilder`1:SetResult(TResult)
Unity.Services.Lobbies.Http.<<CreateHttpClientResponse>b__0>d:MoveNext()
System.Threading.ExecutionContext:RunInternal(ExecutionContext, ContextCallback, Object, Boolean)
System.Runtime.CompilerServices.MoveNextRunner:Run()
System.Threading.Tasks.AwaitTaskContinuation:RunCallback(ContextCallback, Object, Task&)
System.Threading.Tasks.SynchronizationContextAwaitTaskContinuation:Run(Task, Boolean)
System.Threading.Tasks.Task:FinishContinuations()
System.Threading.Tasks.Task`1:TrySetResult(TResult)
System.Threading.Tasks.TaskCompletionSource`1:SetResult(TResult)
UnityEngine.AsyncOperation:InvokeCompletionEvent()

Unity.Services.Lobbies.LobbyServiceException: player not found ---> Unity.Services.Lobbies.Http.HttpException`1[Unity.Services.Lobbies.Models.ErrorStatus]: (404) HTTP/1.1 404 Not Found
  at Unity.Services.Lobbies.Http.ResponseHandler.HandleAsyncResponse (Unity.Services.Lobbies.Http.HttpClientResponse response, System.Collections.Generic.Dictionary`2[TKey,TValue] statusCodeToTypeMap) [0x00000] in <00000000000000000000000000000000>:0 
  at Unity.Services.Lobbies.Apis.Lobby.LobbyApiClient.RemovePlayerAsync (Unity.Services.Lobbies.Lobby.RemovePlayerRequest request, Unity.Services.Lobbies.Configuration operationConfiguration) [0x00000] in <00000000000000000000000000000000>:0 
  at System.Threading.ExecutionContext.RunInternal (System.Threading.ExecutionContext executionContext, System.Threading.ContextCallback callback, System.Object state, System.Boolean preserveSyncCtx) [0x00000] in <00000000000000000000000000000000>:0 
  at System.Runtime.CompilerServices.AsyncMethodBuilderCore+MoveNextRunner.Run () [0x00000] in <00000000000000000000000000000000>:0 
  at System.Threading.Tasks.AwaitTaskContinuation.RunCallback (System.Threading.ContextCallback callback, System.Object state, System.Threading.Tasks.Task& currentTask) [0x00000] in <00000000000000000000000000000000>:0 
  at System.Threading.Tasks.SynchronizationContextAwaitTaskContinuation.Run (System.Threading.Tasks.Task ignored, System.Boolean canInlineContinuationTask) [0x00000] in <00000000000000000000000000000000>:0 
  at System.Threading.Tasks.Task.FinishContinuations () [0x00000] in <00000000000000000000000000000000>:0 
  at System.Threading.Tasks.Task`1[TResult].TrySetResult (TResult result) [0x00000] in <00000000000000000000000000000000>:0 
  at System.Runtime.CompilerServices.AsyncTaskMethodBuilder`1[TResult].SetResult (TResult result) [0x00000] in <00000000000000000000000000000000>:0 
  at Unity.Services.Lobbies.Http.HttpClient.MakeRequestAsync (System.String method, System.String url, System.Byte[] body, System.Collections.Generic.Dictionary`2[TKey,TValue] headers, System.Int32 requestTimeout) [0x00000] in <00000000000000000000000000000000>:0 
  at System.Threading.ExecutionContext.RunInternal (System.Threading.ExecutionContext executionContext, System.Threading.ContextCallback callback, System.Object state, System.Boolean preserveSyncCtx) [0x00000] in <00000000000000000000000000000000>:0 
  at System.Runtime.CompilerServices.AsyncMethodBuilderCore+MoveNextRunner.Run () [0x00000] in <00000000000000000000000000000000>:0 
  at System.Threading.Tasks.AwaitTaskContinuation.RunCallback (System.Threading.ContextCallback callback, System.Object state, System.Threading.Tasks.Task& currentTask) [0x00000] in <00000000000000000000000000000000>:0 
  at System.Threading.Tasks.SynchronizationContextAwaitTaskContinuation.Run (System.Threading.Tasks.Task ignored, System.Boolean canInlineContinuationTask) [0x00000] in <00000000000000000000000000000000>:0 
  at System.Threading.Tasks.Task.FinishContinuations () [0x00000] in <00000000000000000000000000000000>:0 
  at System.Threading.Tasks.Task`1[TResult].TrySetResult (TResult result) [0x00000] in <00000000000000000000000000000000>:0 
  at System.Runtime.CompilerServices.AsyncTaskMethodBuilder`1[TResult].SetResult (TResult result) [0x00000] in <00000000000000000000000000000000>:0 
  at Unity.Services.Lobbies.Http.HttpClient.CreateWebRequestAsync (System.String method, System.String url, System.Byte[] body, System.Collections.Generic.IDictionary`2[TKey,TValue] headers, System.Int32 requestTimeout) [0x00000] in <00000000000000000000000000000000>:0 
  at System.Threading.ExecutionContext.RunInternal (System.Threading.ExecutionContext executionContext, System.Threading.ContextCallback callback, System.Object state, System.Boolean preserveSyncCtx) [0x00000] in <00000000000000000000000000000000>:0 
  at System.Runtime.CompilerServices.AsyncMethodBuilderCore+MoveNextRunner.Run () [0x00000] in <00000000000000000000000000000000>:0 
  at System.Threading.Tasks.AwaitTaskContinuation.RunCallback (System.Threading.ContextCallback callback, System.Object state, System.Threading.Tasks.Task& currentTask) [0x00000] in <00000000000000000000000000000000>:0 
  at System.Threading.Tasks.SynchronizationContextAwaitTaskContinuation.Run (System.Threading.Tasks.Task ignored, System.Boolean canInlineContinuationTask) [0x00000] in <00000000000000000000000000000000>:0 
  at System.Threading.Tasks.Task.FinishContinuations () [0x00000] in <00000000000000000000000000000000>:0 
  at System.Threading.Tasks.Task`1[TResult].TrySetResult (TResult result) [0x00000] in <00000000000000000000000000000000>:0 
  at System.Runtime.CompilerServices.AsyncTaskMethodBuilder`1[TResult].SetResult (TResult result) [0x00000] in <00000000000000000000000000000000>:0 
  at Unity.Services.Lobbies.Http.HttpClient.CreateHttpClientResponse (System.String method, System.String url, System.Byte[] body, System.Collections.Generic.IDictionary`2[TKey,TValue] headers, System.Int32 requestTimeout) [0x00000] in <00000000000000000000000000000000>:0 
  at System.Threading.ExecutionContext.RunInternal (System.Threading.ExecutionContext executionContext, System.Threading.ContextCallback callback, System.Object state, System.Boolean preserveSyncCtx) [0x00000] in <00000000000000000000000000000000>:0 
  at System.Runtime.CompilerServices.AsyncMethodBuilderCore+MoveNextRunner.Run () [0x00000] in <00000000000000000000000000000000>:0 
  at System.Threading.Tasks.AwaitTaskContinuation.RunCallback (System.Threading.ContextCallback callback, System.Object state, System.Threading.Tasks.Task& currentTask) [0x00000] in <00000000000000000000000000000000>:0 
  at System.Threading.Tasks.SynchronizationContextAwaitTaskContinuation.Run (System.Threading.Tasks.Task ignored, System.Boolean canInlineContinuationTask) [0x00000] in <00000000000000000000000000000000>:0 
  at System.Threading.Tasks.Task.FinishContinuations () [0x00000] in <00000000000000000000000000000000>:0 
  at System.Threading.Tasks.Task`1[TResult].TrySetResult (TResult result) [0x00000] in <00000000000000000000000000000000>:0 
  at System.Runtime.CompilerServices.AsyncTaskMethodBuilder`1[TResult].SetResult (TResult result) [0x00000] in <00000000000000000000000000000000>:0 
  at Unity.Services.Lobbies.Http.HttpClient+<>c__DisplayClass4_0.<CreateHttpClientResponse>b__0 () [0x00000] in <00000000000000000000000000000000>:0 
  at System.Threading.ExecutionContext.RunInternal (System.Threading.ExecutionContext executionContext, System.Threading.ContextCallback callback, System.Object state, System.Boolean preserveSyncCtx) [0x00000] in <00000000000000000000000000000000>:0 
  at System.Runtime.CompilerServices.AsyncMethodBuilderCore+MoveNextRunner.Run () [0x00000] in <00000000000000000000000000000000>:0 
  at System.Threading.Tasks.AwaitTaskContinuation.RunCallback (System.Threading.ContextCallback callback, System.Object state, System.Threading.Tasks.Task& currentTask) [0x00000] in <00000000000000000000000000000000>:0 
  at System.Threading.Tasks.SynchronizationContextAwaitTaskContinuation.Run (System.Threading.Tasks.Task ignored, System.Boolean canInlineContinuationTask) [0x00000] in <00000000000000000000000000000000>:0 
  at System.Threading.Tasks.Task.FinishContinuations () [0x00000] in <00000000000000000000000000000000>:0 
  at System.Threading.Tasks.Task`1[TResult].TrySetResult (TResult result) [0x00000] in <00000000000000000000000000000000>:0 
  at System.Threading.Tasks.TaskCompletionSource`1[TResult].SetResult (TResult result) [0x00000] in <00000000000000000000000000000000>:0 
  at UnityEngine.AsyncOperation.InvokeCompletionEvent () [0x00000] in <00000000000000000000000000000000>:0 
--- End of stack trace from previous location where exception was thrown ---

  at Unity.Services.Lobbies.Internal.WrappedLobbyService.TryCatchRequest[TRequest] (System.String api, System.Func`3[T1,T2,TResult] func, TRequest request) [0x00000] in <00000000000000000000000000000000>:0 
  at System.Threading.ExecutionContext.RunInternal (System.Threading.ExecutionContext executionContext, System.Threading.ContextCallback callback, System.Object state, System.Boolean preserveSyncCtx) [0x00000] in <00000000000000000000000000000000>:0 
  at System.Runtime.CompilerServices.AsyncMethodBuilderCore+MoveNextRunner.Run () [0x00000] in <00000000000000000000000000000000>:0 
  at System.Threading.Tasks.AwaitTaskContinuation.RunCallback (System.Threading.ContextCallback callback, System.Object state, System.Threading.Tasks.Task& currentTask) [0x00000] in <00000000000000000000000000000000>:0 
  at System.Threading.Tasks.SynchronizationContextAwaitTaskContinuation.Run (System.Threading.Tasks.Task ignored, System.Boolean canInlineContinuationTask) [0x00000] in <00000000000000000000000000000000>:0 
  at System.Threading.Tasks.Task.FinishContinuations () [0x00000] in <00000000000000000000000000000000>:0 
  at System.Threading.Tasks.Task.Finish (System.Boolean bUserDelegateExecuted) [0x00000] in <00000000000000000000000000000000>:0 
  at System.Threading.Tasks.Task.TrySetException (System.Object exceptionObject) [0x00000] in <00000000000000000000000000000000>:0 
  at System.Runtime.CompilerServices.AsyncTaskMethodBuilder`1[TResult].SetException (System.Exception exception) [0x00000] in <00000000000000000000000000000000>:0 
  at Unity.Services.Lobbies.Apis.Lobby.LobbyApiClient.RemovePlayerAsync (Unity.Services.Lobbies.Lobby.RemovePlayerRequest request, Unity.Services.Lobbies.Configuration operationConfiguration) [0x00000] in <00000000000000000000000000000000>:0 
  at System.Threading.ExecutionContext.RunInternal (System.Threading.ExecutionContext executionContext, System.Threading.ContextCallback callback, System.Object state, System.Boolean preserveSyncCtx) [0x00000] in <00000000000000000000000000000000>:0 
  at System.Runtime.CompilerServices.AsyncMethodBuilderCore+MoveNextRunner.Run () [0x00000] in <00000000000000000000000000000000>:0 
  at System.Threading.Tasks.AwaitTaskContinuation.RunCallback (System.Threading.ContextCallback callback, System.Object state, System.Threading.Tasks.Task& currentTask) [0x00000] in <00000000000000000000000000000000>:0 
  at System.Threading.Tasks.SynchronizationContextAwaitTaskContinuation.Run (System.Threading.Tasks.Task ignored, System.Boolean canInlineContinuationTask) [0x00000] in <00000000000000000000000000000000>:0 
  at System.Threading.Tasks.Task.FinishContinuations () [0x00000] in <00000000000000000000000000000000>:0 
  at System.Threading.Tasks.Task`1[TResult].TrySetResult (TResult result) [0x00000] in <00000000000000000000000000000000>:0 
  at System.Runtime.CompilerServices.AsyncTaskMethodBuilder`1[TResult].SetResult (TResult result) [0x00000] in <00000000000000000000000000000000>:0 
  at Unity.Services.Lobbies.Http.HttpClient.MakeRequestAsync (System.String method, System.String url, System.Byte[] body, System.Collections.Generic.Dictionary`2[TKey,TValue] headers, System.Int32 requestTimeout) [0x00000] in <00000000000000000000000000000000>:0 
  at System.Threading.ExecutionContext.RunInternal (System.Threading.ExecutionContext executionContext, System.Threading.ContextCallback callback, System.Object state, System.Boolean preserveSyncCtx) [0x00000] in <00000000000000000000000000000000>:0 
  at System.Runtime.CompilerServices.AsyncMethodBuilderCore+MoveNextRunner.Run () [0x00000] in <00000000000000000000000000000000>:0 
  at System.Threading.Tasks.AwaitTaskContinuation.RunCallback (System.Threading.ContextCallback callback, System.Object state, System.Threading.Tasks.Task& currentTask) [0x00000] in <00000000000000000000000000000000>:0 
  at System.Threading.Tasks.SynchronizationContextAwaitTaskContinuation.Run (System.Threading.Tasks.Task ignored, System.Boolean canInlineContinuationTask) [0x00000] in <00000000000000000000000000000000>:0 
  at System.Threading.Tasks.Task.FinishContinuations () [0x00000] in <00000000000000000000000000000000>:0 
  at System.Threading.Tasks.Task`1[TResult].TrySetResult (TResult result) [0x00000] in <00000000000000000000000000000000>:0 
  at System.Runtime.CompilerServices.AsyncTaskMethodBuilder`1[TResult].SetResult (TResult result) [0x00000] in <00000000000000000000000000000000>:0 
  at Unity.Services.Lobbies.Http.HttpClient.CreateWebRequestAsync (System.String method, System.String url, System.Byte[] body, System.Collections.Generic.IDictionary`2[TKey,TValue] headers, System.Int32 requestTimeout) [0x00000] in <00000000000000000000000000000000>:0 
  at System.Threading.ExecutionContext.RunInternal (System.Threading.ExecutionContext executionContext, System.Threading.ContextCallback callback, System.Object state, System.Boolean preserveSyncCtx) [0x00000] in <00000000000000000000000000000000>:0 
  at System.Runtime.CompilerServices.AsyncMethodBuilderCore+MoveNextRunner.Run () [0x00000] in <00000000000000000000000000000000>:0 
  at System.Threading.Tasks.AwaitTaskContinuation.RunCallback (System.Threading.ContextCallback callback, System.Object state, System.Threading.Tasks.Task& currentTask) [0x00000] in <00000000000000000000000000000000>:0 
  at System.Threading.Tasks.SynchronizationContextAwaitTaskContinuation.Run (System.Threading.Tasks.Task ignored, System.Boolean canInlineContinuationTask) [0x00000] in <00000000000000000000000000000000>:0 
  at System.Threading.Tasks.Task.FinishContinuations () [0x00000] in <00000000000000000000000000000000>:0 
  at System.Threading.Tasks.Task`1[TResult].TrySetResult (TResult result) [0x00000] in <00000000000000000000000000000000>:0 
  at System.Runtime.CompilerServices.AsyncTaskMethodBuilder`1[TResult].SetResult (TResult result) [0x00000] in <00000000000000000000000000000000>:0 
  at Unity.Services.Lobbies.Http.HttpClient.CreateHttpClientResponse (System.String method, System.String url, System.Byte[] body, System.Collections.Generic.IDictionary`2[TKey,TValue] headers, System.Int32 requestTimeout) [0x00000] in <00000000000000000000000000000000>:0 
  at System.Threading.ExecutionContext.RunInternal (System.Threading.ExecutionContext executionContext, System.Threading.ContextCallback callback, System.Object state, System.Boolean preserveSyncCtx) [0x00000] in <00000000000000000000000000000000>:0 
  at System.Runtime.CompilerServices.AsyncMethodBuilderCore+MoveNextRunner.Run () [0x00000] in <00000000000000000000000000000000>:0 
  at System.Threading.Tasks.AwaitTaskContinuation.RunCallback (System.Threading.ContextCallback callback, System.Object state, System.Threading.Tasks.Task& currentTask) [0x00000] in <00000000000000000000000000000000>:0 
  at System.Threading.Tasks.SynchronizationContextAwaitTaskContinuation.Run (System.Threading.Tasks.Task ignored, System.Boolean canInlineContinuationTask) [0x00000] in <00000000000000000000000000000000>:0 
  at System.Threading.Tasks.Task.FinishContinuations () [0x00000] in <00000000000000000000000000000000>:0 
  at System.Threading.Tasks.Task`1[TResult].TrySetResult (TResult result) [0x00000] in <00000000000000000000000000000000>:0 
  at System.Runtime.CompilerServices.AsyncTaskMethodBuilder`1[TResult].SetResult (TResult result) [0x00000] in <00000000000000000000000000000000>:0 
  at Unity.Services.Lobbies.Http.HttpClient+<>c__DisplayClass4_0.<CreateHttpClientResponse>b__0 () [0x00000] in <00000000000000000000000000000000>:0 
  at System.Threading.ExecutionContext.RunInternal (System.Threading.ExecutionContext executionContext, System.Threading.ContextCallback callback, System.Object state, System.Boolean preserveSyncCtx) [0x00000] in <00000000000000000000000000000000>:0 
  at System.Runtime.CompilerServices.AsyncMethodBuilderCore+MoveNextRunner.Run () [0x00000] in <00000000000000000000000000000000>:0 
  at System.Threading.Tasks.AwaitTaskContinuation.RunCallback (System.Threading.ContextCallback callback, System.Object state, System.Threading.Tasks.Task& currentTask) [0x00000] in <00000000000000000000000000000000>:0 
  at System.Threading.Tasks.SynchronizationContextAwaitTaskContinuation.Run (System.Threading.Tasks.Task ignored, System.Boolean canInlineContinuationTask) [0x00000] in <00000000000000000000000000000000>:0 
  at System.Threading.Tasks.Task.FinishContinuations () [0x00000] in <00000000000000000000000000000000>:0 
  at System.Threading.Tasks.Task`1[TResult].TrySetResult (TResult result) [0x00000] in <00000000000000000000000000000000>:0 
  at System.Threading.Tasks.TaskCompletionSource`1[TResult].SetResult (TResult result) [0x00000] in <00000000000000000000000000000000>:0 
  at UnityEngine.AsyncOperation.InvokeCompletionEvent () [0x00000] in <00000000000000000000000000000000>:0 
   --- End of inner exception stack trace ---
  at Unity.Services.Lobbies.Internal.WrappedLobbyService.ResolveErrorWrapping (Unity.Services.Lobbies.LobbyExceptionReason reason, System.Exception exception) [0x00000] in <00000000000000000000000000000000>:0 
  at Unity.Services.Lobbies.Internal.WrappedLobbyService.TryCatchRequest[TRequest] (System.String api, System.Func`3[T1,T2,TResult] func, TRequest request) [0x00000] in <00000000000000000000000000000000>:0 
  at System.Threading.ExecutionContext.RunInternal (System.Threading.ExecutionContext executionContext, System.Threading.ContextCallback callback, System.Object state, System.Boolean preserveSyncCtx) [0x00000] in <00000000000000000000000000000000>:0 
  at System.Runtime.CompilerServices.AsyncMethodBuilderCore+MoveNextRunner.Run () [0x00000] in <00000000000000000000000000000000>:0 
  at System.Threading.Tasks.AwaitTaskContinuation.RunCallback (System.Threading.ContextCallback callback, System.Object state, System.Threading.Tasks.Task& currentTask) [0x00000] in <00000000000000000000000000000000>:0 
  at System.Threading.Tasks.SynchronizationContextAwaitTaskContinuation.Run (System.Threading.Tasks.Task ignored, System.Boolean canInlineContinuationTask) [0x00000] in <00000000000000000000000000000000>:0 
  at System.Threading.Tasks.Task.FinishContinuations () [0x00000] in <00000000000000000000000000000000>:0 
  at System.Threading.Tasks.Task.Finish (System.Boolean bUserDelegateExecuted) [0x00000] in <00000000000000000000000000000000>:0 
  at System.Threading.Tasks.Task.TrySetException (System.Object exceptionObject) [0x00000] in <00000000000000000000000000000000>:0 
  at System.Runtime.CompilerServices.AsyncTaskMethodBuilder`1[TResult].SetException (System.Exception exception) [0x00000] in <00000000000000000000000000000000>:0 
  at Unity.Services.Lobbies.Apis.Lobby.LobbyApiClient.RemovePlayerAsync (Unity.Services.Lobbies.Lobby.RemovePlayerRequest request, Unity.Services.Lobbies.Configuration operationConfiguration) [0x00000] in <00000000000000000000000000000000>:0 
  at System.Threading.ExecutionContext.RunInternal (System.Threading.ExecutionContext executionContext, System.Threading.ContextCallback callback, System.Object state, System.Boolean preserveSyncCtx) [0x00000] in <00000000000000000000000000000000>:0 
  at System.Runtime.CompilerServices.AsyncMethodBuilderCore+MoveNextRunner.Run () [0x00000] in <00000000000000000000000000000000>:0 
  at System.Threading.Tasks.AwaitTaskContinuation.RunCallback (System.Threading.ContextCallback callback, System.Object state, System.Threading.Tasks.Task& currentTask) [0x00000] in <00000000000000000000000000000000>:0 
  at System.Threading.Tasks.SynchronizationContextAwaitTaskContinuation.Run (System.Threading.Tasks.Task ignored, System.Boolean canInlineContinuationTask) [0x00000] in <00000000000000000000000000000000>:0 
  at System.Threading.Tasks.Task.FinishContinuations () [0x00000] in <00000000000000000000000000000000>:0 
  at System.Threading.Tasks.Task`1[TResult].TrySetResult (TResult result) [0x00000] in <00000000000000000000000000000000>:0 
  at System.Runtime.CompilerServices.AsyncTaskMethodBuilder`1[TResult].SetResult (TResult result) [0x00000] in <00000000000000000000000000000000>:0 
  at Unity.Services.Lobbies.Http.HttpClient.MakeRequestAsync (System.String method, System.String url, System.Byte[] body, System.Collections.Generic.Dictionary`2[TKey,TValue] headers, System.Int32 requestTimeout) [0x00000] in <00000000000000000000000000000000>:0 
  at System.Threading.ExecutionContext.RunInternal (System.Threading.ExecutionContext executionContext, System.Threading.ContextCallback callback, System.Object state, System.Boolean preserveSyncCtx) [0x00000] in <00000000000000000000000000000000>:0 
  at System.Runtime.CompilerServices.AsyncMethodBuilderCore+MoveNextRunner.Run () [0x00000] in <00000000000000000000000000000000>:0 
  at System.Threading.Tasks.AwaitTaskContinuation.RunCallback (System.Threading.ContextCallback callback, System.Object state, System.Threading.Tasks.Task& currentTask) [0x00000] in <00000000000000000000000000000000>:0 
  at System.Threading.Tasks.SynchronizationContextAwaitTaskContinuation.Run (System.Threading.Tasks.Task ignored, System.Boolean canInlineContinuationTask) [0x00000] in <00000000000000000000000000000000>:0 
  at System.Threading.Tasks.Task.FinishContinuations () [0x00000] in <00000000000000000000000000000000>:0 
  at System.Threading.Tasks.Task`1[TResult].TrySetResult (TResult result) [0x00000] in <00000000000000000000000000000000>:0 
  at System.Runtime.CompilerServices.AsyncTaskMethodBuilder`1[TResult].SetResult (TResult result) [0x00000] in <00000000000000000000000000000000>:0 
  at Unity.Services.Lobbies.Http.HttpClient.CreateWebRequestAsync (System.String method, System.String url, System.Byte[] body, System.Collections.Generic.IDictionary`2[TKey,TValue] headers, System.Int32 requestTimeout) [0x00000] in <00000000000000000000000000000000>:0 
  at System.Threading.ExecutionContext.RunInternal (System.Threading.ExecutionContext executionContext, System.Threading.ContextCallback callback, System.Object state, System.Boolean preserveSyncCtx) [0x00000] in <00000000000000000000000000000000>:0 
  at System.Runtime.CompilerServices.AsyncMethodBuilderCore+MoveNextRunner.Run () [0x00000] in <00000000000000000000000000000000>:0 
  at System.Threading.Tasks.AwaitTaskContinuation.RunCallback (System.Threading.ContextCallback callback, System.Object state, System.Threading.Tasks.Task& currentTask) [0x00000] in <00000000000000000000000000000000>:0 
  at System.Threading.Tasks.SynchronizationContextAwaitTaskContinuation.Run (System.Threading.Tasks.Task ignored, System.Boolean canInlineContinuationTask) [0x00000] in <00000000000000000000000000000000>:0 
  at System.Threading.Tasks.Task.FinishContinuations () [0x00000] in <00000000000000000000000000000000>:0 
  at System.Threading.Tasks.Task`1[TResult].TrySetResult (TResult result) [0x00000] in <00000000000000000000000000000000>:0 
  at System.Runtime.CompilerServices.AsyncTaskMethodBuilder`1[TResult].SetResult (TResult result) [0x00000] in <00000000000000000000000000000000>:0 
  at Unity.Services.Lobbies.Http.HttpClient.CreateHttpClientResponse (System.String method, System.String url, System.Byte[] body, System.Collections.Generic.IDictionary`2[TKey,TValue] headers, System.Int32 requestTimeout) [0x00000] in <00000000000000000000000000000000>:0 
  at System.Threading.ExecutionContext.RunInternal (System.Threading.ExecutionContext executionContext, System.Threading.ContextCallback callback, System.Object state, System.Boolean preserveSyncCtx) [0x00000] in <00000000000000000000000000000000>:0 
  at System.Runtime.CompilerServices.AsyncMethodBuilderCore+MoveNextRunner.Run () [0x00000] in <00000000000000000000000000000000>:0 
  at System.Threading.Tasks.AwaitTaskContinuation.RunCallback (System.Threading.ContextCallback callback, System.Object state, System.Threading.Tasks.Task& currentTask) [0x00000] in <00000000000000000000000000000000>:0 
  at System.Threading.Tasks.SynchronizationContextAwaitTaskContinuation.Run (System.Threading.Tasks.Task ignored, System.Boolean canInlineContinuationTask) [0x00000] in <00000000000000000000000000000000>:0 
  at System.Threading.Tasks.Task.FinishContinuations () [0x00000] in <00000000000000000000000000000000>:0 
  at System.Threading.Tasks.Task`1[TResult].TrySetResult (TResult result) [0x00000] in <00000000000000000000000000000000>:0 
  at System.Runtime.CompilerServices.AsyncTaskMethodBuilder`1[TResult].SetResult (TResult result) [0x00000] in <00000000000000000000000000000000>:0 
  at Unity.Services.Lobbies.Http.HttpClient+<>c__DisplayClass4_0.<CreateHttpClientResponse>b__0 () [0x00000] in <00000000000000000000000000000000>:0 
  at System.Threading.ExecutionContext.RunInternal (System.Threading.ExecutionContext executionContext, System.Threading.ContextCallback callback, System.Object state, System.Boolean preserveSyncCtx) [0x00000] in <00000000000000000000000000000000>:0 
  at System.Runtime.CompilerServices.AsyncMethodBuilderCore+MoveNextRunner.Run () [0x00000] in <00000000000000000000000000000000>:0 
  at System.Threading.Tasks.AwaitTaskContinuation.RunCallback (System.Threading.ContextCallback callback, System.Object state, System.Threading.Tasks.Task& currentTask) [0x00000] in <00000000000000000000000000000000>:0 
  at System.Threading.Tasks.SynchronizationContextAwaitTaskContinuation.Run (System.Threading.Tasks.Task ignored, System.Boolean canInlineContinuationTask) [0x00000] in <00000000000000000000000000000000>:0 
  at System.Threading.Tasks.Task.FinishContinuations () [0x00000] in <00000000000000000000000000000000>:0 
  at System.Threading.Tasks.Task`1[TResult].TrySetResult (TResult result) [0x00000] in <00000000000000000000000000000000>:0 
  at System.Threading.Tasks.TaskCompletionSource`1[TResult].SetResult (TResult result) [0x00000] in <00000000000000000000000000000000>:0 
  at UnityEngine.AsyncOperation.InvokeCompletionEvent () [0x00000] in <00000000000000000000000000000000>:0 
--- End of stack trace from previous location where exception was thrown ---

  at Unity.Services.Lobbies.Internal.WrappedLobbyService.RemovePlayerAsync (System.String lobbyId, System.String playerId) [0x00000] in <00000000000000000000000000000000>:0 
  at System.Threading.ExecutionContext.RunInternal (System.Threading.ExecutionContext executionContext, System.Threading.ContextCallback callback, System.Object state, System.Boolean preserveSyncCtx) [0x00000] in <00000000000000000000000000000000>:0 
  at System.Runtime.CompilerServices.AsyncMethodBuilderCore+MoveNextRunner.Run () [0x00000] in <00000000000000000000000000000000>:0 
  at System.Threading.Tasks.AwaitTaskContinuation.RunCallback (System.Threading.ContextCallback callback, System.Object state, System.Threading.Tasks.Task& currentTask) [0x00000] in <00000000000000000000000000000000>:0 
  at System.Threading.Tasks.SynchronizationContextAwaitTaskContinuation.Run (System.Threading.Tasks.Task ignored, System.Boolean canInlineContinuationTask) [0x00000] in <00000000000000000000000000000000>:0 
  at System.Threading.Tasks.Task.FinishContinuations () [0x00000] in <00000000000000000000000000000000>:0 
  at System.Threading.Tasks.Task.Finish (System.Boolean bUserDelegateExecuted) [0x00000] in <00000000000000000000000000000000>:0 
  at System.Threading.Tasks.Task.TrySetException (System.Object exceptionObject) [0x00000] in <00000000000000000000000000000000>:0 
  at System.Runtime.CompilerServices.AsyncTaskMethodBuilder`1[TResult].SetException (System.Exception exception) [0x00000] in <00000000000000000000000000000000>:0 
  at Unity.Services.Lobbies.Internal.WrappedLobbyService.TryCatchRequest[TRequest] (System.String api, System.Func`3[T1,T2,TResult] func, TRequest request) [0x00000] in <00000000000000000000000000000000>:0 
  at System.Threading.ExecutionContext.RunInternal (System.Threading.ExecutionContext executionContext, System.Threading.ContextCallback callback, System.Object state, System.Boolean preserveSyncCtx) [0x00000] in <00000000000000000000000000000000>:0 
  at System.Runtime.CompilerServices.AsyncMethodBuilderCore+MoveNextRunner.Run () [0x00000] in <00000000000000000000000000000000>:0 
  at System.Threading.Tasks.AwaitTaskContinuation.RunCallback (System.Threading.ContextCallback callback, System.Object state, System.Threading.Tasks.Task& currentTask) [0x00000] in <00000000000000000000000000000000>:0 
  at System.Threading.Tasks.SynchronizationContextAwaitTaskContinuation.Run (System.Threading.Tasks.Task ignored, System.Boolean canInlineContinuationTask) [0x00000] in <00000000000000000000000000000000>:0 
  at System.Threading.Tasks.Task.FinishContinuations () [0x00000] in <00000000000000000000000000000000>:0 
  at System.Threading.Tasks.Task.Finish (System.Boolean bUserDelegateExecuted) [0x00000] in <00000000000000000000000000000000>:0 
  at System.Threading.Tasks.Task.TrySetException (System.Object exceptionObject) [0x00000] in <00000000000000000000000000000000>:0 
  at System.Runtime.CompilerServices.AsyncTaskMethodBuilder`1[TResult].SetException (System.Exception exception) [0x00000] in <00000000000000000000000000000000>:0 
  at Unity.Services.Lobbies.Apis.Lobby.LobbyApiClient.RemovePlayerAsync (Unity.Services.Lobbies.Lobby.RemovePlayerRequest request, Unity.Services.Lobbies.Configuration operationConfiguration) [0x00000] in <00000000000000000000000000000000>:0 
  at System.Threading.ExecutionContext.RunInternal (System.Threading.ExecutionContext executionContext, System.Threading.ContextCallback callback, System.Object state, System.Boolean preserveSyncCtx) [0x00000] in <00000000000000000000000000000000>:0 
  at System.Runtime.CompilerServices.AsyncMethodBuilderCore+MoveNextRunner.Run () [0x00000] in <00000000000000000000000000000000>:0 
  at System.Threading.Tasks.AwaitTaskContinuation.RunCallback (System.Threading.ContextCallback callback, System.Object state, System.Threading.Tasks.Task& currentTask) [0x00000] in <00000000000000000000000000000000>:0 
  at System.Threading.Tasks.SynchronizationContextAwaitTaskContinuation.Run (System.Threading.Tasks.Task ignored, System.Boolean canInlineContinuationTask) [0x00000] in <00000000000000000000000000000000>:0 
  at System.Threading.Tasks.Task.FinishContinuations () [0x00000] in <00000000000000000000000000000000>:0 
  at System.Threading.Tasks.Task`1[TResult].TrySetResult (TResult result) [0x00000] in <00000000000000000000000000000000>:0 
  at System.Runtime.CompilerServices.AsyncTaskMethodBuilder`1[TResult].SetResult (TResult result) [0x00000] in <00000000000000000000000000000000>:0 
  at Unity.Services.Lobbies.Http.HttpClient.MakeRequestAsync (System.String method, System.String url, System.Byte[] body, System.Collections.Generic.Dictionary`2[TKey,TValue] headers, System.Int32 requestTimeout) [0x00000] in <00000000000000000000000000000000>:0 
  at System.Threading.ExecutionContext.RunInternal (System.Threading.ExecutionContext executionContext, System.Threading.ContextCallback callback, System.Object state, System.Boolean preserveSyncCtx) [0x00000] in <00000000000000000000000000000000>:0 
  at System.Runtime.CompilerServices.AsyncMethodBuilderCore+MoveNextRunner.Run () [0x00000] in <00000000000000000000000000000000>:0 
  at System.Threading.Tasks.AwaitTaskContinuation.RunCallback (System.Threading.ContextCallback callback, System.Object state, System.Threading.Tasks.Task& currentTask) [0x00000] in <00000000000000000000000000000000>:0 
  at System.Threading.Tasks.SynchronizationContextAwaitTaskContinuation.Run (System.Threading.Tasks.Task ignored, System.Boolean canInlineContinuationTask) [0x00000] in <00000000000000000000000000000000>:0 
  at System.Threading.Tasks.Task.FinishContinuations () [0x00000] in <00000000000000000000000000000000>:0 
  at System.Threading.Tasks.Task`1[TResult].TrySetResult (TResult result) [0x00000] in <00000000000000000000000000000000>:0 
  at System.Runtime.CompilerServices.AsyncTaskMethodBuilder`1[TResult].SetResult (TResult result) [0x00000] in <00000000000000000000000000000000>:0 
  at Unity.Services.Lobbies.Http.HttpClient.CreateWebRequestAsync (System.String method, System.String url, System.Byte[] body, System.Collections.Generic.IDictionary`2[TKey,TValue] headers, System.Int32 requestTimeout) [0x00000] in <00000000000000000000000000000000>:0 
  at System.Threading.ExecutionContext.RunInternal (System.Threading.ExecutionContext executionContext, System.Threading.ContextCallback callback, System.Object state, System.Boolean preserveSyncCtx) [0x00000] in <00000000000000000000000000000000>:0 
  at System.Runtime.CompilerServices.AsyncMethodBuilderCore+MoveNextRunner.Run () [0x00000] in <00000000000000000000000000000000>:0 
  at System.Threading.Tasks.AwaitTaskContinuation.RunCallback (System.Threading.ContextCallback callback, System.Object state, System.Threading.Tasks.Task& currentTask) [0x00000] in <00000000000000000000000000000000>:0 
  at System.Threading.Tasks.SynchronizationContextAwaitTaskContinuation.Run (System.Threading.Tasks.Task ignored, System.Boolean canInlineContinuationTask) [0x00000] in <00000000000000000000000000000000>:0 
  at System.Threading.Tasks.Task.FinishContinuations () [0x00000] in <00000000000000000000000000000000>:0 
  at System.Threading.Tasks.Task`1[TResult].TrySetResult (TResult result) [0x00000] in <00000000000000000000000000000000>:0 
  at System.Runtime.CompilerServices.AsyncTaskMethodBuilder`1[TResult].SetResult (TResult result) [0x00000] in <00000000000000000000000000000000>:0 
  at Unity.Services.Lobbies.Http.HttpClient.CreateHttpClientResponse (System.String method, System.String url, System.Byte[] body, System.Collections.Generic.IDictionary`2[TKey,TValue] headers, System.Int32 requestTimeout) [0x00000] in <00000000000000000000000000000000>:0 
  at System.Threading.ExecutionContext.RunInternal (System.Threading.ExecutionContext executionContext, System.Threading.ContextCallback callback, System.Object state, System.Boolean preserveSyncCtx) [0x00000] in <00000000000000000000000000000000>:0 
  at System.Runtime.CompilerServices.AsyncMethodBuilderCore+MoveNextRunner.Run () [0x00000] in <00000000000000000000000000000000>:0 
  at System.Threading.Tasks.AwaitTaskContinuation.RunCallback (System.Threading.ContextCallback callback, System.Object state, System.Threading.Tasks.Task& currentTask) [0x00000] in <00000000000000000000000000000000>:0 
  at System.Threading.Tasks.SynchronizationContextAwaitTaskContinuation.Run (System.Threading.Tasks.Task ignored, System.Boolean canInlineContinuationTask) [0x00000] in <00000000000000000000000000000000>:0 
  at System.Threading.Tasks.Task.FinishContinuations () [0x00000] in <00000000000000000000000000000000>:0 
  at System.Threading.Tasks.Task`1[TResult].TrySetResult (TResult result) [0x00000] in <00000000000000000000000000000000>:0 
  at System.Runtime.CompilerServices.AsyncTaskMethodBuilder`1[TResult].SetResult (TResult result) [0x00000] in <00000000000000000000000000000000>:0 
  at Unity.Services.Lobbies.Http.HttpClient+<>c__DisplayClass4_0.<CreateHttpClientResponse>b__0 () [0x00000] in <00000000000000000000000000000000>:0 
  at System.Threading.ExecutionContext.RunInternal (System.Threading.ExecutionContext executionContext, System.Threading.ContextCallback callback, System.Object state, System.Boolean preserveSyncCtx) [0x00000] in <00000000000000000000000000000000>:0 
  at System.Runtime.CompilerServices.AsyncMethodBuilderCore+MoveNextRunner.Run () [0x00000] in <00000000000000000000000000000000>:0 
  at System.Threading.Tasks.AwaitTaskContinuation.RunCallback (System.Threading.ContextCallback callback, System.Object state, System.Threading.Tasks.Task& currentTask) [0x00000] in <00000000000000000000000000000000>:0 
  at System.Threading.Tasks.SynchronizationContextAwaitTaskContinuation.Run (System.Threading.Tasks.Task ignored, System.Boolean canInlineContinuationTask) [0x00000] in <00000000000000000000000000000000>:0 
  at System.Threading.Tasks.Task.FinishContinuations () [0x00000] in <00000000000000000000000000000000>:0 
  at System.Threading.Tasks.Task`1[TResult].TrySetResult (TResult result) [0x00000] in <00000000000000000000000000000000>:0 
  at System.Threading.Tasks.TaskCompletionSource`1[TResult].SetResult (TResult result) [0x00000] in <00000000000000000000000000000000>:0 
  at UnityEngine.AsyncOperation.InvokeCompletionEvent () [0x00000] in <00000000000000000000000000000000>:0 
--- End of stack trace from previous location where exception was thrown ---

  at LobbyManager.LeaveLobby () [0x00000] in <00000000000000000000000000000000>:0 
  at System.Threading.ExecutionContext.RunInternal (System.Threading.ExecutionContext executionContext, System.Threading.ContextCallback callback, System.Object state, System.Boolean preserveSyncCtx) [0x00000] in <00000000000000000000000000000000>:0 
  at System.Runtime.CompilerServices.AsyncMethodBuilderCore+MoveNextRunner.Run () [0x00000] in <00000000000000000000000000000000>:0 
  at System.Threading.Tasks.AwaitTaskContinuation.RunCallback (System.Threading.ContextCallback callback, System.Object state, System.Threading.Tasks.Task& currentTask) [0x00000] in <00000000000000000000000000000000>:0 
  at System.Threading.Tasks.SynchronizationContextAwaitTaskContinuation.Run (System.Threading.Tasks.Task ignored, System.Boolean canInlineContinuationTask) [0x00000] in <00000000000000000000000000000000>:0 
  at System.Threading.Tasks.Task.FinishContinuations () [0x00000] in <00000000000000000000000000000000>:0 
  at System.Threading.Tasks.Task.Finish (System.Boolean bUserDelegateExecuted) [0x00000] in <00000000000000000000000000000000>:0 
  at System.Threading.Tasks.Task.TrySetException (System.Object exceptionObject) [0x00000] in <00000000000000000000000000000000>:0 
  at System.Runtime.CompilerServices.AsyncTaskMethodBuilder`1[TResult].SetException (System.Exception exception) [0x00000] in <00000000000000000000000000000000>:0 
  at Unity.Services.Lobbies.Internal.WrappedLobbyService.RemovePlayerAsync (System.String lobbyId, System.String playerId) [0x00000] in <00000000000000000000000000000000>:0 
  at System.Threading.ExecutionContext.RunInternal (System.Threading.ExecutionContext executionContext, System.Threading.ContextCallback callback, System.Object state, System.Boolean preserveSyncCtx) [0x00000] in <00000000000000000000000000000000>:0 
  at System.Runtime.CompilerServices.AsyncMethodBuilderCore+MoveNextRunner.Run () [0x00000] in <00000000000000000000000000000000>:0 
  at System.Threading.Tasks.AwaitTaskContinuation.RunCallback (System.Threading.ContextCallback callback, System.Object state, System.Threading.Tasks.Task& currentTask) [0x00000] in <00000000000000000000000000000000>:0 
  at System.Threading.Tasks.SynchronizationContextAwaitTaskContinuation.Run (System.Threading.Tasks.Task ignored, System.Boolean canInlineContinuationTask) [0x00000] in <00000000000000000000000000000000>:0 
  at System.Threading.Tasks.Task.FinishContinuations () [0x00000] in <00000000000000000000000000000000>:0 
  at System.Threading.Tasks.Task.Finish (System.Boolean bUserDelegateExecuted) [0x00000] in <00000000000000000000000000000000>:0 
  at System.Threading.Tasks.Task.TrySetException (System.Object exceptionObject) [0x00000] in <00000000000000000000000000000000>:0 
  at System.Runtime.CompilerServices.AsyncTaskMethodBuilder`1[TResult].SetException (System.Exception exception) [0x00000] in <00000000000000000000000000000000>:0 
  at Unity.Services.Lobbies.Internal.WrappedLobbyService.TryCatchRequest[TRequest] (System.String api, System.Func`3[T1,T2,TResult] func, TRequest request) [0x00000] in <00000000000000000000000000000000>:0 
  at System.Threading.ExecutionContext.RunInternal (System.Threading.ExecutionContext executionContext, System.Threading.ContextCallback callback, System.Object state, System.Boolean preserveSyncCtx) [0x00000] in <00000000000000000000000000000000>:0 
  at System.Runtime.CompilerServices.AsyncMethodBuilderCore+MoveNextRunner.Run () [0x00000] in <00000000000000000000000000000000>:0 
  at System.Threading.Tasks.AwaitTaskContinuation.RunCallback (System.Threading.ContextCallback callback, System.Object state, System.Threading.Tasks.Task& currentTask) [0x00000] in <00000000000000000000000000000000>:0 
  at System.Threading.Tasks.SynchronizationContextAwaitTaskContinuation.Run (System.Threading.Tasks.Task ignored, System.Boolean canInlineContinuationTask) [0x00000] in <00000000000000000000000000000000>:0 
  at System.Threading.Tasks.Task.FinishContinuations () [0x00000] in <00000000000000000000000000000000>:0 
  at System.Threading.Tasks.Task.Finish (System.Boolean bUserDelegateExecuted) [0x00000] in <00000000000000000000000000000000>:0 
  at System.Threading.Tasks.Task.TrySetException (System.Object exceptionObject) [0x00000] in <00000000000000000000000000000000>:0 
  at System.Runtime.CompilerServices.AsyncTaskMethodBuilder`1[TResult].SetException (System.Exception exception) [0x00000] in <00000000000000000000000000000000>:0 
  at Unity.Services.Lobbies.Apis.Lobby.LobbyApiClient.RemovePlayerAsync (Unity.Services.Lobbies.Lobby.RemovePlayerRequest request, Unity.Services.Lobbies.Configuration operationConfiguration) [0x00000] in <00000000000000000000000000000000>:0 
  at System.Threading.ExecutionContext.RunInternal (System.Threading.ExecutionContext executionContext, System.Threading.ContextCallback callback, System.Object state, System.Boolean preserveSyncCtx) [0x00000] in <00000000000000000000000000000000>:0 
  at System.Runtime.CompilerServices.AsyncMethodBuilderCore+MoveNextRunner.Run () [0x00000] in <00000000000000000000000000000000>:0 
  at System.Threading.Tasks.AwaitTaskContinuation.RunCallback (System.Threading.ContextCallback callback, System.Object state, System.Threading.Tasks.Task& currentTask) [0x00000] in <00000000000000000000000000000000>:0 
  at System.Threading.Tasks.SynchronizationContextAwaitTaskContinuation.Run (System.Threading.Tasks.Task ignored, System.Boolean canInlineContinuationTask) [0x00000] in <00000000000000000000000000000000>:0 
  at System.Threading.Tasks.Task.FinishContinuations () [0x00000] in <00000000000000000000000000000000>:0 
  at System.Threading.Tasks.Task`1[TResult].TrySetResult (TResult result) [0x00000] in <00000000000000000000000000000000>:0 
  at System.Runtime.CompilerServices.AsyncTaskMethodBuilder`1[TResult].SetResult (TResult result) [0x00000] in <00000000000000000000000000000000>:0 
  at Unity.Services.Lobbies.Http.HttpClient.MakeRequestAsync (System.String method, System.String url, System.Byte[] body, System.Collections.Generic.Dictionary`2[TKey,TValue] headers, System.Int32 requestTimeout) [0x00000] in <00000000000000000000000000000000>:0 
  at System.Threading.ExecutionContext.RunInternal (System.Threading.ExecutionContext executionContext, System.Threading.ContextCallback callback, System.Object state, System.Boolean preserveSyncCtx) [0x00000] in <00000000000000000000000000000000>:0 
  at System.Runtime.CompilerServices.AsyncMethodBuilderCore+MoveNextRunner.Run () [0x00000] in <00000000000000000000000000000000>:0 
  at System.Threading.Tasks.AwaitTaskContinuation.RunCallback (System.Threading.ContextCallback callback, System.Object state, System.Threading.Tasks.Task& currentTask) [0x00000] in <00000000000000000000000000000000>:0 
  at System.Threading.Tasks.SynchronizationContextAwaitTaskContinuation.Run (System.Threading.Tasks.Task ignored, System.Boolean canInlineContinuationTask) [0x00000] in <00000000000000000000000000000000>:0 
  at System.Threading.Tasks.Task.FinishContinuations () [0x00000] in <00000000000000000000000000000000>:0 
  at System.Threading.Tasks.Task`1[TResult].TrySetResult (TResult result) [0x00000] in <00000000000000000000000000000000>:0 
  at System.Runtime.CompilerServices.AsyncTaskMethodBuilder`1[TResult].SetResult (TResult result) [0x00000] in <00000000000000000000000000000000>:0 
  at Unity.Services.Lobbies.Http.HttpClient.CreateWebRequestAsync (System.String method, System.String url, System.Byte[] body, System.Collections.Generic.IDictionary`2[TKey,TValue] headers, System.Int32 requestTimeout) [0x00000] in <00000000000000000000000000000000>:0 
  at System.Threading.ExecutionContext.RunInternal (System.Threading.ExecutionContext executionContext, System.Threading.ContextCallback callback, System.Object state, System.Boolean preserveSyncCtx) [0x00000] in <00000000000000000000000000000000>:0 
  at System.Runtime.CompilerServices.AsyncMethodBuilderCore+MoveNextRunner.Run () [0x00000] in <00000000000000000000000000000000>:0 
  at System.Threading.Tasks.AwaitTaskContinuation.RunCallback (System.Threading.ContextCallback callback, System.Object state, System.Threading.Tasks.Task& currentTask) [0x00000] in <00000000000000000000000000000000>:0 
  at System.Threading.Tasks.SynchronizationContextAwaitTaskContinuation.Run (System.Threading.Tasks.Task ignored, System.Boolean canInlineContinuationTask) [0x00000] in <00000000000000000000000000000000>:0 
  at System.Threading.Tasks.Task.FinishContinuations () [0x00000] in <00000000000000000000000000000000>:0 
  at System.Threading.Tasks.Task`1[TResult].TrySetResult (TResult result) [0x00000] in <00000000000000000000000000000000>:0 
  at System.Runtime.CompilerServices.AsyncTaskMethodBuilder`1[TResult].SetResult (TResult result) [0x00000] in <00000000000000000000000000000000>:0 
  at Unity.Services.Lobbies.Http.HttpClient.CreateHttpClientResponse (System.String method, System.String url, System.Byte[] body, System.Collections.Generic.IDictionary`2[TKey,TValue] headers, System.Int32 requestTimeout) [0x00000] in <00000000000000000000000000000000>:0 
  at System.Threading.ExecutionContext.RunInternal (System.Threading.ExecutionContext executionContext, System.Threading.ContextCallback callback, System.Object state, System.Boolean preserveSyncCtx) [0x00000] in <00000000000000000000000000000000>:0 
  at System.Runtime.CompilerServices.AsyncMethodBuilderCore+MoveNextRunner.Run () [0x00000] in <00000000000000000000000000000000>:0 
  at System.Threading.Tasks.AwaitTaskContinuation.RunCallback (System.Threading.ContextCallback callback, System.Object state, System.Threading.Tasks.Task& currentTask) [0x00000] in <00000000000000000000000000000000>:0 
  at System.Threading.Tasks.SynchronizationContextAwaitTaskContinuation.Run (System.Threading.Tasks.Task ignored, System.Boolean canInlineContinuationTask) [0x00000] in <00000000000000000000000000000000>:0 
  at System.Threading.Tasks.Task.FinishContinuations () [0x00000] in <00000000000000000000000000000000>:0 
  at System.Threading.Tasks.Task`1[TResult].TrySetResult (TResult result) [0x00000] in <00000000000000000000000000000000>:0 
  at System.Runtime.CompilerServices.AsyncTaskMethodBuilder`1[TResult].SetResult (TResult result) [0x00000] in <00000000000000000000000000000000>:0 
  at Unity.Services.Lobbies.Http.HttpClient+<>c__DisplayClass4_0.<CreateHttpClientResponse>b__0 () [0x00000] in <00000000000000000000000000000000>:0 
  at System.Threading.ExecutionContext.RunInternal (System.Threading.ExecutionContext executionContext, System.Threading.ContextCallback callback, System.Object state, System.Boolean preserveSyncCtx) [0x00000] in <00000000000000000000000000000000>:0 
  at System.Runtime.CompilerServices.AsyncMethodBuilderCore+MoveNextRunner.Run () [0x00000] in <00000000000000000000000000000000>:0 
  at System.Threading.Tasks.AwaitTaskContinuation.RunCallback (System.Threading.ContextCallback callback, System.Object state, System.Threading.Tasks.Task& currentTask) [0x00000] in <00000000000000000000000000000000>:0 
  at System.Threading.Tasks.SynchronizationContextAwaitTaskContinuation.Run (System.Threading.Tasks.Task ignored, System.Boolean canInlineContinuationTask) [0x00000] in <00000000000000000000000000000000>:0 
  at System.Threading.Tasks.Task.FinishContinuations () [0x00000] in <00000000000000000000000000000000>:0 
  at System.Threading.Tasks.Task`1[TResult].TrySetResult (TResult result) [0x00000] in <00000000000000000000000000000000>:0 
  at System.Threading.Tasks.TaskCompletionSource`1[TResult].SetResult (TResult result) [0x00000] in <00000000000000000000000000000000>:0 
  at UnityEngine.AsyncOperation.InvokeCompletionEvent () [0x00000] in <00000000000000000000000000000000>:0 
UnityEngine.DebugLogHandler:Internal_Log(LogType, LogOption, String, Object)
UnityEngine.Logger:Log(LogType, Object)
UnityEngine.Debug:Log(Object)
<LeaveLobby>d__27:MoveNext()
System.Threading.ExecutionContext:RunInternal(ExecutionContext, ContextCallback, Object, Boolean)
System.Runtime.CompilerServices.MoveNextRunner:Run()
System.Threading.Tasks.AwaitTaskContinuation:RunCallback(ContextCallback, Object, Task&)
System.Threading.Tasks.SynchronizationContextAwaitTaskContinuation:Run(Task, Boolean)
System.Threading.Tasks.Task:FinishContinuations()
System.Threading.Tasks.Task:Finish(Boolean)
System.Threading.Tasks.Task:TrySetException(Object)
System.Runtime.CompilerServices.AsyncTaskMethodBuilder`1:SetException(Exception)
Unity.Services.Lobbies.Internal.<RemovePlayerAsync>d__20:MoveNext()
System.Threading.ExecutionContext:RunInternal(ExecutionContext, ContextCallback, Object, Boolean)
System.Runtime.CompilerServices.MoveNextRunner:Run()
System.Threading.Tasks.AwaitTaskContinuation:RunCallback(ContextCallback, Object, Task&)
System.Threading.Tasks.SynchronizationContextAwaitTaskContinuation:Run(Task, Boolean)
System.Threading.Tasks.Task:FinishContinuations()
System.Threading.Tasks.Task:Finish(Boolean)
System.Threading.Tasks.Task:TrySetException(Object)
System.Runtime.CompilerServices.AsyncTaskMethodBuilder`1:SetException(Exception)
Unity.Services.Lobbies.Internal.<TryCatchRequest>d__27`1:MoveNext()
System.Threading.ExecutionContext:RunInternal(ExecutionContext, ContextCallback, Object, Boolean)
System.Runtime.CompilerServices.MoveNextRunner:Run()
System.Threading.Tasks.AwaitTaskContinuation:RunCallback(ContextCallback, Object, Task&)
System.Threading.Tasks.SynchronizationContextAwaitTaskContinuation:Run(Task, Boolean)
System.Threading.Tasks.Task:FinishContinuations()
System.Threading.Tasks.Task:Finish(Boolean)
System.Threading.Tasks.Task:TrySetException(Object)
System.Runtime.CompilerServices.AsyncTaskMethodBuilder`1:SetException(Exception)
Unity.Services.Lobbies.Apis.Lobby.<RemovePlayerAsync>d__20:MoveNext()
System.Threading.ExecutionContext:RunInternal(ExecutionContext, ContextCallback, Object, Boolean)
System.Runtime.CompilerServices.MoveNextRunner:Run()
System.Threading.Tasks.AwaitTaskContinuation:RunCallback(ContextCallback, Object, Task&)
System.Threading.Tasks.SynchronizationContextAwaitTaskContinuation:Run(Task, Boolean)
System.Threading.Tasks.Task:FinishContinuations()
System.Threading.Tasks.Task`1:TrySetResult(TResult)
System.Runtime.CompilerServices.AsyncTaskMethodBuilder`1:SetResult(TResult)
Unity.Services.Lobbies.Http.<MakeRequestAsync>d__1:MoveNext()
System.Threading.ExecutionContext:RunInternal(ExecutionContext, ContextCallback, Object, Boolean)
System.Runtime.CompilerServices.MoveNextRunner:Run()
System.Threading.Tasks.AwaitTaskContinuation:RunCallback(ContextCallback, Object, Task&)
System.Threading.Tasks.SynchronizationContextAwaitTaskContinuation:Run(Task, Boolean)
System.Threading.Tasks.Task:FinishContinuations()
System.Threading.Tasks.Task`1:TrySetResult(TResult)
System.Runtime.CompilerServices.AsyncTaskMethodBuilder`1:SetResult(TResult)
Unity.Services.Lobbies.Http.<CreateWebRequestAsync>d__3:MoveNext()
System.Threading.ExecutionContext:RunInternal(ExecutionContext, ContextCallback, Object, Boolean)
System.Runtime.CompilerServices.MoveNextRunner:Run()
System.Threading.Tasks.AwaitTaskContinuation:RunCallback(ContextCallback, Object, Task&)
System.Threading.Tasks.SynchronizationContextAwaitTaskContinuation:Run(Task, Boolean)
System.Threading.Tasks.Task:FinishContinuations()
System.Threading.Tasks.Task`1:TrySetResult(TResult)
System.Runtime.CompilerServices.AsyncTaskMethodBuilder`1:SetResult(TResult)
Unity.Services.Lobbies.Http.<CreateHttpClientResponse>d__4:MoveNext()
System.Threading.ExecutionContext:RunInternal(ExecutionContext, ContextCallback, Object, Boolean)
System.Runtime.CompilerServices.MoveNextRunner:Run()
System.Threading.Tasks.AwaitTaskContinuation:RunCallback(ContextCallback, Object, Task&)
System.Threading.Tasks.SynchronizationContextAwaitTaskContinuation:Run(Task, Boolean)
System.Threading.Tasks.Task:FinishContinuations()
System.Threading.Tasks.Task`1:TrySetResult(TResult)
System.Runtime.CompilerServices.AsyncTaskMethodBuilder`1:SetResult(TResult)
Unity.Services.Lobbies.Http.<<CreateHttpClientResponse>b__0>d:MoveNext()
System.Threading.ExecutionContext:RunInternal(ExecutionContext, ContextCallback, Object, Boolean)
System.Runtime.CompilerServices.MoveNextRunner:Run()
System.Threading.Tasks.AwaitTaskContinuation:RunCallback(ContextCallback, Object, Task&)
System.Threading.Tasks.SynchronizationContextAwaitTaskContinuation:Run(Task, Boolean)
System.Threading.Tasks.Task:FinishContinuations()
System.Threading.Tasks.Task`1:TrySetResult(TResult)
System.Threading.Tasks.TaskCompletionSource`1:SetResult(TResult)
UnityEngine.AsyncOperation:InvokeCompletionEvent()

removed lobby
UnityEngine.DebugLogHandler:Internal_Log(LogType, LogOption, String, Object)
UnityEngine.Logger:Log(LogType, Object)
UnityEngine.Debug:Log(Object)
<LeaveLobby>d__27:MoveNext()
System.Threading.ExecutionContext:RunInternal(ExecutionContext, ContextCallback, Object, Boolean)
System.Runtime.CompilerServices.MoveNextRunner:Run()
System.Threading.Tasks.AwaitTaskContinuation:RunCallback(ContextCallback, Object, Task&)
System.Threading.Tasks.SynchronizationContextAwaitTaskContinuation:Run(Task, Boolean)
System.Threading.Tasks.Task:FinishContinuations()
System.Threading.Tasks.Task:Finish(Boolean)
System.Threading.Tasks.Task:TrySetException(Object)
System.Runtime.CompilerServices.AsyncTaskMethodBuilder`1:SetException(Exception)
Unity.Services.Lobbies.Internal.<RemovePlayerAsync>d__20:MoveNext()
System.Threading.ExecutionContext:RunInternal(ExecutionContext, ContextCallback, Object, Boolean)
System.Runtime.CompilerServices.MoveNextRunner:Run()
System.Threading.Tasks.AwaitTaskContinuation:RunCallback(ContextCallback, Object, Task&)
System.Threading.Tasks.SynchronizationContextAwaitTaskContinuation:Run(Task, Boolean)
System.Threading.Tasks.Task:FinishContinuations()
System.Threading.Tasks.Task:Finish(Boolean)
System.Threading.Tasks.Task:TrySetException(Object)
System.Runtime.CompilerServices.AsyncTaskMethodBuilder`1:SetException(Exception)
Unity.Services.Lobbies.Internal.<TryCatchRequest>d__27`1:MoveNext()
System.Threading.ExecutionContext:RunInternal(ExecutionContext, ContextCallback, Object, Boolean)
System.Runtime.CompilerServices.MoveNextRunner:Run()
System.Threading.Tasks.AwaitTaskContinuation:RunCallback(ContextCallback, Object, Task&)
System.Threading.Tasks.SynchronizationContextAwaitTaskContinuation:Run(Task, Boolean)
System.Threading.Tasks.Task:FinishContinuations()
System.Threading.Tasks.Task:Finish(Boolean)
System.Threading.Tasks.Task:TrySetException(Object)
System.Runtime.CompilerServices.AsyncTaskMethodBuilder`1:SetException(Exception)
Unity.Services.Lobbies.Apis.Lobby.<RemovePlayerAsync>d__20:MoveNext()
System.Threading.ExecutionContext:RunInternal(ExecutionContext, ContextCallback, Object, Boolean)
System.Runtime.CompilerServices.MoveNextRunner:Run()
System.Threading.Tasks.AwaitTaskContinuation:RunCallback(ContextCallback, Object, Task&)
System.Threading.Tasks.SynchronizationContextAwaitTaskContinuation:Run(Task, Boolean)
System.Threading.Tasks.Task:FinishContinuations()
System.Threading.Tasks.Task`1:TrySetResult(TResult)
System.Runtime.CompilerServices.AsyncTaskMethodBuilder`1:SetResult(TResult)
Unity.Services.Lobbies.Http.<MakeRequestAsync>d__1:MoveNext()
System.Threading.ExecutionContext:RunInternal(ExecutionContext, ContextCallback, Object, Boolean)
System.Runtime.CompilerServices.MoveNextRunner:Run()
System.Threading.Tasks.AwaitTaskContinuation:RunCallback(ContextCallback, Object, Task&)
System.Threading.Tasks.SynchronizationContextAwaitTaskContinuation:Run(Task, Boolean)
System.Threading.Tasks.Task:FinishContinuations()
System.Threading.Tasks.Task`1:TrySetResult(TResult)
System.Runtime.CompilerServices.AsyncTaskMethodBuilder`1:SetResult(TResult)
Unity.Services.Lobbies.Http.<CreateWebRequestAsync>d__3:MoveNext()
System.Threading.ExecutionContext:RunInternal(ExecutionContext, ContextCallback, Object, Boolean)
System.Runtime.CompilerServices.MoveNextRunner:Run()
System.Threading.Tasks.AwaitTaskContinuation:RunCallback(ContextCallback, Object, Task&)
System.Threading.Tasks.SynchronizationContextAwaitTaskContinuation:Run(Task, Boolean)
System.Threading.Tasks.Task:FinishContinuations()
System.Threading.Tasks.Task`1:TrySetResult(TResult)
System.Runtime.CompilerServices.AsyncTaskMethodBuilder`1:SetResult(TResult)
Unity.Services.Lobbies.Http.<CreateHttpClientResponse>d__4:MoveNext()
System.Threading.ExecutionContext:RunInternal(ExecutionContext, ContextCallback, Object, Boolean)
System.Runtime.CompilerServices.MoveNextRunner:Run()
System.Threading.Tasks.AwaitTaskContinuation:RunCallback(ContextCallback, Object, Task&)
System.Threading.Tasks.SynchronizationContextAwaitTaskContinuation:Run(Task, Boolean)
System.Threading.Tasks.Task:FinishContinuations()
System.Threading.Tasks.Task`1:TrySetResult(TResult)
System.Runtime.CompilerServices.AsyncTaskMethodBuilder`1:SetResult(TResult)
Unity.Services.Lobbies.Http.<<CreateHttpClientResponse>b__0>d:MoveNext()
System.Threading.ExecutionContext:RunInternal(ExecutionContext, ContextCallback, Object, Boolean)
System.Runtime.CompilerServices.MoveNextRunner:Run()
System.Threading.Tasks.AwaitTaskContinuation:RunCallback(ContextCallback, Object, Task&)
System.Threading.Tasks.SynchronizationContextAwaitTaskContinuation:Run(Task, Boolean)
System.Threading.Tasks.Task:FinishContinuations()
System.Threading.Tasks.Task`1:TrySetResult(TResult)
System.Threading.Tasks.TaskCompletionSource`1:SetResult(TResult)
UnityEngine.AsyncOperation:InvokeCompletionEvent()

Unity.Services.Lobbies.LobbyServiceException: player not found ---> Unity.Services.Lobbies.Http.HttpException`1[Unity.Services.Lobbies.Models.ErrorStatus]: (404) HTTP/1.1 404 Not Found
  at Unity.Services.Lobbies.Http.ResponseHandler.HandleAsyncResponse (Unity.Services.Lobbies.Http.HttpClientResponse response, System.Collections.Generic.Dictionary`2[TKey,TValue] statusCodeToTypeMap) [0x00000] in <00000000000000000000000000000000>:0 
  at Unity.Services.Lobbies.Apis.Lobby.LobbyApiClient.RemovePlayerAsync (Unity.Services.Lobbies.Lobby.RemovePlayerRequest request, Unity.Services.Lobbies.Configuration operationConfiguration) [0x00000] in <00000000000000000000000000000000>:0 
  at System.Threading.ExecutionContext.RunInternal (System.Threading.ExecutionContext executionContext, System.Threading.ContextCallback callback, System.Object state, System.Boolean preserveSyncCtx) [0x00000] in <00000000000000000000000000000000>:0 
  at System.Runtime.CompilerServices.AsyncMethodBuilderCore+MoveNextRunner.Run () [0x00000] in <00000000000000000000000000000000>:0 
  at System.Threading.Tasks.AwaitTaskContinuation.RunCallback (System.Threading.ContextCallback callback, System.Object state, System.Threading.Tasks.Task& currentTask) [0x00000] in <00000000000000000000000000000000>:0 
  at System.Threading.Tasks.SynchronizationContextAwaitTaskContinuation.Run (System.Threading.Tasks.Task ignored, System.Boolean canInlineContinuationTask) [0x00000] in <00000000000000000000000000000000>:0 
  at System.Threading.Tasks.Task.FinishContinuations () [0x00000] in <00000000000000000000000000000000>:0 
  at System.Threading.Tasks.Task`1[TResult].TrySetResult (TResult result) [0x00000] in <00000000000000000000000000000000>:0 
  at System.Runtime.CompilerServices.AsyncTaskMethodBuilder`1[TResult].SetResult (TResult result) [0x00000] in <00000000000000000000000000000000>:0 
  at Unity.Services.Lobbies.Http.HttpClient.MakeRequestAsync (System.String method, System.String url, System.Byte[] body, System.Collections.Generic.Dictionary`2[TKey,TValue] headers, System.Int32 requestTimeout) [0x00000] in <00000000000000000000000000000000>:0 
  at System.Threading.ExecutionContext.RunInternal (System.Threading.ExecutionContext executionContext, System.Threading.ContextCallback callback, System.Object state, System.Boolean preserveSyncCtx) [0x00000] in <00000000000000000000000000000000>:0 
  at System.Runtime.CompilerServices.AsyncMethodBuilderCore+MoveNextRunner.Run () [0x00000] in <00000000000000000000000000000000>:0 
  at System.Threading.Tasks.AwaitTaskContinuation.RunCallback (System.Threading.ContextCallback callback, System.Object state, System.Threading.Tasks.Task& currentTask) [0x00000] in <00000000000000000000000000000000>:0 
  at System.Threading.Tasks.SynchronizationContextAwaitTaskContinuation.Run (System.Threading.Tasks.Task ignored, System.Boolean canInlineContinuationTask) [0x00000] in <00000000000000000000000000000000>:0 
  at System.Threading.Tasks.Task.FinishContinuations () [0x00000] in <00000000000000000000000000000000>:0 
  at System.Threading.Tasks.Task`1[TResult].TrySetResult (TResult result) [0x00000] in <00000000000000000000000000000000>:0 
  at System.Runtime.CompilerServices.AsyncTaskMethodBuilder`1[TResult].SetResult (TResult result) [0x00000] in <00000000000000000000000000000000>:0 
  at Unity.Services.Lobbies.Http.HttpClient.CreateWebRequestAsync (System.String method, System.String url, System.Byte[] body, System.Collections.Generic.IDictionary`2[TKey,TValue] headers, System.Int32 requestTimeout) [0x00000] in <00000000000000000000000000000000>:0 
  at System.Threading.ExecutionContext.RunInternal (System.Threading.ExecutionContext executionContext, System.Threading.ContextCallback callback, System.Object state, System.Boolean preserveSyncCtx) [0x00000] in <00000000000000000000000000000000>:0 
  at System.Runtime.CompilerServices.AsyncMethodBuilderCore+MoveNextRunner.Run () [0x00000] in <00000000000000000000000000000000>:0 
  at System.Threading.Tasks.AwaitTaskContinuation.RunCallback (System.Threading.ContextCallback callback, System.Object state, System.Threading.Tasks.Task& currentTask) [0x00000] in <00000000000000000000000000000000>:0 
  at System.Threading.Tasks.SynchronizationContextAwaitTaskContinuation.Run (System.Threading.Tasks.Task ignored, System.Boolean canInlineContinuationTask) [0x00000] in <00000000000000000000000000000000>:0 
  at System.Threading.Tasks.Task.FinishContinuations () [0x00000] in <00000000000000000000000000000000>:0 
  at System.Threading.Tasks.Task`1[TResult].TrySetResult (TResult result) [0x00000] in <00000000000000000000000000000000>:0 
  at System.Runtime.CompilerServices.AsyncTaskMethodBuilder`1[TResult].SetResult (TResult result) [0x00000] in <00000000000000000000000000000000>:0 
  at Unity.Services.Lobbies.Http.HttpClient.CreateHttpClientResponse (System.String method, System.String url, System.Byte[] body, System.Collections.Generic.IDictionary`2[TKey,TValue] headers, System.Int32 requestTimeout) [0x00000] in <00000000000000000000000000000000>:0 
  at System.Threading.ExecutionContext.RunInternal (System.Threading.ExecutionContext executionContext, System.Threading.ContextCallback callback, System.Object state, System.Boolean preserveSyncCtx) [0x00000] in <00000000000000000000000000000000>:0 
  at System.Runtime.CompilerServices.AsyncMethodBuilderCore+MoveNextRunner.Run () [0x00000] in <00000000000000000000000000000000>:0 
  at System.Threading.Tasks.AwaitTaskContinuation.RunCallback (System.Threading.ContextCallback callback, System.Object state, System.Threading.Tasks.Task& currentTask) [0x00000] in <00000000000000000000000000000000>:0 
  at System.Threading.Tasks.SynchronizationContextAwaitTaskContinuation.Run (System.Threading.Tasks.Task ignored, System.Boolean canInlineContinuationTask) [0x00000] in <00000000000000000000000000000000>:0 
  at System.Threading.Tasks.Task.FinishContinuations () [0x00000] in <00000000000000000000000000000000>:0 
  at System.Threading.Tasks.Task`1[TResult].TrySetResult (TResult result) [0x00000] in <00000000000000000000000000000000>:0 
  at System.Runtime.CompilerServices.AsyncTaskMethodBuilder`1[TResult].SetResult (TResult result) [0x00000] in <00000000000000000000000000000000>:0 
  at Unity.Services.Lobbies.Http.HttpClient+<>c__DisplayClass4_0.<CreateHttpClientResponse>b__0 () [0x00000] in <00000000000000000000000000000000>:0 
  at System.Threading.ExecutionContext.RunInternal (System.Threading.ExecutionContext executionContext, System.Threading.ContextCallback callback, System.Object state, System.Boolean preserveSyncCtx) [0x00000] in <00000000000000000000000000000000>:0 
  at System.Runtime.CompilerServices.AsyncMethodBuilderCore+MoveNextRunner.Run () [0x00000] in <00000000000000000000000000000000>:0 
  at System.Threading.Tasks.AwaitTaskContinuation.RunCallback (System.Threading.ContextCallback callback, System.Object state, System.Threading.Tasks.Task& currentTask) [0x00000] in <00000000000000000000000000000000>:0 
  at System.Threading.Tasks.SynchronizationContextAwaitTaskContinuation.Run (System.Threading.Tasks.Task ignored, System.Boolean canInlineContinuationTask) [0x00000] in <00000000000000000000000000000000>:0 
  at System.Threading.Tasks.Task.FinishContinuations () [0x00000] in <00000000000000000000000000000000>:0 
  at System.Threading.Tasks.Task`1[TResult].TrySetResult (TResult result) [0x00000] in <00000000000000000000000000000000>:0 
  at System.Threading.Tasks.TaskCompletionSource`1[TResult].SetResult (TResult result) [0x00000] in <00000000000000000000000000000000>:0 
  at UnityEngine.AsyncOperation.InvokeCompletionEvent () [0x00000] in <00000000000000000000000000000000>:0 
--- End of stack trace from previous location where exception was thrown ---

  at Unity.Services.Lobbies.Internal.WrappedLobbyService.TryCatchRequest[TRequest] (System.String api, System.Func`3[T1,T2,TResult] func, TRequest request) [0x00000] in <00000000000000000000000000000000>:0 
  at System.Threading.ExecutionContext.RunInternal (System.Threading.ExecutionContext executionContext, System.Threading.ContextCallback callback, System.Object state, System.Boolean preserveSyncCtx) [0x00000] in <00000000000000000000000000000000>:0 
  at System.Runtime.CompilerServices.AsyncMethodBuilderCore+MoveNextRunner.Run () [0x00000] in <00000000000000000000000000000000>:0 
  at System.Threading.Tasks.AwaitTaskContinuation.RunCallback (System.Threading.ContextCallback callback, System.Object state, System.Threading.Tasks.Task& currentTask) [0x00000] in <00000000000000000000000000000000>:0 
  at System.Threading.Tasks.SynchronizationContextAwaitTaskContinuation.Run (System.Threading.Tasks.Task ignored, System.Boolean canInlineContinuationTask) [0x00000] in <00000000000000000000000000000000>:0 
  at System.Threading.Tasks.Task.FinishContinuations () [0x00000] in <00000000000000000000000000000000>:0 
  at System.Threading.Tasks.Task.Finish (System.Boolean bUserDelegateExecuted) [0x00000] in <00000000000000000000000000000000>:0 
  at System.Threading.Tasks.Task.TrySetException (System.Object exceptionObject) [0x00000] in <00000000000000000000000000000000>:0 
  at System.Runtime.CompilerServices.AsyncTaskMethodBuilder`1[TResult].SetException (System.Exception exception) [0x00000] in <00000000000000000000000000000000>:0 
  at Unity.Services.Lobbies.Apis.Lobby.LobbyApiClient.RemovePlayerAsync (Unity.Services.Lobbies.Lobby.RemovePlayerRequest request, Unity.Services.Lobbies.Configuration operationConfiguration) [0x00000] in <00000000000000000000000000000000>:0 
  at System.Threading.ExecutionContext.RunInternal (System.Threading.ExecutionContext executionContext, System.Threading.ContextCallback callback, System.Object state, System.Boolean preserveSyncCtx) [0x00000] in <00000000000000000000000000000000>:0 
  at System.Runtime.CompilerServices.AsyncMethodBuilderCore+MoveNextRunner.Run () [0x00000] in <00000000000000000000000000000000>:0 
  at System.Threading.Tasks.AwaitTaskContinuation.RunCallback (System.Threading.ContextCallback callback, System.Object state, System.Threading.Tasks.Task& currentTask) [0x00000] in <00000000000000000000000000000000>:0 
  at System.Threading.Tasks.SynchronizationContextAwaitTaskContinuation.Run (System.Threading.Tasks.Task ignored, System.Boolean canInlineContinuationTask) [0x00000] in <00000000000000000000000000000000>:0 
  at System.Threading.Tasks.Task.FinishContinuations () [0x00000] in <00000000000000000000000000000000>:0 
  at System.Threading.Tasks.Task`1[TResult].TrySetResult (TResult result) [0x00000] in <00000000000000000000000000000000>:0 
  at System.Runtime.CompilerServices.AsyncTaskMethodBuilder`1[TResult].SetResult (TResult result) [0x00000] in <00000000000000000000000000000000>:0 
  at Unity.Services.Lobbies.Http.HttpClient.MakeRequestAsync (System.String method, System.String url, System.Byte[] body, System.Collections.Generic.Dictionary`2[TKey,TValue] headers, System.Int32 requestTimeout) [0x00000] in <00000000000000000000000000000000>:0 
  at System.Threading.ExecutionContext.RunInternal (System.Threading.ExecutionContext executionContext, System.Threading.ContextCallback callback, System.Object state, System.Boolean preserveSyncCtx) [0x00000] in <00000000000000000000000000000000>:0 
  at System.Runtime.CompilerServices.AsyncMethodBuilderCore+MoveNextRunner.Run () [0x00000] in <00000000000000000000000000000000>:0 
  at System.Threading.Tasks.AwaitTaskContinuation.RunCallback (System.Threading.ContextCallback callback, System.Object state, System.Threading.Tasks.Task& currentTask) [0x00000] in <00000000000000000000000000000000>:0 
  at System.Threading.Tasks.SynchronizationContextAwaitTaskContinuation.Run (System.Threading.Tasks.Task ignored, System.Boolean canInlineContinuationTask) [0x00000] in <00000000000000000000000000000000>:0 
  at System.Threading.Tasks.Task.FinishContinuations () [0x00000] in <00000000000000000000000000000000>:0 
  at System.Threading.Tasks.Task`1[TResult].TrySetResult (TResult result) [0x00000] in <00000000000000000000000000000000>:0 
  at System.Runtime.CompilerServices.AsyncTaskMethodBuilder`1[TResult].SetResult (TResult result) [0x00000] in <00000000000000000000000000000000>:0 
  at Unity.Services.Lobbies.Http.HttpClient.CreateWebRequestAsync (System.String method, System.String url, System.Byte[] body, System.Collections.Generic.IDictionary`2[TKey,TValue] headers, System.Int32 requestTimeout) [0x00000] in <00000000000000000000000000000000>:0 
  at System.Threading.ExecutionContext.RunInternal (System.Threading.ExecutionContext executionContext, System.Threading.ContextCallback callback, System.Object state, System.Boolean preserveSyncCtx) [0x00000] in <00000000000000000000000000000000>:0 
  at System.Runtime.CompilerServices.AsyncMethodBuilderCore+MoveNextRunner.Run () [0x00000] in <00000000000000000000000000000000>:0 
  at System.Threading.Tasks.AwaitTaskContinuation.RunCallback (System.Threading.ContextCallback callback, System.Object state, System.Threading.Tasks.Task& currentTask) [0x00000] in <00000000000000000000000000000000>:0 
  at System.Threading.Tasks.SynchronizationContextAwaitTaskContinuation.Run (System.Threading.Tasks.Task ignored, System.Boolean canInlineContinuationTask) [0x00000] in <00000000000000000000000000000000>:0 
  at System.Threading.Tasks.Task.FinishContinuations () [0x00000] in <00000000000000000000000000000000>:0 
  at System.Threading.Tasks.Task`1[TResult].TrySetResult (TResult result) [0x00000] in <00000000000000000000000000000000>:0 
  at System.Runtime.CompilerServices.AsyncTaskMethodBuilder`1[TResult].SetResult (TResult result) [0x00000] in <00000000000000000000000000000000>:0 
  at Unity.Services.Lobbies.Http.HttpClient.CreateHttpClientResponse (System.String method, System.String url, System.Byte[] body, System.Collections.Generic.IDictionary`2[TKey,TValue] headers, System.Int32 requestTimeout) [0x00000] in <00000000000000000000000000000000>:0 
  at System.Threading.ExecutionContext.RunInternal (System.Threading.ExecutionContext executionContext, System.Threading.ContextCallback callback, System.Object state, System.Boolean preserveSyncCtx) [0x00000] in <00000000000000000000000000000000>:0 
  at System.Runtime.CompilerServices.AsyncMethodBuilderCore+MoveNextRunner.Run () [0x00000] in <00000000000000000000000000000000>:0 
  at System.Threading.Tasks.AwaitTaskContinuation.RunCallback (System.Threading.ContextCallback callback, System.Object state, System.Threading.Tasks.Task& currentTask) [0x00000] in <00000000000000000000000000000000>:0 
  at System.Threading.Tasks.SynchronizationContextAwaitTaskContinuation.Run (System.Threading.Tasks.Task ignored, System.Boolean canInlineContinuationTask) [0x00000] in <00000000000000000000000000000000>:0 
  at System.Threading.Tasks.Task.FinishContinuations () [0x00000] in <00000000000000000000000000000000>:0 
  at System.Threading.Tasks.Task`1[TResult].TrySetResult (TResult result) [0x00000] in <00000000000000000000000000000000>:0 
  at System.Runtime.CompilerServices.AsyncTaskMethodBuilder`1[TResult].SetResult (TResult result) [0x00000] in <00000000000000000000000000000000>:0 
  at Unity.Services.Lobbies.Http.HttpClient+<>c__DisplayClass4_0.<CreateHttpClientResponse>b__0 () [0x00000] in <00000000000000000000000000000000>:0 
  at System.Threading.ExecutionContext.RunInternal (System.Threading.ExecutionContext executionContext, System.Threading.ContextCallback callback, System.Object state, System.Boolean preserveSyncCtx) [0x00000] in <00000000000000000000000000000000>:0 
  at System.Runtime.CompilerServices.AsyncMethodBuilderCore+MoveNextRunner.Run () [0x00000] in <00000000000000000000000000000000>:0 
  at System.Threading.Tasks.AwaitTaskContinuation.RunCallback (System.Threading.ContextCallback callback, System.Object state, System.Threading.Tasks.Task& currentTask) [0x00000] in <00000000000000000000000000000000>:0 
  at System.Threading.Tasks.SynchronizationContextAwaitTaskContinuation.Run (System.Threading.Tasks.Task ignored, System.Boolean canInlineContinuationTask) [0x00000] in <00000000000000000000000000000000>:0 
  at System.Threading.Tasks.Task.FinishContinuations () [0x00000] in <00000000000000000000000000000000>:0 
  at System.Threading.Tasks.Task`1[TResult].TrySetResult (TResult result) [0x00000] in <00000000000000000000000000000000>:0 
  at System.Threading.Tasks.TaskCompletionSource`1[TResult].SetResult (TResult result) [0x00000] in <00000000000000000000000000000000>:0 
  at UnityEngine.AsyncOperation.InvokeCompletionEvent () [0x00000] in <00000000000000000000000000000000>:0 
   --- End of inner exception stack trace ---
  at Unity.Services.Lobbies.Internal.WrappedLobbyService.ResolveErrorWrapping (Unity.Services.Lobbies.LobbyExceptionReason reason, System.Exception exception) [0x00000] in <00000000000000000000000000000000>:0 
  at Unity.Services.Lobbies.Internal.WrappedLobbyService.TryCatchRequest[TRequest] (System.String api, System.Func`3[T1,T2,TResult] func, TRequest request) [0x00000] in <00000000000000000000000000000000>:0 
  at System.Threading.ExecutionContext.RunInternal (System.Threading.ExecutionContext executionContext, System.Threading.ContextCallback callback, System.Object state, System.Boolean preserveSyncCtx) [0x00000] in <00000000000000000000000000000000>:0 
  at System.Runtime.CompilerServices.AsyncMethodBuilderCore+MoveNextRunner.Run () [0x00000] in <00000000000000000000000000000000>:0 
  at System.Threading.Tasks.AwaitTaskContinuation.RunCallback (System.Threading.ContextCallback callback, System.Object state, System.Threading.Tasks.Task& currentTask) [0x00000] in <00000000000000000000000000000000>:0 
  at System.Threading.Tasks.SynchronizationContextAwaitTaskContinuation.Run (System.Threading.Tasks.Task ignored, System.Boolean canInlineContinuationTask) [0x00000] in <00000000000000000000000000000000>:0 
  at System.Threading.Tasks.Task.FinishContinuations () [0x00000] in <00000000000000000000000000000000>:0 
  at System.Threading.Tasks.Task.Finish (System.Boolean bUserDelegateExecuted) [0x00000] in <00000000000000000000000000000000>:0 
  at System.Threading.Tasks.Task.TrySetException (System.Object exceptionObject) [0x00000] in <00000000000000000000000000000000>:0 
  at System.Runtime.CompilerServices.AsyncTaskMethodBuilder`1[TResult].SetException (System.Exception exception) [0x00000] in <00000000000000000000000000000000>:0 
  at Unity.Services.Lobbies.Apis.Lobby.LobbyApiClient.RemovePlayerAsync (Unity.Services.Lobbies.Lobby.RemovePlayerRequest request, Unity.Services.Lobbies.Configuration operationConfiguration) [0x00000] in <00000000000000000000000000000000>:0 
  at System.Threading.ExecutionContext.RunInternal (System.Threading.ExecutionContext executionContext, System.Threading.ContextCallback callback, System.Object state, System.Boolean preserveSyncCtx) [0x00000] in <00000000000000000000000000000000>:0 
  at System.Runtime.CompilerServices.AsyncMethodBuilderCore+MoveNextRunner.Run () [0x00000] in <00000000000000000000000000000000>:0 
  at System.Threading.Tasks.AwaitTaskContinuation.RunCallback (System.Threading.ContextCallback callback, System.Object state, System.Threading.Tasks.Task& currentTask) [0x00000] in <00000000000000000000000000000000>:0 
  at System.Threading.Tasks.SynchronizationContextAwaitTaskContinuation.Run (System.Threading.Tasks.Task ignored, System.Boolean canInlineContinuationTask) [0x00000] in <00000000000000000000000000000000>:0 
  at System.Threading.Tasks.Task.FinishContinuations () [0x00000] in <00000000000000000000000000000000>:0 
  at System.Threading.Tasks.Task`1[TResult].TrySetResult (TResult result) [0x00000] in <00000000000000000000000000000000>:0 
  at System.Runtime.CompilerServices.AsyncTaskMethodBuilder`1[TResult].SetResult (TResult result) [0x00000] in <00000000000000000000000000000000>:0 
  at Unity.Services.Lobbies.Http.HttpClient.MakeRequestAsync (System.String method, System.String url, System.Byte[] body, System.Collections.Generic.Dictionary`2[TKey,TValue] headers, System.Int32 requestTimeout) [0x00000] in <00000000000000000000000000000000>:0 
  at System.Threading.ExecutionContext.RunInternal (System.Threading.ExecutionContext executionContext, System.Threading.ContextCallback callback, System.Object state, System.Boolean preserveSyncCtx) [0x00000] in <00000000000000000000000000000000>:0 
  at System.Runtime.CompilerServices.AsyncMethodBuilderCore+MoveNextRunner.Run () [0x00000] in <00000000000000000000000000000000>:0 
  at System.Threading.Tasks.AwaitTaskContinuation.RunCallback (System.Threading.ContextCallback callback, System.Object state, System.Threading.Tasks.Task& currentTask) [0x00000] in <00000000000000000000000000000000>:0 
  at System.Threading.Tasks.SynchronizationContextAwaitTaskContinuation.Run (System.Threading.Tasks.Task ignored, System.Boolean canInlineContinuationTask) [0x00000] in <00000000000000000000000000000000>:0 
  at System.Threading.Tasks.Task.FinishContinuations () [0x00000] in <00000000000000000000000000000000>:0 
  at System.Threading.Tasks.Task`1[TResult].TrySetResult (TResult result) [0x00000] in <00000000000000000000000000000000>:0 
  at System.Runtime.CompilerServices.AsyncTaskMethodBuilder`1[TResult].SetResult (TResult result) [0x00000] in <00000000000000000000000000000000>:0 
  at Unity.Services.Lobbies.Http.HttpClient.CreateWebRequestAsync (System.String method, System.String url, System.Byte[] body, System.Collections.Generic.IDictionary`2[TKey,TValue] headers, System.Int32 requestTimeout) [0x00000] in <00000000000000000000000000000000>:0 
  at System.Threading.ExecutionContext.RunInternal (System.Threading.ExecutionContext executionContext, System.Threading.ContextCallback callback, System.Object state, System.Boolean preserveSyncCtx) [0x00000] in <00000000000000000000000000000000>:0 
  at System.Runtime.CompilerServices.AsyncMethodBuilderCore+MoveNextRunner.Run () [0x00000] in <00000000000000000000000000000000>:0 
  at System.Threading.Tasks.AwaitTaskContinuation.RunCallback (System.Threading.ContextCallback callback, System.Object state, System.Threading.Tasks.Task& currentTask) [0x00000] in <00000000000000000000000000000000>:0 
  at System.Threading.Tasks.SynchronizationContextAwaitTaskContinuation.Run (System.Threading.Tasks.Task ignored, System.Boolean canInlineContinuationTask) [0x00000] in <00000000000000000000000000000000>:0 
  at System.Threading.Tasks.Task.FinishContinuations () [0x00000] in <00000000000000000000000000000000>:0 
  at System.Threading.Tasks.Task`1[TResult].TrySetResult (TResult result) [0x00000] in <00000000000000000000000000000000>:0 
  at System.Runtime.CompilerServices.AsyncTaskMethodBuilder`1[TResult].SetResult (TResult result) [0x00000] in <00000000000000000000000000000000>:0 
  at Unity.Services.Lobbies.Http.HttpClient.CreateHttpClientResponse (System.String method, System.String url, System.Byte[] body, System.Collections.Generic.IDictionary`2[TKey,TValue] headers, System.Int32 requestTimeout) [0x00000] in <00000000000000000000000000000000>:0 
  at System.Threading.ExecutionContext.RunInternal (System.Threading.ExecutionContext executionContext, System.Threading.ContextCallback callback, System.Object state, System.Boolean preserveSyncCtx) [0x00000] in <00000000000000000000000000000000>:0 
  at System.Runtime.CompilerServices.AsyncMethodBuilderCore+MoveNextRunner.Run () [0x00000] in <00000000000000000000000000000000>:0 
  at System.Threading.Tasks.AwaitTaskContinuation.RunCallback (System.Threading.ContextCallback callback, System.Object state, System.Threading.Tasks.Task& currentTask) [0x00000] in <00000000000000000000000000000000>:0 
  at System.Threading.Tasks.SynchronizationContextAwaitTaskContinuation.Run (System.Threading.Tasks.Task ignored, System.Boolean canInlineContinuationTask) [0x00000] in <00000000000000000000000000000000>:0 
  at System.Threading.Tasks.Task.FinishContinuations () [0x00000] in <00000000000000000000000000000000>:0 
  at System.Threading.Tasks.Task`1[TResult].TrySetResult (TResult result) [0x00000] in <00000000000000000000000000000000>:0 
  at System.Runtime.CompilerServices.AsyncTaskMethodBuilder`1[TResult].SetResult (TResult result) [0x00000] in <00000000000000000000000000000000>:0 
  at Unity.Services.Lobbies.Http.HttpClient+<>c__DisplayClass4_0.<CreateHttpClientResponse>b__0 () [0x00000] in <00000000000000000000000000000000>:0 
  at System.Threading.ExecutionContext.RunInternal (System.Threading.ExecutionContext executionContext, System.Threading.ContextCallback callback, System.Object state, System.Boolean preserveSyncCtx) [0x00000] in <00000000000000000000000000000000>:0 
  at System.Runtime.CompilerServices.AsyncMethodBuilderCore+MoveNextRunner.Run () [0x00000] in <00000000000000000000000000000000>:0 
  at System.Threading.Tasks.AwaitTaskContinuation.RunCallback (System.Threading.ContextCallback callback, System.Object state, System.Threading.Tasks.Task& currentTask) [0x00000] in <00000000000000000000000000000000>:0 
  at System.Threading.Tasks.SynchronizationContextAwaitTaskContinuation.Run (System.Threading.Tasks.Task ignored, System.Boolean canInlineContinuationTask) [0x00000] in <00000000000000000000000000000000>:0 
  at System.Threading.Tasks.Task.FinishContinuations () [0x00000] in <00000000000000000000000000000000>:0 
  at System.Threading.Tasks.Task`1[TResult].TrySetResult (TResult result) [0x00000] in <00000000000000000000000000000000>:0 
  at System.Threading.Tasks.TaskCompletionSource`1[TResult].SetResult (TResult result) [0x00000] in <00000000000000000000000000000000>:0 
  at UnityEngine.AsyncOperation.InvokeCompletionEvent () [0x00000] in <00000000000000000000000000000000>:0 
--- End of stack trace from previous location where exception was thrown ---

  at Unity.Services.Lobbies.Internal.WrappedLobbyService.RemovePlayerAsync (System.String lobbyId, System.String playerId) [0x00000] in <00000000000000000000000000000000>:0 
  at System.Threading.ExecutionContext.RunInternal (System.Threading.ExecutionContext executionContext, System.Threading.ContextCallback callback, System.Object state, System.Boolean preserveSyncCtx) [0x00000] in <00000000000000000000000000000000>:0 
  at System.Runtime.CompilerServices.AsyncMethodBuilderCore+MoveNextRunner.Run () [0x00000] in <00000000000000000000000000000000>:0 
  at System.Threading.Tasks.AwaitTaskContinuation.RunCallback (System.Threading.ContextCallback callback, System.Object state, System.Threading.Tasks.Task& currentTask) [0x00000] in <00000000000000000000000000000000>:0 
  at System.Threading.Tasks.SynchronizationContextAwaitTaskContinuation.Run (System.Threading.Tasks.Task ignored, System.Boolean canInlineContinuationTask) [0x00000] in <00000000000000000000000000000000>:0 
  at System.Threading.Tasks.Task.FinishContinuations () [0x00000] in <00000000000000000000000000000000>:0 
  at System.Threading.Tasks.Task.Finish (System.Boolean bUserDelegateExecuted) [0x00000] in <00000000000000000000000000000000>:0 
  at System.Threading.Tasks.Task.TrySetException (System.Object exceptionObject) [0x00000] in <00000000000000000000000000000000>:0 
  at System.Runtime.CompilerServices.AsyncTaskMethodBuilder`1[TResult].SetException (System.Exception exception) [0x00000] in <00000000000000000000000000000000>:0 
  at Unity.Services.Lobbies.Internal.WrappedLobbyService.TryCatchRequest[TRequest] (System.String api, System.Func`3[T1,T2,TResult] func, TRequest request) [0x00000] in <00000000000000000000000000000000>:0 
  at System.Threading.ExecutionContext.RunInternal (System.Threading.ExecutionContext executionContext, System.Threading.ContextCallback callback, System.Object state, System.Boolean preserveSyncCtx) [0x00000] in <00000000000000000000000000000000>:0 
  at System.Runtime.CompilerServices.AsyncMethodBuilderCore+MoveNextRunner.Run () [0x00000] in <00000000000000000000000000000000>:0 
  at System.Threading.Tasks.AwaitTaskContinuation.RunCallback (System.Threading.ContextCallback callback, System.Object state, System.Threading.Tasks.Task& currentTask) [0x00000] in <00000000000000000000000000000000>:0 
  at System.Threading.Tasks.SynchronizationContextAwaitTaskContinuation.Run (System.Threading.Tasks.Task ignored, System.Boolean canInlineContinuationTask) [0x00000] in <00000000000000000000000000000000>:0 
  at System.Threading.Tasks.Task.FinishContinuations () [0x00000] in <00000000000000000000000000000000>:0 
  at System.Threading.Tasks.Task.Finish (System.Boolean bUserDelegateExecuted) [0x00000] in <00000000000000000000000000000000>:0 
  at System.Threading.Tasks.Task.TrySetException (System.Object exceptionObject) [0x00000] in <00000000000000000000000000000000>:0 
  at System.Runtime.CompilerServices.AsyncTaskMethodBuilder`1[TResult].SetException (System.Exception exception) [0x00000] in <00000000000000000000000000000000>:0 
  at Unity.Services.Lobbies.Apis.Lobby.LobbyApiClient.RemovePlayerAsync (Unity.Services.Lobbies.Lobby.RemovePlayerRequest request, Unity.Services.Lobbies.Configuration operationConfiguration) [0x00000] in <00000000000000000000000000000000>:0 
  at System.Threading.ExecutionContext.RunInternal (System.Threading.ExecutionContext executionContext, System.Threading.ContextCallback callback, System.Object state, System.Boolean preserveSyncCtx) [0x00000] in <00000000000000000000000000000000>:0 
  at System.Runtime.CompilerServices.AsyncMethodBuilderCore+MoveNextRunner.Run () [0x00000] in <00000000000000000000000000000000>:0 
  at System.Threading.Tasks.AwaitTaskContinuation.RunCallback (System.Threading.ContextCallback callback, System.Object state, System.Threading.Tasks.Task& currentTask) [0x00000] in <00000000000000000000000000000000>:0 
  at System.Threading.Tasks.SynchronizationContextAwaitTaskContinuation.Run (System.Threading.Tasks.Task ignored, System.Boolean canInlineContinuationTask) [0x00000] in <00000000000000000000000000000000>:0 
  at System.Threading.Tasks.Task.FinishContinuations () [0x00000] in <00000000000000000000000000000000>:0 
  at System.Threading.Tasks.Task`1[TResult].TrySetResult (TResult result) [0x00000] in <00000000000000000000000000000000>:0 
  at System.Runtime.CompilerServices.AsyncTaskMethodBuilder`1[TResult].SetResult (TResult result) [0x00000] in <00000000000000000000000000000000>:0 
  at Unity.Services.Lobbies.Http.HttpClient.MakeRequestAsync (System.String method, System.String url, System.Byte[] body, System.Collections.Generic.Dictionary`2[TKey,TValue] headers, System.Int32 requestTimeout) [0x00000] in <00000000000000000000000000000000>:0 
  at System.Threading.ExecutionContext.RunInternal (System.Threading.ExecutionContext executionContext, System.Threading.ContextCallback callback, System.Object state, System.Boolean preserveSyncCtx) [0x00000] in <00000000000000000000000000000000>:0 
  at System.Runtime.CompilerServices.AsyncMethodBuilderCore+MoveNextRunner.Run () [0x00000] in <00000000000000000000000000000000>:0 
  at System.Threading.Tasks.AwaitTaskContinuation.RunCallback (System.Threading.ContextCallback callback, System.Object state, System.Threading.Tasks.Task& currentTask) [0x00000] in <00000000000000000000000000000000>:0 
  at System.Threading.Tasks.SynchronizationContextAwaitTaskContinuation.Run (System.Threading.Tasks.Task ignored, System.Boolean canInlineContinuationTask) [0x00000] in <00000000000000000000000000000000>:0 
  at System.Threading.Tasks.Task.FinishContinuations () [0x00000] in <00000000000000000000000000000000>:0 
  at System.Threading.Tasks.Task`1[TResult].TrySetResult (TResult result) [0x00000] in <00000000000000000000000000000000>:0 
  at System.Runtime.CompilerServices.AsyncTaskMethodBuilder`1[TResult].SetResult (TResult result) [0x00000] in <00000000000000000000000000000000>:0 
  at Unity.Services.Lobbies.Http.HttpClient.CreateWebRequestAsync (System.String method, System.String url, System.Byte[] body, System.Collections.Generic.IDictionary`2[TKey,TValue] headers, System.Int32 requestTimeout) [0x00000] in <00000000000000000000000000000000>:0 
  at System.Threading.ExecutionContext.RunInternal (System.Threading.ExecutionContext executionContext, System.Threading.ContextCallback callback, System.Object state, System.Boolean preserveSyncCtx) [0x00000] in <00000000000000000000000000000000>:0 
  at System.Runtime.CompilerServices.AsyncMethodBuilderCore+MoveNextRunner.Run () [0x00000] in <00000000000000000000000000000000>:0 
  at System.Threading.Tasks.AwaitTaskContinuation.RunCallback (System.Threading.ContextCallback callback, System.Object state, System.Threading.Tasks.Task& currentTask) [0x00000] in <00000000000000000000000000000000>:0 
  at System.Threading.Tasks.SynchronizationContextAwaitTaskContinuation.Run (System.Threading.Tasks.Task ignored, System.Boolean canInlineContinuationTask) [0x00000] in <00000000000000000000000000000000>:0 
  at System.Threading.Tasks.Task.FinishContinuations () [0x00000] in <00000000000000000000000000000000>:0 
  at System.Threading.Tasks.Task`1[TResult].TrySetResult (TResult result) [0x00000] in <00000000000000000000000000000000>:0 
  at System.Runtime.CompilerServices.AsyncTaskMethodBuilder`1[TResult].SetResult (TResult result) [0x00000] in <00000000000000000000000000000000>:0 
  at Unity.Services.Lobbies.Http.HttpClient.CreateHttpClientResponse (System.String method, System.String url, System.Byte[] body, System.Collections.Generic.IDictionary`2[TKey,TValue] headers, System.Int32 requestTimeout) [0x00000] in <00000000000000000000000000000000>:0 
  at System.Threading.ExecutionContext.RunInternal (System.Threading.ExecutionContext executionContext, System.Threading.ContextCallback callback, System.Object state, System.Boolean preserveSyncCtx) [0x00000] in <00000000000000000000000000000000>:0 
  at System.Runtime.CompilerServices.AsyncMethodBuilderCore+MoveNextRunner.Run () [0x00000] in <00000000000000000000000000000000>:0 
  at System.Threading.Tasks.AwaitTaskContinuation.RunCallback (System.Threading.ContextCallback callback, System.Object state, System.Threading.Tasks.Task& currentTask) [0x00000] in <00000000000000000000000000000000>:0 
  at System.Threading.Tasks.SynchronizationContextAwaitTaskContinuation.Run (System.Threading.Tasks.Task ignored, System.Boolean canInlineContinuationTask) [0x00000] in <00000000000000000000000000000000>:0 
  at System.Threading.Tasks.Task.FinishContinuations () [0x00000] in <00000000000000000000000000000000>:0 
  at System.Threading.Tasks.Task`1[TResult].TrySetResult (TResult result) [0x00000] in <00000000000000000000000000000000>:0 
  at System.Runtime.CompilerServices.AsyncTaskMethodBuilder`1[TResult].SetResult (TResult result) [0x00000] in <00000000000000000000000000000000>:0 
  at Unity.Services.Lobbies.Http.HttpClient+<>c__DisplayClass4_0.<CreateHttpClientResponse>b__0 () [0x00000] in <00000000000000000000000000000000>:0 
  at System.Threading.ExecutionContext.RunInternal (System.Threading.ExecutionContext executionContext, System.Threading.ContextCallback callback, System.Object state, System.Boolean preserveSyncCtx) [0x00000] in <00000000000000000000000000000000>:0 
  at System.Runtime.CompilerServices.AsyncMethodBuilderCore+MoveNextRunner.Run () [0x00000] in <00000000000000000000000000000000>:0 
  at System.Threading.Tasks.AwaitTaskContinuation.RunCallback (System.Threading.ContextCallback callback, System.Object state, System.Threading.Tasks.Task& currentTask) [0x00000] in <00000000000000000000000000000000>:0 
  at System.Threading.Tasks.SynchronizationContextAwaitTaskContinuation.Run (System.Threading.Tasks.Task ignored, System.Boolean canInlineContinuationTask) [0x00000] in <00000000000000000000000000000000>:0 
  at System.Threading.Tasks.Task.FinishContinuations () [0x00000] in <00000000000000000000000000000000>:0 
  at System.Threading.Tasks.Task`1[TResult].TrySetResult (TResult result) [0x00000] in <00000000000000000000000000000000>:0 
  at System.Threading.Tasks.TaskCompletionSource`1[TResult].SetResult (TResult result) [0x00000] in <00000000000000000000000000000000>:0 
  at UnityEngine.AsyncOperation.InvokeCompletionEvent () [0x00000] in <00000000000000000000000000000000>:0 
--- End of stack trace from previous location where exception was thrown ---

  at LobbyManager.LeaveLobby () [0x00000] in <00000000000000000000000000000000>:0 
  at System.Threading.ExecutionContext.RunInternal (System.Threading.ExecutionContext executionContext, System.Threading.ContextCallback callback, System.Object state, System.Boolean preserveSyncCtx) [0x00000] in <00000000000000000000000000000000>:0 
  at System.Runtime.CompilerServices.AsyncMethodBuilderCore+MoveNextRunner.Run () [0x00000] in <00000000000000000000000000000000>:0 
  at System.Threading.Tasks.AwaitTaskContinuation.RunCallback (System.Threading.ContextCallback callback, System.Object state, System.Threading.Tasks.Task& currentTask) [0x00000] in <00000000000000000000000000000000>:0 
  at System.Threading.Tasks.SynchronizationContextAwaitTaskContinuation.Run (System.Threading.Tasks.Task ignored, System.Boolean canInlineContinuationTask) [0x00000] in <00000000000000000000000000000000>:0 
  at System.Threading.Tasks.Task.FinishContinuations () [0x00000] in <00000000000000000000000000000000>:0 
  at System.Threading.Tasks.Task.Finish (System.Boolean bUserDelegateExecuted) [0x00000] in <00000000000000000000000000000000>:0 
  at System.Threading.Tasks.Task.TrySetException (System.Object exceptionObject) [0x00000] in <00000000000000000000000000000000>:0 
  at System.Runtime.CompilerServices.AsyncTaskMethodBuilder`1[TResult].SetException (System.Exception exception) [0x00000] in <00000000000000000000000000000000>:0 
  at Unity.Services.Lobbies.Internal.WrappedLobbyService.RemovePlayerAsync (System.String lobbyId, System.String playerId) [0x00000] in <00000000000000000000000000000000>:0 
  at System.Threading.ExecutionContext.RunInternal (System.Threading.ExecutionContext executionContext, System.Threading.ContextCallback callback, System.Object state, System.Boolean preserveSyncCtx) [0x00000] in <00000000000000000000000000000000>:0 
  at System.Runtime.CompilerServices.AsyncMethodBuilderCore+MoveNextRunner.Run () [0x00000] in <00000000000000000000000000000000>:0 
  at System.Threading.Tasks.AwaitTaskContinuation.RunCallback (System.Threading.ContextCallback callback, System.Object state, System.Threading.Tasks.Task& currentTask) [0x00000] in <00000000000000000000000000000000>:0 
  at System.Threading.Tasks.SynchronizationContextAwaitTaskContinuation.Run (System.Threading.Tasks.Task ignored, System.Boolean canInlineContinuationTask) [0x00000] in <00000000000000000000000000000000>:0 
  at System.Threading.Tasks.Task.FinishContinuations () [0x00000] in <00000000000000000000000000000000>:0 
  at System.Threading.Tasks.Task.Finish (System.Boolean bUserDelegateExecuted) [0x00000] in <00000000000000000000000000000000>:0 
  at System.Threading.Tasks.Task.TrySetException (System.Object exceptionObject) [0x00000] in <00000000000000000000000000000000>:0 
  at System.Runtime.CompilerServices.AsyncTaskMethodBuilder`1[TResult].SetException (System.Exception exception) [0x00000] in <00000000000000000000000000000000>:0 
  at Unity.Services.Lobbies.Internal.WrappedLobbyService.TryCatchRequest[TRequest] (System.String api, System.Func`3[T1,T2,TResult] func, TRequest request) [0x00000] in <00000000000000000000000000000000>:0 
  at System.Threading.ExecutionContext.RunInternal (System.Threading.ExecutionContext executionContext, System.Threading.ContextCallback callback, System.Object state, System.Boolean preserveSyncCtx) [0x00000] in <00000000000000000000000000000000>:0 
  at System.Runtime.CompilerServices.AsyncMethodBuilderCore+MoveNextRunner.Run () [0x00000] in <00000000000000000000000000000000>:0 
  at System.Threading.Tasks.AwaitTaskContinuation.RunCallback (System.Threading.ContextCallback callback, System.Object state, System.Threading.Tasks.Task& currentTask) [0x00000] in <00000000000000000000000000000000>:0 
  at System.Threading.Tasks.SynchronizationContextAwaitTaskContinuation.Run (System.Threading.Tasks.Task ignored, System.Boolean canInlineContinuationTask) [0x00000] in <00000000000000000000000000000000>:0 
  at System.Threading.Tasks.Task.FinishContinuations () [0x00000] in <00000000000000000000000000000000>:0 
  at System.Threading.Tasks.Task.Finish (System.Boolean bUserDelegateExecuted) [0x00000] in <00000000000000000000000000000000>:0 
  at System.Threading.Tasks.Task.TrySetException (System.Object exceptionObject) [0x00000] in <00000000000000000000000000000000>:0 
  at System.Runtime.CompilerServices.AsyncTaskMethodBuilder`1[TResult].SetException (System.Exception exception) [0x00000] in <00000000000000000000000000000000>:0 
  at Unity.Services.Lobbies.Apis.Lobby.LobbyApiClient.RemovePlayerAsync (Unity.Services.Lobbies.Lobby.RemovePlayerRequest request, Unity.Services.Lobbies.Configuration operationConfiguration) [0x00000] in <00000000000000000000000000000000>:0 
  at System.Threading.ExecutionContext.RunInternal (System.Threading.ExecutionContext executionContext, System.Threading.ContextCallback callback, System.Object state, System.Boolean preserveSyncCtx) [0x00000] in <00000000000000000000000000000000>:0 
  at System.Runtime.CompilerServices.AsyncMethodBuilderCore+MoveNextRunner.Run () [0x00000] in <00000000000000000000000000000000>:0 
  at System.Threading.Tasks.AwaitTaskContinuation.RunCallback (System.Threading.ContextCallback callback, System.Object state, System.Threading.Tasks.Task& currentTask) [0x00000] in <00000000000000000000000000000000>:0 
  at System.Threading.Tasks.SynchronizationContextAwaitTaskContinuation.Run (System.Threading.Tasks.Task ignored, System.Boolean canInlineContinuationTask) [0x00000] in <00000000000000000000000000000000>:0 
  at System.Threading.Tasks.Task.FinishContinuations () [0x00000] in <00000000000000000000000000000000>:0 
  at System.Threading.Tasks.Task`1[TResult].TrySetResult (TResult result) [0x00000] in <00000000000000000000000000000000>:0 
  at System.Runtime.CompilerServices.AsyncTaskMethodBuilder`1[TResult].SetResult (TResult result) [0x00000] in <00000000000000000000000000000000>:0 
  at Unity.Services.Lobbies.Http.HttpClient.MakeRequestAsync (System.String method, System.String url, System.Byte[] body, System.Collections.Generic.Dictionary`2[TKey,TValue] headers, System.Int32 requestTimeout) [0x00000] in <00000000000000000000000000000000>:0 
  at System.Threading.ExecutionContext.RunInternal (System.Threading.ExecutionContext executionContext, System.Threading.ContextCallback callback, System.Object state, System.Boolean preserveSyncCtx) [0x00000] in <00000000000000000000000000000000>:0 
  at System.Runtime.CompilerServices.AsyncMethodBuilderCore+MoveNextRunner.Run () [0x00000] in <00000000000000000000000000000000>:0 
  at System.Threading.Tasks.AwaitTaskContinuation.RunCallback (System.Threading.ContextCallback callback, System.Object state, System.Threading.Tasks.Task& currentTask) [0x00000] in <00000000000000000000000000000000>:0 
  at System.Threading.Tasks.SynchronizationContextAwaitTaskContinuation.Run (System.Threading.Tasks.Task ignored, System.Boolean canInlineContinuationTask) [0x00000] in <00000000000000000000000000000000>:0 
  at System.Threading.Tasks.Task.FinishContinuations () [0x00000] in <00000000000000000000000000000000>:0 
  at System.Threading.Tasks.Task`1[TResult].TrySetResult (TResult result) [0x00000] in <00000000000000000000000000000000>:0 
  at System.Runtime.CompilerServices.AsyncTaskMethodBuilder`1[TResult].SetResult (TResult result) [0x00000] in <00000000000000000000000000000000>:0 
  at Unity.Services.Lobbies.Http.HttpClient.CreateWebRequestAsync (System.String method, System.String url, System.Byte[] body, System.Collections.Generic.IDictionary`2[TKey,TValue] headers, System.Int32 requestTimeout) [0x00000] in <00000000000000000000000000000000>:0 
  at System.Threading.ExecutionContext.RunInternal (System.Threading.ExecutionContext executionContext, System.Threading.ContextCallback callback, System.Object state, System.Boolean preserveSyncCtx) [0x00000] in <00000000000000000000000000000000>:0 
  at System.Runtime.CompilerServices.AsyncMethodBuilderCore+MoveNextRunner.Run () [0x00000] in <00000000000000000000000000000000>:0 
  at System.Threading.Tasks.AwaitTaskContinuation.RunCallback (System.Threading.ContextCallback callback, System.Object state, System.Threading.Tasks.Task& currentTask) [0x00000] in <00000000000000000000000000000000>:0 
  at System.Threading.Tasks.SynchronizationContextAwaitTaskContinuation.Run (System.Threading.Tasks.Task ignored, System.Boolean canInlineContinuationTask) [0x00000] in <00000000000000000000000000000000>:0 
  at System.Threading.Tasks.Task.FinishContinuations () [0x00000] in <00000000000000000000000000000000>:0 
  at System.Threading.Tasks.Task`1[TResult].TrySetResult (TResult result) [0x00000] in <00000000000000000000000000000000>:0 
  at System.Runtime.CompilerServices.AsyncTaskMethodBuilder`1[TResult].SetResult (TResult result) [0x00000] in <00000000000000000000000000000000>:0 
  at Unity.Services.Lobbies.Http.HttpClient.CreateHttpClientResponse (System.String method, System.String url, System.Byte[] body, System.Collections.Generic.IDictionary`2[TKey,TValue] headers, System.Int32 requestTimeout) [0x00000] in <00000000000000000000000000000000>:0 
  at System.Threading.ExecutionContext.RunInternal (System.Threading.ExecutionContext executionContext, System.Threading.ContextCallback callback, System.Object state, System.Boolean preserveSyncCtx) [0x00000] in <00000000000000000000000000000000>:0 
  at System.Runtime.CompilerServices.AsyncMethodBuilderCore+MoveNextRunner.Run () [0x00000] in <00000000000000000000000000000000>:0 
  at System.Threading.Tasks.AwaitTaskContinuation.RunCallback (System.Threading.ContextCallback callback, System.Object state, System.Threading.Tasks.Task& currentTask) [0x00000] in <00000000000000000000000000000000>:0 
  at System.Threading.Tasks.SynchronizationContextAwaitTaskContinuation.Run (System.Threading.Tasks.Task ignored, System.Boolean canInlineContinuationTask) [0x00000] in <00000000000000000000000000000000>:0 
  at System.Threading.Tasks.Task.FinishContinuations () [0x00000] in <00000000000000000000000000000000>:0 
  at System.Threading.Tasks.Task`1[TResult].TrySetResult (TResult result) [0x00000] in <00000000000000000000000000000000>:0 
  at System.Runtime.CompilerServices.AsyncTaskMethodBuilder`1[TResult].SetResult (TResult result) [0x00000] in <00000000000000000000000000000000>:0 
  at Unity.Services.Lobbies.Http.HttpClient+<>c__DisplayClass4_0.<CreateHttpClientResponse>b__0 () [0x00000] in <00000000000000000000000000000000>:0 
  at System.Threading.ExecutionContext.RunInternal (System.Threading.ExecutionContext executionContext, System.Threading.ContextCallback callback, System.Object state, System.Boolean preserveSyncCtx) [0x00000] in <00000000000000000000000000000000>:0 
  at System.Runtime.CompilerServices.AsyncMethodBuilderCore+MoveNextRunner.Run () [0x00000] in <00000000000000000000000000000000>:0 
  at System.Threading.Tasks.AwaitTaskContinuation.RunCallback (System.Threading.ContextCallback callback, System.Object state, System.Threading.Tasks.Task& currentTask) [0x00000] in <00000000000000000000000000000000>:0 
  at System.Threading.Tasks.SynchronizationContextAwaitTaskContinuation.Run (System.Threading.Tasks.Task ignored, System.Boolean canInlineContinuationTask) [0x00000] in <00000000000000000000000000000000>:0 
  at System.Threading.Tasks.Task.FinishContinuations () [0x00000] in <00000000000000000000000000000000>:0 
  at System.Threading.Tasks.Task`1[TResult].TrySetResult (TResult result) [0x00000] in <00000000000000000000000000000000>:0 
  at System.Threading.Tasks.TaskCompletionSource`1[TResult].SetResult (TResult result) [0x00000] in <00000000000000000000000000000000>:0 
  at UnityEngine.AsyncOperation.InvokeCompletionEvent () [0x00000] in <00000000000000000000000000000000>:0 
UnityEngine.DebugLogHandler:Internal_Log(LogType, LogOption, String, Object)
UnityEngine.Logger:Log(LogType, Object)
UnityEngine.Debug:Log(Object)
<LeaveLobby>d__27:MoveNext()
System.Threading.ExecutionContext:RunInternal(ExecutionContext, ContextCallback, Object, Boolean)
System.Runtime.CompilerServices.MoveNextRunner:Run()
System.Threading.Tasks.AwaitTaskContinuation:RunCallback(ContextCallback, Object, Task&)
System.Threading.Tasks.SynchronizationContextAwaitTaskContinuation:Run(Task, Boolean)
System.Threading.Tasks.Task:FinishContinuations()
System.Threading.Tasks.Task:Finish(Boolean)
System.Threading.Tasks.Task:TrySetException(Object)
System.Runtime.CompilerServices.AsyncTaskMethodBuilder`1:SetException(Exception)
Unity.Services.Lobbies.Internal.<RemovePlayerAsync>d__20:MoveNext()
System.Threading.ExecutionContext:RunInternal(ExecutionContext, ContextCallback, Object, Boolean)
System.Runtime.CompilerServices.MoveNextRunner:Run()
System.Threading.Tasks.AwaitTaskContinuation:RunCallback(ContextCallback, Object, Task&)
System.Threading.Tasks.SynchronizationContextAwaitTaskContinuation:Run(Task, Boolean)
System.Threading.Tasks.Task:FinishContinuations()
System.Threading.Tasks.Task:Finish(Boolean)
System.Threading.Tasks.Task:TrySetException(Object)
System.Runtime.CompilerServices.AsyncTaskMethodBuilder`1:SetException(Exception)
Unity.Services.Lobbies.Internal.<TryCatchRequest>d__27`1:MoveNext()
System.Threading.ExecutionContext:RunInternal(ExecutionContext, ContextCallback, Object, Boolean)
System.Runtime.CompilerServices.MoveNextRunner:Run()
System.Threading.Tasks.AwaitTaskContinuation:RunCallback(ContextCallback, Object, Task&)
System.Threading.Tasks.SynchronizationContextAwaitTaskContinuation:Run(Task, Boolean)
System.Threading.Tasks.Task:FinishContinuations()
System.Threading.Tasks.Task:Finish(Boolean)
System.Threading.Tasks.Task:TrySetException(Object)
System.Runtime.CompilerServices.AsyncTaskMethodBuilder`1:SetException(Exception)
Unity.Services.Lobbies.Apis.Lobby.<RemovePlayerAsync>d__20:MoveNext()
System.Threading.ExecutionContext:RunInternal(ExecutionContext, ContextCallback, Object, Boolean)
System.Runtime.CompilerServices.MoveNextRunner:Run()
System.Threading.Tasks.AwaitTaskContinuation:RunCallback(ContextCallback, Object, Task&)
System.Threading.Tasks.SynchronizationContextAwaitTaskContinuation:Run(Task, Boolean)
System.Threading.Tasks.Task:FinishContinuations()
System.Threading.Tasks.Task`1:TrySetResult(TResult)
System.Runtime.CompilerServices.AsyncTaskMethodBuilder`1:SetResult(TResult)
Unity.Services.Lobbies.Http.<MakeRequestAsync>d__1:MoveNext()
System.Threading.ExecutionContext:RunInternal(ExecutionContext, ContextCallback, Object, Boolean)
System.Runtime.CompilerServices.MoveNextRunner:Run()
System.Threading.Tasks.AwaitTaskContinuation:RunCallback(ContextCallback, Object, Task&)
System.Threading.Tasks.SynchronizationContextAwaitTaskContinuation:Run(Task, Boolean)
System.Threading.Tasks.Task:FinishContinuations()
System.Threading.Tasks.Task`1:TrySetResult(TResult)
System.Runtime.CompilerServices.AsyncTaskMethodBuilder`1:SetResult(TResult)
Unity.Services.Lobbies.Http.<CreateWebRequestAsync>d__3:MoveNext()
System.Threading.ExecutionContext:RunInternal(ExecutionContext, ContextCallback, Object, Boolean)
System.Runtime.CompilerServices.MoveNextRunner:Run()
System.Threading.Tasks.AwaitTaskContinuation:RunCallback(ContextCallback, Object, Task&)
System.Threading.Tasks.SynchronizationContextAwaitTaskContinuation:Run(Task, Boolean)
System.Threading.Tasks.Task:FinishContinuations()
System.Threading.Tasks.Task`1:TrySetResult(TResult)
System.Runtime.CompilerServices.AsyncTaskMethodBuilder`1:SetResult(TResult)
Unity.Services.Lobbies.Http.<CreateHttpClientResponse>d__4:MoveNext()
System.Threading.ExecutionContext:RunInternal(ExecutionContext, ContextCallback, Object, Boolean)
System.Runtime.CompilerServices.MoveNextRunner:Run()
System.Threading.Tasks.AwaitTaskContinuation:RunCallback(ContextCallback, Object, Task&)
System.Threading.Tasks.SynchronizationContextAwaitTaskContinuation:Run(Task, Boolean)
System.Threading.Tasks.Task:FinishContinuations()
System.Threading.Tasks.Task`1:TrySetResult(TResult)
System.Runtime.CompilerServices.AsyncTaskMethodBuilder`1:SetResult(TResult)
Unity.Services.Lobbies.Http.<<CreateHttpClientResponse>b__0>d:MoveNext()
System.Threading.ExecutionContext:RunInternal(ExecutionContext, ContextCallback, Object, Boolean)
System.Runtime.CompilerServices.MoveNextRunner:Run()
System.Threading.Tasks.AwaitTaskContinuation:RunCallback(ContextCallback, Object, Task&)
System.Threading.Tasks.SynchronizationContextAwaitTaskContinuation:Run(Task, Boolean)
System.Threading.Tasks.Task:FinishContinuations()
System.Threading.Tasks.Task`1:TrySetResult(TResult)
System.Threading.Tasks.TaskCompletionSource`1:SetResult(TResult)
UnityEngine.AsyncOperation:InvokeCompletionEvent()

removed lobby
UnityEngine.DebugLogHandler:Internal_Log(LogType, LogOption, String, Object)
UnityEngine.Logger:Log(LogType, Object)
UnityEngine.Debug:Log(Object)
<LeaveLobby>d__27:MoveNext()
System.Threading.ExecutionContext:RunInternal(ExecutionContext, ContextCallback, Object, Boolean)
System.Runtime.CompilerServices.MoveNextRunner:Run()
System.Threading.Tasks.AwaitTaskContinuation:RunCallback(ContextCallback, Object, Task&)
System.Threading.Tasks.SynchronizationContextAwaitTaskContinuation:Run(Task, Boolean)
System.Threading.Tasks.Task:FinishContinuations()
System.Threading.Tasks.Task:Finish(Boolean)
System.Threading.Tasks.Task:TrySetException(Object)
System.Runtime.CompilerServices.AsyncTaskMethodBuilder`1:SetException(Exception)
Unity.Services.Lobbies.Internal.<RemovePlayerAsync>d__20:MoveNext()
System.Threading.ExecutionContext:RunInternal(ExecutionContext, ContextCallback, Object, Boolean)
System.Runtime.CompilerServices.MoveNextRunner:Run()
System.Threading.Tasks.AwaitTaskContinuation:RunCallback(ContextCallback, Object, Task&)
System.Threading.Tasks.SynchronizationContextAwaitTaskContinuation:Run(Task, Boolean)
System.Threading.Tasks.Task:FinishContinuations()
System.Threading.Tasks.Task:Finish(Boolean)
System.Threading.Tasks.Task:TrySetException(Object)
System.Runtime.CompilerServices.AsyncTaskMethodBuilder`1:SetException(Exception)
Unity.Services.Lobbies.Internal.<TryCatchRequest>d__27`1:MoveNext()
System.Threading.ExecutionContext:RunInternal(ExecutionContext, ContextCallback, Object, Boolean)
System.Runtime.CompilerServices.MoveNextRunner:Run()
System.Threading.Tasks.AwaitTaskContinuation:RunCallback(ContextCallback, Object, Task&)
System.Threading.Tasks.SynchronizationContextAwaitTaskContinuation:Run(Task, Boolean)
System.Threading.Tasks.Task:FinishContinuations()
System.Threading.Tasks.Task:Finish(Boolean)
System.Threading.Tasks.Task:TrySetException(Object)
System.Runtime.CompilerServices.AsyncTaskMethodBuilder`1:SetException(Exception)
Unity.Services.Lobbies.Apis.Lobby.<RemovePlayerAsync>d__20:MoveNext()
System.Threading.ExecutionContext:RunInternal(ExecutionContext, ContextCallback, Object, Boolean)
System.Runtime.CompilerServices.MoveNextRunner:Run()
System.Threading.Tasks.AwaitTaskContinuation:RunCallback(ContextCallback, Object, Task&)
System.Threading.Tasks.SynchronizationContextAwaitTaskContinuation:Run(Task, Boolean)
System.Threading.Tasks.Task:FinishContinuations()
System.Threading.Tasks.Task`1:TrySetResult(TResult)
System.Runtime.CompilerServices.AsyncTaskMethodBuilder`1:SetResult(TResult)
Unity.Services.Lobbies.Http.<MakeRequestAsync>d__1:MoveNext()
System.Threading.ExecutionContext:RunInternal(ExecutionContext, ContextCallback, Object, Boolean)
System.Runtime.CompilerServices.MoveNextRunner:Run()
System.Threading.Tasks.AwaitTaskContinuation:RunCallback(ContextCallback, Object, Task&)
System.Threading.Tasks.SynchronizationContextAwaitTaskContinuation:Run(Task, Boolean)
System.Threading.Tasks.Task:FinishContinuations()
System.Threading.Tasks.Task`1:TrySetResult(TResult)
System.Runtime.CompilerServices.AsyncTaskMethodBuilder`1:SetResult(TResult)
Unity.Services.Lobbies.Http.<CreateWebRequestAsync>d__3:MoveNext()
System.Threading.ExecutionContext:RunInternal(ExecutionContext, ContextCallback, Object, Boolean)
System.Runtime.CompilerServices.MoveNextRunner:Run()
System.Threading.Tasks.AwaitTaskContinuation:RunCallback(ContextCallback, Object, Task&)
System.Threading.Tasks.SynchronizationContextAwaitTaskContinuation:Run(Task, Boolean)
System.Threading.Tasks.Task:FinishContinuations()
System.Threading.Tasks.Task`1:TrySetResult(TResult)
System.Runtime.CompilerServices.AsyncTaskMethodBuilder`1:SetResult(TResult)
Unity.Services.Lobbies.Http.<CreateHttpClientResponse>d__4:MoveNext()
System.Threading.ExecutionContext:RunInternal(ExecutionContext, ContextCallback, Object, Boolean)
System.Runtime.CompilerServices.MoveNextRunner:Run()
System.Threading.Tasks.AwaitTaskContinuation:RunCallback(ContextCallback, Object, Task&)
System.Threading.Tasks.SynchronizationContextAwaitTaskContinuation:Run(Task, Boolean)
System.Threading.Tasks.Task:FinishContinuations()
System.Threading.Tasks.Task`1:TrySetResult(TResult)
System.Runtime.CompilerServices.AsyncTaskMethodBuilder`1:SetResult(TResult)
Unity.Services.Lobbies.Http.<<CreateHttpClientResponse>b__0>d:MoveNext()
System.Threading.ExecutionContext:RunInternal(ExecutionContext, ContextCallback, Object, Boolean)
System.Runtime.CompilerServices.MoveNextRunner:Run()
System.Threading.Tasks.AwaitTaskContinuation:RunCallback(ContextCallback, Object, Task&)
System.Threading.Tasks.SynchronizationContextAwaitTaskContinuation:Run(Task, Boolean)
System.Threading.Tasks.Task:FinishContinuations()
System.Threading.Tasks.Task`1:TrySetResult(TResult)
System.Threading.Tasks.TaskCompletionSource`1:SetResult(TResult)
UnityEngine.AsyncOperation:InvokeCompletionEvent()

Unity.Services.Lobbies.LobbyServiceException: player not found ---> Unity.Services.Lobbies.Http.HttpException`1[Unity.Services.Lobbies.Models.ErrorStatus]: (404) HTTP/1.1 404 Not Found
  at Unity.Services.Lobbies.Http.ResponseHandler.HandleAsyncResponse (Unity.Services.Lobbies.Http.HttpClientResponse response, System.Collections.Generic.Dictionary`2[TKey,TValue] statusCodeToTypeMap) [0x00000] in <00000000000000000000000000000000>:0 
  at Unity.Services.Lobbies.Apis.Lobby.LobbyApiClient.RemovePlayerAsync (Unity.Services.Lobbies.Lobby.RemovePlayerRequest request, Unity.Services.Lobbies.Configuration operationConfiguration) [0x00000] in <00000000000000000000000000000000>:0 
  at System.Threading.ExecutionContext.RunInternal (System.Threading.ExecutionContext executionContext, System.Threading.ContextCallback callback, System.Object state, System.Boolean preserveSyncCtx) [0x00000] in <00000000000000000000000000000000>:0 
  at System.Runtime.CompilerServices.AsyncMethodBuilderCore+MoveNextRunner.Run () [0x00000] in <00000000000000000000000000000000>:0 
  at System.Threading.Tasks.AwaitTaskContinuation.RunCallback (System.Threading.ContextCallback callback, System.Object state, System.Threading.Tasks.Task& currentTask) [0x00000] in <00000000000000000000000000000000>:0 
  at System.Threading.Tasks.SynchronizationContextAwaitTaskContinuation.Run (System.Threading.Tasks.Task ignored, System.Boolean canInlineContinuationTask) [0x00000] in <00000000000000000000000000000000>:0 
  at System.Threading.Tasks.Task.FinishContinuations () [0x00000] in <00000000000000000000000000000000>:0 
  at System.Threading.Tasks.Task`1[TResult].TrySetResult (TResult result) [0x00000] in <00000000000000000000000000000000>:0 
  at System.Runtime.CompilerServices.AsyncTaskMethodBuilder`1[TResult].SetResult (TResult result) [0x00000] in <00000000000000000000000000000000>:0 
  at Unity.Services.Lobbies.Http.HttpClient.MakeRequestAsync (System.String method, System.String url, System.Byte[] body, System.Collections.Generic.Dictionary`2[TKey,TValue] headers, System.Int32 requestTimeout) [0x00000] in <00000000000000000000000000000000>:0 
  at System.Threading.ExecutionContext.RunInternal (System.Threading.ExecutionContext executionContext, System.Threading.ContextCallback callback, System.Object state, System.Boolean preserveSyncCtx) [0x00000] in <00000000000000000000000000000000>:0 
  at System.Runtime.CompilerServices.AsyncMethodBuilderCore+MoveNextRunner.Run () [0x00000] in <00000000000000000000000000000000>:0 
  at System.Threading.Tasks.AwaitTaskContinuation.RunCallback (System.Threading.ContextCallback callback, System.Object state, System.Threading.Tasks.Task& currentTask) [0x00000] in <00000000000000000000000000000000>:0 
  at System.Threading.Tasks.SynchronizationContextAwaitTaskContinuation.Run (System.Threading.Tasks.Task ignored, System.Boolean canInlineContinuationTask) [0x00000] in <00000000000000000000000000000000>:0 
  at System.Threading.Tasks.Task.FinishContinuations () [0x00000] in <00000000000000000000000000000000>:0 
  at System.Threading.Tasks.Task`1[TResult].TrySetResult (TResult result) [0x00000] in <00000000000000000000000000000000>:0 
  at System.Runtime.CompilerServices.AsyncTaskMethodBuilder`1[TResult].SetResult (TResult result) [0x00000] in <00000000000000000000000000000000>:0 
  at Unity.Services.Lobbies.Http.HttpClient.CreateWebRequestAsync (System.String method, System.String url, System.Byte[] body, System.Collections.Generic.IDictionary`2[TKey,TValue] headers, System.Int32 requestTimeout) [0x00000] in <00000000000000000000000000000000>:0 
  at System.Threading.ExecutionContext.RunInternal (System.Threading.ExecutionContext executionContext, System.Threading.ContextCallback callback, System.Object state, System.Boolean preserveSyncCtx) [0x00000] in <00000000000000000000000000000000>:0 
  at System.Runtime.CompilerServices.AsyncMethodBuilderCore+MoveNextRunner.Run () [0x00000] in <00000000000000000000000000000000>:0 
  at System.Threading.Tasks.AwaitTaskContinuation.RunCallback (System.Threading.ContextCallback callback, System.Object state, System.Threading.Tasks.Task& currentTask) [0x00000] in <00000000000000000000000000000000>:0 
  at System.Threading.Tasks.SynchronizationContextAwaitTaskContinuation.Run (System.Threading.Tasks.Task ignored, System.Boolean canInlineContinuationTask) [0x00000] in <00000000000000000000000000000000>:0 
  at System.Threading.Tasks.Task.FinishContinuations () [0x00000] in <00000000000000000000000000000000>:0 
  at System.Threading.Tasks.Task`1[TResult].TrySetResult (TResult result) [0x00000] in <00000000000000000000000000000000>:0 
  at System.Runtime.CompilerServices.AsyncTaskMethodBuilder`1[TResult].SetResult (TResult result) [0x00000] in <00000000000000000000000000000000>:0 
  at Unity.Services.Lobbies.Http.HttpClient.CreateHttpClientResponse (System.String method, System.String url, System.Byte[] body, System.Collections.Generic.IDictionary`2[TKey,TValue] headers, System.Int32 requestTimeout) [0x00000] in <00000000000000000000000000000000>:0 
  at System.Threading.ExecutionContext.RunInternal (System.Threading.ExecutionContext executionContext, System.Threading.ContextCallback callback, System.Object state, System.Boolean preserveSyncCtx) [0x00000] in <00000000000000000000000000000000>:0 
  at System.Runtime.CompilerServices.AsyncMethodBuilderCore+MoveNextRunner.Run () [0x00000] in <00000000000000000000000000000000>:0 
  at System.Threading.Tasks.AwaitTaskContinuation.RunCallback (System.Threading.ContextCallback callback, System.Object state, System.Threading.Tasks.Task& currentTask) [0x00000] in <00000000000000000000000000000000>:0 
  at System.Threading.Tasks.SynchronizationContextAwaitTaskContinuation.Run (System.Threading.Tasks.Task ignored, System.Boolean canInlineContinuationTask) [0x00000] in <00000000000000000000000000000000>:0 
  at System.Threading.Tasks.Task.FinishContinuations () [0x00000] in <00000000000000000000000000000000>:0 
  at System.Threading.Tasks.Task`1[TResult].TrySetResult (TResult result) [0x00000] in <00000000000000000000000000000000>:0 
  at System.Runtime.CompilerServices.AsyncTaskMethodBuilder`1[TResult].SetResult (TResult result) [0x00000] in <00000000000000000000000000000000>:0 
  at Unity.Services.Lobbies.Http.HttpClient+<>c__DisplayClass4_0.<CreateHttpClientResponse>b__0 () [0x00000] in <00000000000000000000000000000000>:0 
  at System.Threading.ExecutionContext.RunInternal (System.Threading.ExecutionContext executionContext, System.Threading.ContextCallback callback, System.Object state, System.Boolean preserveSyncCtx) [0x00000] in <00000000000000000000000000000000>:0 
  at System.Runtime.CompilerServices.AsyncMethodBuilderCore+MoveNextRunner.Run () [0x00000] in <00000000000000000000000000000000>:0 
  at System.Threading.Tasks.AwaitTaskContinuation.RunCallback (System.Threading.ContextCallback callback, System.Object state, System.Threading.Tasks.Task& currentTask) [0x00000] in <00000000000000000000000000000000>:0 
  at System.Threading.Tasks.SynchronizationContextAwaitTaskContinuation.Run (System.Threading.Tasks.Task ignored, System.Boolean canInlineContinuationTask) [0x00000] in <00000000000000000000000000000000>:0 
  at System.Threading.Tasks.Task.FinishContinuations () [0x00000] in <00000000000000000000000000000000>:0 
  at System.Threading.Tasks.Task`1[TResult].TrySetResult (TResult result) [0x00000] in <00000000000000000000000000000000>:0 
  at System.Threading.Tasks.TaskCompletionSource`1[TResult].SetResult (TResult result) [0x00000] in <00000000000000000000000000000000>:0 
  at UnityEngine.AsyncOperation.InvokeCompletionEvent () [0x00000] in <00000000000000000000000000000000>:0 
--- End of stack trace from previous location where exception was thrown ---

  at Unity.Services.Lobbies.Internal.WrappedLobbyService.TryCatchRequest[TRequest] (System.String api, System.Func`3[T1,T2,TResult] func, TRequest request) [0x00000] in <00000000000000000000000000000000>:0 
  at System.Threading.ExecutionContext.RunInternal (System.Threading.ExecutionContext executionContext, System.Threading.ContextCallback callback, System.Object state, System.Boolean preserveSyncCtx) [0x00000] in <00000000000000000000000000000000>:0 
  at System.Runtime.CompilerServices.AsyncMethodBuilderCore+MoveNextRunner.Run () [0x00000] in <00000000000000000000000000000000>:0 
  at System.Threading.Tasks.AwaitTaskContinuation.RunCallback (System.Threading.ContextCallback callback, System.Object state, System.Threading.Tasks.Task& currentTask) [0x00000] in <00000000000000000000000000000000>:0 
  at System.Threading.Tasks.SynchronizationContextAwaitTaskContinuation.Run (System.Threading.Tasks.Task ignored, System.Boolean canInlineContinuationTask) [0x00000] in <00000000000000000000000000000000>:0 
  at System.Threading.Tasks.Task.FinishContinuations () [0x00000] in <00000000000000000000000000000000>:0 
  at System.Threading.Tasks.Task.Finish (System.Boolean bUserDelegateExecuted) [0x00000] in <00000000000000000000000000000000>:0 
  at System.Threading.Tasks.Task.TrySetException (System.Object exceptionObject) [0x00000] in <00000000000000000000000000000000>:0 
  at System.Runtime.CompilerServices.AsyncTaskMethodBuilder`1[TResult].SetException (System.Exception exception) [0x00000] in <00000000000000000000000000000000>:0 
  at Unity.Services.Lobbies.Apis.Lobby.LobbyApiClient.RemovePlayerAsync (Unity.Services.Lobbies.Lobby.RemovePlayerRequest request, Unity.Services.Lobbies.Configuration operationConfiguration) [0x00000] in <00000000000000000000000000000000>:0 
  at System.Threading.ExecutionContext.RunInternal (System.Threading.ExecutionContext executionContext, System.Threading.ContextCallback callback, System.Object state, System.Boolean preserveSyncCtx) [0x00000] in <00000000000000000000000000000000>:0 
  at System.Runtime.CompilerServices.AsyncMethodBuilderCore+MoveNextRunner.Run () [0x00000] in <00000000000000000000000000000000>:0 
  at System.Threading.Tasks.AwaitTaskContinuation.RunCallback (System.Threading.ContextCallback callback, System.Object state, System.Threading.Tasks.Task& currentTask) [0x00000] in <00000000000000000000000000000000>:0 
  at System.Threading.Tasks.SynchronizationContextAwaitTaskContinuation.Run (System.Threading.Tasks.Task ignored, System.Boolean canInlineContinuationTask) [0x00000] in <00000000000000000000000000000000>:0 
  at System.Threading.Tasks.Task.FinishContinuations () [0x00000] in <00000000000000000000000000000000>:0 
  at System.Threading.Tasks.Task`1[TResult].TrySetResult (TResult result) [0x00000] in <00000000000000000000000000000000>:0 
  at System.Runtime.CompilerServices.AsyncTaskMethodBuilder`1[TResult].SetResult (TResult result) [0x00000] in <00000000000000000000000000000000>:0 
  at Unity.Services.Lobbies.Http.HttpClient.MakeRequestAsync (System.String method, System.String url, System.Byte[] body, System.Collections.Generic.Dictionary`2[TKey,TValue] headers, System.Int32 requestTimeout) [0x00000] in <00000000000000000000000000000000>:0 
  at System.Threading.ExecutionContext.RunInternal (System.Threading.ExecutionContext executionContext, System.Threading.ContextCallback callback, System.Object state, System.Boolean preserveSyncCtx) [0x00000] in <00000000000000000000000000000000>:0 
  at System.Runtime.CompilerServices.AsyncMethodBuilderCore+MoveNextRunner.Run () [0x00000] in <00000000000000000000000000000000>:0 
  at System.Threading.Tasks.AwaitTaskContinuation.RunCallback (System.Threading.ContextCallback callback, System.Object state, System.Threading.Tasks.Task& currentTask) [0x00000] in <00000000000000000000000000000000>:0 
  at System.Threading.Tasks.SynchronizationContextAwaitTaskContinuation.Run (System.Threading.Tasks.Task ignored, System.Boolean canInlineContinuationTask) [0x00000] in <00000000000000000000000000000000>:0 
  at System.Threading.Tasks.Task.FinishContinuations () [0x00000] in <00000000000000000000000000000000>:0 
  at System.Threading.Tasks.Task`1[TResult].TrySetResult (TResult result) [0x00000] in <00000000000000000000000000000000>:0 
  at System.Runtime.CompilerServices.AsyncTaskMethodBuilder`1[TResult].SetResult (TResult result) [0x00000] in <00000000000000000000000000000000>:0 
  at Unity.Services.Lobbies.Http.HttpClient.CreateWebRequestAsync (System.String method, System.String url, System.Byte[] body, System.Collections.Generic.IDictionary`2[TKey,TValue] headers, System.Int32 requestTimeout) [0x00000] in <00000000000000000000000000000000>:0 
  at System.Threading.ExecutionContext.RunInternal (System.Threading.ExecutionContext executionContext, System.Threading.ContextCallback callback, System.Object state, System.Boolean preserveSyncCtx) [0x00000] in <00000000000000000000000000000000>:0 
  at System.Runtime.CompilerServices.AsyncMethodBuilderCore+MoveNextRunner.Run () [0x00000] in <00000000000000000000000000000000>:0 
  at System.Threading.Tasks.AwaitTaskContinuation.RunCallback (System.Threading.ContextCallback callback, System.Object state, System.Threading.Tasks.Task& currentTask) [0x00000] in <00000000000000000000000000000000>:0 
  at System.Threading.Tasks.SynchronizationContextAwaitTaskContinuation.Run (System.Threading.Tasks.Task ignored, System.Boolean canInlineContinuationTask) [0x00000] in <00000000000000000000000000000000>:0 
  at System.Threading.Tasks.Task.FinishContinuations () [0x00000] in <00000000000000000000000000000000>:0 
  at System.Threading.Tasks.Task`1[TResult].TrySetResult (TResult result) [0x00000] in <00000000000000000000000000000000>:0 
  at System.Runtime.CompilerServices.AsyncTaskMethodBuilder`1[TResult].SetResult (TResult result) [0x00000] in <00000000000000000000000000000000>:0 
  at Unity.Services.Lobbies.Http.HttpClient.CreateHttpClientResponse (System.String method, System.String url, System.Byte[] body, System.Collections.Generic.IDictionary`2[TKey,TValue] headers, System.Int32 requestTimeout) [0x00000] in <00000000000000000000000000000000>:0 
  at System.Threading.ExecutionContext.RunInternal (System.Threading.ExecutionContext executionContext, System.Threading.ContextCallback callback, System.Object state, System.Boolean preserveSyncCtx) [0x00000] in <00000000000000000000000000000000>:0 
  at System.Runtime.CompilerServices.AsyncMethodBuilderCore+MoveNextRunner.Run () [0x00000] in <00000000000000000000000000000000>:0 
  at System.Threading.Tasks.AwaitTaskContinuation.RunCallback (System.Threading.ContextCallback callback, System.Object state, System.Threading.Tasks.Task& currentTask) [0x00000] in <00000000000000000000000000000000>:0 
  at System.Threading.Tasks.SynchronizationContextAwaitTaskContinuation.Run (System.Threading.Tasks.Task ignored, System.Boolean canInlineContinuationTask) [0x00000] in <00000000000000000000000000000000>:0 
  at System.Threading.Tasks.Task.FinishContinuations () [0x00000] in <00000000000000000000000000000000>:0 
  at System.Threading.Tasks.Task`1[TResult].TrySetResult (TResult result) [0x00000] in <00000000000000000000000000000000>:0 
  at System.Runtime.CompilerServices.AsyncTaskMethodBuilder`1[TResult].SetResult (TResult result) [0x00000] in <00000000000000000000000000000000>:0 
  at Unity.Services.Lobbies.Http.HttpClient+<>c__DisplayClass4_0.<CreateHttpClientResponse>b__0 () [0x00000] in <00000000000000000000000000000000>:0 
  at System.Threading.ExecutionContext.RunInternal (System.Threading.ExecutionContext executionContext, System.Threading.ContextCallback callback, System.Object state, System.Boolean preserveSyncCtx) [0x00000] in <00000000000000000000000000000000>:0 
  at System.Runtime.CompilerServices.AsyncMethodBuilderCore+MoveNextRunner.Run () [0x00000] in <00000000000000000000000000000000>:0 
  at System.Threading.Tasks.AwaitTaskContinuation.RunCallback (System.Threading.ContextCallback callback, System.Object state, System.Threading.Tasks.Task& currentTask) [0x00000] in <00000000000000000000000000000000>:0 
  at System.Threading.Tasks.SynchronizationContextAwaitTaskContinuation.Run (System.Threading.Tasks.Task ignored, System.Boolean canInlineContinuationTask) [0x00000] in <00000000000000000000000000000000>:0 
  at System.Threading.Tasks.Task.FinishContinuations () [0x00000] in <00000000000000000000000000000000>:0 
  at System.Threading.Tasks.Task`1[TResult].TrySetResult (TResult result) [0x00000] in <00000000000000000000000000000000>:0 
  at System.Threading.Tasks.TaskCompletionSource`1[TResult].SetResult (TResult result) [0x00000] in <00000000000000000000000000000000>:0 
  at UnityEngine.AsyncOperation.InvokeCompletionEvent () [0x00000] in <00000000000000000000000000000000>:0 
   --- End of inner exception stack trace ---
  at Unity.Services.Lobbies.Internal.WrappedLobbyService.ResolveErrorWrapping (Unity.Services.Lobbies.LobbyExceptionReason reason, System.Exception exception) [0x00000] in <00000000000000000000000000000000>:0 
  at Unity.Services.Lobbies.Internal.WrappedLobbyService.TryCatchRequest[TRequest] (System.String api, System.Func`3[T1,T2,TResult] func, TRequest request) [0x00000] in <00000000000000000000000000000000>:0 
  at System.Threading.ExecutionContext.RunInternal (System.Threading.ExecutionContext executionContext, System.Threading.ContextCallback callback, System.Object state, System.Boolean preserveSyncCtx) [0x00000] in <00000000000000000000000000000000>:0 
  at System.Runtime.CompilerServices.AsyncMethodBuilderCore+MoveNextRunner.Run () [0x00000] in <00000000000000000000000000000000>:0 
  at System.Threading.Tasks.AwaitTaskContinuation.RunCallback (System.Threading.ContextCallback callback, System.Object state, System.Threading.Tasks.Task& currentTask) [0x00000] in <00000000000000000000000000000000>:0 
  at System.Threading.Tasks.SynchronizationContextAwaitTaskContinuation.Run (System.Threading.Tasks.Task ignored, System.Boolean canInlineContinuationTask) [0x00000] in <00000000000000000000000000000000>:0 
  at System.Threading.Tasks.Task.FinishContinuations () [0x00000] in <00000000000000000000000000000000>:0 
  at System.Threading.Tasks.Task.Finish (System.Boolean bUserDelegateExecuted) [0x00000] in <00000000000000000000000000000000>:0 
  at System.Threading.Tasks.Task.TrySetException (System.Object exceptionObject) [0x00000] in <00000000000000000000000000000000>:0 
  at System.Runtime.CompilerServices.AsyncTaskMethodBuilder`1[TResult].SetException (System.Exception exception) [0x00000] in <00000000000000000000000000000000>:0 
  at Unity.Services.Lobbies.Apis.Lobby.LobbyApiClient.RemovePlayerAsync (Unity.Services.Lobbies.Lobby.RemovePlayerRequest request, Unity.Services.Lobbies.Configuration operationConfiguration) [0x00000] in <00000000000000000000000000000000>:0 
  at System.Threading.ExecutionContext.RunInternal (System.Threading.ExecutionContext executionContext, System.Threading.ContextCallback callback, System.Object state, System.Boolean preserveSyncCtx) [0x00000] in <00000000000000000000000000000000>:0 
  at System.Runtime.CompilerServices.AsyncMethodBuilderCore+MoveNextRunner.Run () [0x00000] in <00000000000000000000000000000000>:0 
  at System.Threading.Tasks.AwaitTaskContinuation.RunCallback (System.Threading.ContextCallback callback, System.Object state, System.Threading.Tasks.Task& currentTask) [0x00000] in <00000000000000000000000000000000>:0 
  at System.Threading.Tasks.SynchronizationContextAwaitTaskContinuation.Run (System.Threading.Tasks.Task ignored, System.Boolean canInlineContinuationTask) [0x00000] in <00000000000000000000000000000000>:0 
  at System.Threading.Tasks.Task.FinishContinuations () [0x00000] in <00000000000000000000000000000000>:0 
  at System.Threading.Tasks.Task`1[TResult].TrySetResult (TResult result) [0x00000] in <00000000000000000000000000000000>:0 
  at System.Runtime.CompilerServices.AsyncTaskMethodBuilder`1[TResult].SetResult (TResult result) [0x00000] in <00000000000000000000000000000000>:0 
  at Unity.Services.Lobbies.Http.HttpClient.MakeRequestAsync (System.String method, System.String url, System.Byte[] body, System.Collections.Generic.Dictionary`2[TKey,TValue] headers, System.Int32 requestTimeout) [0x00000] in <00000000000000000000000000000000>:0 
  at System.Threading.ExecutionContext.RunInternal (System.Threading.ExecutionContext executionContext, System.Threading.ContextCallback callback, System.Object state, System.Boolean preserveSyncCtx) [0x00000] in <00000000000000000000000000000000>:0 
  at System.Runtime.CompilerServices.AsyncMethodBuilderCore+MoveNextRunner.Run () [0x00000] in <00000000000000000000000000000000>:0 
  at System.Threading.Tasks.AwaitTaskContinuation.RunCallback (System.Threading.ContextCallback callback, System.Object state, System.Threading.Tasks.Task& currentTask) [0x00000] in <00000000000000000000000000000000>:0 
  at System.Threading.Tasks.SynchronizationContextAwaitTaskContinuation.Run (System.Threading.Tasks.Task ignored, System.Boolean canInlineContinuationTask) [0x00000] in <00000000000000000000000000000000>:0 
  at System.Threading.Tasks.Task.FinishContinuations () [0x00000] in <00000000000000000000000000000000>:0 
  at System.Threading.Tasks.Task`1[TResult].TrySetResult (TResult result) [0x00000] in <00000000000000000000000000000000>:0 
  at System.Runtime.CompilerServices.AsyncTaskMethodBuilder`1[TResult].SetResult (TResult result) [0x00000] in <00000000000000000000000000000000>:0 
  at Unity.Services.Lobbies.Http.HttpClient.CreateWebRequestAsync (System.String method, System.String url, System.Byte[] body, System.Collections.Generic.IDictionary`2[TKey,TValue] headers, System.Int32 requestTimeout) [0x00000] in <00000000000000000000000000000000>:0 
  at System.Threading.ExecutionContext.RunInternal (System.Threading.ExecutionContext executionContext, System.Threading.ContextCallback callback, System.Object state, System.Boolean preserveSyncCtx) [0x00000] in <00000000000000000000000000000000>:0 
  at System.Runtime.CompilerServices.AsyncMethodBuilderCore+MoveNextRunner.Run () [0x00000] in <00000000000000000000000000000000>:0 
  at System.Threading.Tasks.AwaitTaskContinuation.RunCallback (System.Threading.ContextCallback callback, System.Object state, System.Threading.Tasks.Task& currentTask) [0x00000] in <00000000000000000000000000000000>:0 
  at System.Threading.Tasks.SynchronizationContextAwaitTaskContinuation.Run (System.Threading.Tasks.Task ignored, System.Boolean canInlineContinuationTask) [0x00000] in <00000000000000000000000000000000>:0 
  at System.Threading.Tasks.Task.FinishContinuations () [0x00000] in <00000000000000000000000000000000>:0 
  at System.Threading.Tasks.Task`1[TResult].TrySetResult (TResult result) [0x00000] in <00000000000000000000000000000000>:0 
  at System.Runtime.CompilerServices.AsyncTaskMethodBuilder`1[TResult].SetResult (TResult result) [0x00000] in <00000000000000000000000000000000>:0 
  at Unity.Services.Lobbies.Http.HttpClient.CreateHttpClientResponse (System.String method, System.String url, System.Byte[] body, System.Collections.Generic.IDictionary`2[TKey,TValue] headers, System.Int32 requestTimeout) [0x00000] in <00000000000000000000000000000000>:0 
  at System.Threading.ExecutionContext.RunInternal (System.Threading.ExecutionContext executionContext, System.Threading.ContextCallback callback, System.Object state, System.Boolean preserveSyncCtx) [0x00000] in <00000000000000000000000000000000>:0 
  at System.Runtime.CompilerServices.AsyncMethodBuilderCore+MoveNextRunner.Run () [0x00000] in <00000000000000000000000000000000>:0 
  at System.Threading.Tasks.AwaitTaskContinuation.RunCallback (System.Threading.ContextCallback callback, System.Object state, System.Threading.Tasks.Task& currentTask) [0x00000] in <00000000000000000000000000000000>:0 
  at System.Threading.Tasks.SynchronizationContextAwaitTaskContinuation.Run (System.Threading.Tasks.Task ignored, System.Boolean canInlineContinuationTask) [0x00000] in <00000000000000000000000000000000>:0 
  at System.Threading.Tasks.Task.FinishContinuations () [0x00000] in <00000000000000000000000000000000>:0 
  at System.Threading.Tasks.Task`1[TResult].TrySetResult (TResult result) [0x00000] in <00000000000000000000000000000000>:0 
  at System.Runtime.CompilerServices.AsyncTaskMethodBuilder`1[TResult].SetResult (TResult result) [0x00000] in <00000000000000000000000000000000>:0 
  at Unity.Services.Lobbies.Http.HttpClient+<>c__DisplayClass4_0.<CreateHttpClientResponse>b__0 () [0x00000] in <00000000000000000000000000000000>:0 
  at System.Threading.ExecutionContext.RunInternal (System.Threading.ExecutionContext executionContext, System.Threading.ContextCallback callback, System.Object state, System.Boolean preserveSyncCtx) [0x00000] in <00000000000000000000000000000000>:0 
  at System.Runtime.CompilerServices.AsyncMethodBuilderCore+MoveNextRunner.Run () [0x00000] in <00000000000000000000000000000000>:0 
  at System.Threading.Tasks.AwaitTaskContinuation.RunCallback (System.Threading.ContextCallback callback, System.Object state, System.Threading.Tasks.Task& currentTask) [0x00000] in <00000000000000000000000000000000>:0 
  at System.Threading.Tasks.SynchronizationContextAwaitTaskContinuation.Run (System.Threading.Tasks.Task ignored, System.Boolean canInlineContinuationTask) [0x00000] in <00000000000000000000000000000000>:0 
  at System.Threading.Tasks.Task.FinishContinuations () [0x00000] in <00000000000000000000000000000000>:0 
  at System.Threading.Tasks.Task`1[TResult].TrySetResult (TResult result) [0x00000] in <00000000000000000000000000000000>:0 
  at System.Threading.Tasks.TaskCompletionSource`1[TResult].SetResult (TResult result) [0x00000] in <00000000000000000000000000000000>:0 
  at UnityEngine.AsyncOperation.InvokeCompletionEvent () [0x00000] in <00000000000000000000000000000000>:0 
--- End of stack trace from previous location where exception was thrown ---

  at Unity.Services.Lobbies.Internal.WrappedLobbyService.RemovePlayerAsync (System.String lobbyId, System.String playerId) [0x00000] in <00000000000000000000000000000000>:0 
  at System.Threading.ExecutionContext.RunInternal (System.Threading.ExecutionContext executionContext, System.Threading.ContextCallback callback, System.Object state, System.Boolean preserveSyncCtx) [0x00000] in <00000000000000000000000000000000>:0 
  at System.Runtime.CompilerServices.AsyncMethodBuilderCore+MoveNextRunner.Run () [0x00000] in <00000000000000000000000000000000>:0 
  at System.Threading.Tasks.AwaitTaskContinuation.RunCallback (System.Threading.ContextCallback callback, System.Object state, System.Threading.Tasks.Task& currentTask) [0x00000] in <00000000000000000000000000000000>:0 
  at System.Threading.Tasks.SynchronizationContextAwaitTaskContinuation.Run (System.Threading.Tasks.Task ignored, System.Boolean canInlineContinuationTask) [0x00000] in <00000000000000000000000000000000>:0 
  at System.Threading.Tasks.Task.FinishContinuations () [0x00000] in <00000000000000000000000000000000>:0 
  at System.Threading.Tasks.Task.Finish (System.Boolean bUserDelegateExecuted) [0x00000] in <00000000000000000000000000000000>:0 
  at System.Threading.Tasks.Task.TrySetException (System.Object exceptionObject) [0x00000] in <00000000000000000000000000000000>:0 
  at System.Runtime.CompilerServices.AsyncTaskMethodBuilder`1[TResult].SetException (System.Exception exception) [0x00000] in <00000000000000000000000000000000>:0 
  at Unity.Services.Lobbies.Internal.WrappedLobbyService.TryCatchRequest[TRequest] (System.String api, System.Func`3[T1,T2,TResult] func, TRequest request) [0x00000] in <00000000000000000000000000000000>:0 
  at System.Threading.ExecutionContext.RunInternal (System.Threading.ExecutionContext executionContext, System.Threading.ContextCallback callback, System.Object state, System.Boolean preserveSyncCtx) [0x00000] in <00000000000000000000000000000000>:0 
  at System.Runtime.CompilerServices.AsyncMethodBuilderCore+MoveNextRunner.Run () [0x00000] in <00000000000000000000000000000000>:0 
  at System.Threading.Tasks.AwaitTaskContinuation.RunCallback (System.Threading.ContextCallback callback, System.Object state, System.Threading.Tasks.Task& currentTask) [0x00000] in <00000000000000000000000000000000>:0 
  at System.Threading.Tasks.SynchronizationContextAwaitTaskContinuation.Run (System.Threading.Tasks.Task ignored, System.Boolean canInlineContinuationTask) [0x00000] in <00000000000000000000000000000000>:0 
  at System.Threading.Tasks.Task.FinishContinuations () [0x00000] in <00000000000000000000000000000000>:0 
  at System.Threading.Tasks.Task.Finish (System.Boolean bUserDelegateExecuted) [0x00000] in <00000000000000000000000000000000>:0 
  at System.Threading.Tasks.Task.TrySetException (System.Object exceptionObject) [0x00000] in <00000000000000000000000000000000>:0 
  at System.Runtime.CompilerServices.AsyncTaskMethodBuilder`1[TResult].SetException (System.Exception exception) [0x00000] in <00000000000000000000000000000000>:0 
  at Unity.Services.Lobbies.Apis.Lobby.LobbyApiClient.RemovePlayerAsync (Unity.Services.Lobbies.Lobby.RemovePlayerRequest request, Unity.Services.Lobbies.Configuration operationConfiguration) [0x00000] in <00000000000000000000000000000000>:0 
  at System.Threading.ExecutionContext.RunInternal (System.Threading.ExecutionContext executionContext, System.Threading.ContextCallback callback, System.Object state, System.Boolean preserveSyncCtx) [0x00000] in <00000000000000000000000000000000>:0 
  at System.Runtime.CompilerServices.AsyncMethodBuilderCore+MoveNextRunner.Run () [0x00000] in <00000000000000000000000000000000>:0 
  at System.Threading.Tasks.AwaitTaskContinuation.RunCallback (System.Threading.ContextCallback callback, System.Object state, System.Threading.Tasks.Task& currentTask) [0x00000] in <00000000000000000000000000000000>:0 
  at System.Threading.Tasks.SynchronizationContextAwaitTaskContinuation.Run (System.Threading.Tasks.Task ignored, System.Boolean canInlineContinuationTask) [0x00000] in <00000000000000000000000000000000>:0 
  at System.Threading.Tasks.Task.FinishContinuations () [0x00000] in <00000000000000000000000000000000>:0 
  at System.Threading.Tasks.Task`1[TResult].TrySetResult (TResult result) [0x00000] in <00000000000000000000000000000000>:0 
  at System.Runtime.CompilerServices.AsyncTaskMethodBuilder`1[TResult].SetResult (TResult result) [0x00000] in <00000000000000000000000000000000>:0 
  at Unity.Services.Lobbies.Http.HttpClient.MakeRequestAsync (System.String method, System.String url, System.Byte[] body, System.Collections.Generic.Dictionary`2[TKey,TValue] headers, System.Int32 requestTimeout) [0x00000] in <00000000000000000000000000000000>:0 
  at System.Threading.ExecutionContext.RunInternal (System.Threading.ExecutionContext executionContext, System.Threading.ContextCallback callback, System.Object state, System.Boolean preserveSyncCtx) [0x00000] in <00000000000000000000000000000000>:0 
  at System.Runtime.CompilerServices.AsyncMethodBuilderCore+MoveNextRunner.Run () [0x00000] in <00000000000000000000000000000000>:0 
  at System.Threading.Tasks.AwaitTaskContinuation.RunCallback (System.Threading.ContextCallback callback, System.Object state, System.Threading.Tasks.Task& currentTask) [0x00000] in <00000000000000000000000000000000>:0 
  at System.Threading.Tasks.SynchronizationContextAwaitTaskContinuation.Run (System.Threading.Tasks.Task ignored, System.Boolean canInlineContinuationTask) [0x00000] in <00000000000000000000000000000000>:0 
  at System.Threading.Tasks.Task.FinishContinuations () [0x00000] in <00000000000000000000000000000000>:0 
  at System.Threading.Tasks.Task`1[TResult].TrySetResult (TResult result) [0x00000] in <00000000000000000000000000000000>:0 
  at System.Runtime.CompilerServices.AsyncTaskMethodBuilder`1[TResult].SetResult (TResult result) [0x00000] in <00000000000000000000000000000000>:0 
  at Unity.Services.Lobbies.Http.HttpClient.CreateWebRequestAsync (System.String method, System.String url, System.Byte[] body, System.Collections.Generic.IDictionary`2[TKey,TValue] headers, System.Int32 requestTimeout) [0x00000] in <00000000000000000000000000000000>:0 
  at System.Threading.ExecutionContext.RunInternal (System.Threading.ExecutionContext executionContext, System.Threading.ContextCallback callback, System.Object state, System.Boolean preserveSyncCtx) [0x00000] in <00000000000000000000000000000000>:0 
  at System.Runtime.CompilerServices.AsyncMethodBuilderCore+MoveNextRunner.Run () [0x00000] in <00000000000000000000000000000000>:0 
  at System.Threading.Tasks.AwaitTaskContinuation.RunCallback (System.Threading.ContextCallback callback, System.Object state, System.Threading.Tasks.Task& currentTask) [0x00000] in <00000000000000000000000000000000>:0 
  at System.Threading.Tasks.SynchronizationContextAwaitTaskContinuation.Run (System.Threading.Tasks.Task ignored, System.Boolean canInlineContinuationTask) [0x00000] in <00000000000000000000000000000000>:0 
  at System.Threading.Tasks.Task.FinishContinuations () [0x00000] in <00000000000000000000000000000000>:0 
  at System.Threading.Tasks.Task`1[TResult].TrySetResult (TResult result) [0x00000] in <00000000000000000000000000000000>:0 
  at System.Runtime.CompilerServices.AsyncTaskMethodBuilder`1[TResult].SetResult (TResult result) [0x00000] in <00000000000000000000000000000000>:0 
  at Unity.Services.Lobbies.Http.HttpClient.CreateHttpClientResponse (System.String method, System.String url, System.Byte[] body, System.Collections.Generic.IDictionary`2[TKey,TValue] headers, System.Int32 requestTimeout) [0x00000] in <00000000000000000000000000000000>:0 
  at System.Threading.ExecutionContext.RunInternal (System.Threading.ExecutionContext executionContext, System.Threading.ContextCallback callback, System.Object state, System.Boolean preserveSyncCtx) [0x00000] in <00000000000000000000000000000000>:0 
  at System.Runtime.CompilerServices.AsyncMethodBuilderCore+MoveNextRunner.Run () [0x00000] in <00000000000000000000000000000000>:0 
  at System.Threading.Tasks.AwaitTaskContinuation.RunCallback (System.Threading.ContextCallback callback, System.Object state, System.Threading.Tasks.Task& currentTask) [0x00000] in <00000000000000000000000000000000>:0 
  at System.Threading.Tasks.SynchronizationContextAwaitTaskContinuation.Run (System.Threading.Tasks.Task ignored, System.Boolean canInlineContinuationTask) [0x00000] in <00000000000000000000000000000000>:0 
  at System.Threading.Tasks.Task.FinishContinuations () [0x00000] in <00000000000000000000000000000000>:0 
  at System.Threading.Tasks.Task`1[TResult].TrySetResult (TResult result) [0x00000] in <00000000000000000000000000000000>:0 
  at System.Runtime.CompilerServices.AsyncTaskMethodBuilder`1[TResult].SetResult (TResult result) [0x00000] in <00000000000000000000000000000000>:0 
  at Unity.Services.Lobbies.Http.HttpClient+<>c__DisplayClass4_0.<CreateHttpClientResponse>b__0 () [0x00000] in <00000000000000000000000000000000>:0 
  at System.Threading.ExecutionContext.RunInternal (System.Threading.ExecutionContext executionContext, System.Threading.ContextCallback callback, System.Object state, System.Boolean preserveSyncCtx) [0x00000] in <00000000000000000000000000000000>:0 
  at System.Runtime.CompilerServices.AsyncMethodBuilderCore+MoveNextRunner.Run () [0x00000] in <00000000000000000000000000000000>:0 
  at System.Threading.Tasks.AwaitTaskContinuation.RunCallback (System.Threading.ContextCallback callback, System.Object state, System.Threading.Tasks.Task& currentTask) [0x00000] in <00000000000000000000000000000000>:0 
  at System.Threading.Tasks.SynchronizationContextAwaitTaskContinuation.Run (System.Threading.Tasks.Task ignored, System.Boolean canInlineContinuationTask) [0x00000] in <00000000000000000000000000000000>:0 
  at System.Threading.Tasks.Task.FinishContinuations () [0x00000] in <00000000000000000000000000000000>:0 
  at System.Threading.Tasks.Task`1[TResult].TrySetResult (TResult result) [0x00000] in <00000000000000000000000000000000>:0 
  at System.Threading.Tasks.TaskCompletionSource`1[TResult].SetResult (TResult result) [0x00000] in <00000000000000000000000000000000>:0 
  at UnityEngine.AsyncOperation.InvokeCompletionEvent () [0x00000] in <00000000000000000000000000000000>:0 
--- End of stack trace from previous location where exception was thrown ---

  at LobbyManager.LeaveLobby () [0x00000] in <00000000000000000000000000000000>:0 
  at System.Threading.ExecutionContext.RunInternal (System.Threading.ExecutionContext executionContext, System.Threading.ContextCallback callback, System.Object state, System.Boolean preserveSyncCtx) [0x00000] in <00000000000000000000000000000000>:0 
  at System.Runtime.CompilerServices.AsyncMethodBuilderCore+MoveNextRunner.Run () [0x00000] in <00000000000000000000000000000000>:0 
  at System.Threading.Tasks.AwaitTaskContinuation.RunCallback (System.Threading.ContextCallback callback, System.Object state, System.Threading.Tasks.Task& currentTask) [0x00000] in <00000000000000000000000000000000>:0 
  at System.Threading.Tasks.SynchronizationContextAwaitTaskContinuation.Run (System.Threading.Tasks.Task ignored, System.Boolean canInlineContinuationTask) [0x00000] in <00000000000000000000000000000000>:0 
  at System.Threading.Tasks.Task.FinishContinuations () [0x00000] in <00000000000000000000000000000000>:0 
  at System.Threading.Tasks.Task.Finish (System.Boolean bUserDelegateExecuted) [0x00000] in <00000000000000000000000000000000>:0 
  at System.Threading.Tasks.Task.TrySetException (System.Object exceptionObject) [0x00000] in <00000000000000000000000000000000>:0 
  at System.Runtime.CompilerServices.AsyncTaskMethodBuilder`1[TResult].SetException (System.Exception exception) [0x00000] in <00000000000000000000000000000000>:0 
  at Unity.Services.Lobbies.Internal.WrappedLobbyService.RemovePlayerAsync (System.String lobbyId, System.String playerId) [0x00000] in <00000000000000000000000000000000>:0 
  at System.Threading.ExecutionContext.RunInternal (System.Threading.ExecutionContext executionContext, System.Threading.ContextCallback callback, System.Object state, System.Boolean preserveSyncCtx) [0x00000] in <00000000000000000000000000000000>:0 
  at System.Runtime.CompilerServices.AsyncMethodBuilderCore+MoveNextRunner.Run () [0x00000] in <00000000000000000000000000000000>:0 
  at System.Threading.Tasks.AwaitTaskContinuation.RunCallback (System.Threading.ContextCallback callback, System.Object state, System.Threading.Tasks.Task& currentTask) [0x00000] in <00000000000000000000000000000000>:0 
  at System.Threading.Tasks.SynchronizationContextAwaitTaskContinuation.Run (System.Threading.Tasks.Task ignored, System.Boolean canInlineContinuationTask) [0x00000] in <00000000000000000000000000000000>:0 
  at System.Threading.Tasks.Task.FinishContinuations () [0x00000] in <00000000000000000000000000000000>:0 
  at System.Threading.Tasks.Task.Finish (System.Boolean bUserDelegateExecuted) [0x00000] in <00000000000000000000000000000000>:0 
  at System.Threading.Tasks.Task.TrySetException (System.Object exceptionObject) [0x00000] in <00000000000000000000000000000000>:0 
  at System.Runtime.CompilerServices.AsyncTaskMethodBuilder`1[TResult].SetException (System.Exception exception) [0x00000] in <00000000000000000000000000000000>:0 
  at Unity.Services.Lobbies.Internal.WrappedLobbyService.TryCatchRequest[TRequest] (System.String api, System.Func`3[T1,T2,TResult] func, TRequest request) [0x00000] in <00000000000000000000000000000000>:0 
  at System.Threading.ExecutionContext.RunInternal (System.Threading.ExecutionContext executionContext, System.Threading.ContextCallback callback, System.Object state, System.Boolean preserveSyncCtx) [0x00000] in <00000000000000000000000000000000>:0 
  at System.Runtime.CompilerServices.AsyncMethodBuilderCore+MoveNextRunner.Run () [0x00000] in <00000000000000000000000000000000>:0 
  at System.Threading.Tasks.AwaitTaskContinuation.RunCallback (System.Threading.ContextCallback callback, System.Object state, System.Threading.Tasks.Task& currentTask) [0x00000] in <00000000000000000000000000000000>:0 
  at System.Threading.Tasks.SynchronizationContextAwaitTaskContinuation.Run (System.Threading.Tasks.Task ignored, System.Boolean canInlineContinuationTask) [0x00000] in <00000000000000000000000000000000>:0 
  at System.Threading.Tasks.Task.FinishContinuations () [0x00000] in <00000000000000000000000000000000>:0 
  at System.Threading.Tasks.Task.Finish (System.Boolean bUserDelegateExecuted) [0x00000] in <00000000000000000000000000000000>:0 
  at System.Threading.Tasks.Task.TrySetException (System.Object exceptionObject) [0x00000] in <00000000000000000000000000000000>:0 
  at System.Runtime.CompilerServices.AsyncTaskMethodBuilder`1[TResult].SetException (System.Exception exception) [0x00000] in <00000000000000000000000000000000>:0 
  at Unity.Services.Lobbies.Apis.Lobby.LobbyApiClient.RemovePlayerAsync (Unity.Services.Lobbies.Lobby.RemovePlayerRequest request, Unity.Services.Lobbies.Configuration operationConfiguration) [0x00000] in <00000000000000000000000000000000>:0 
  at System.Threading.ExecutionContext.RunInternal (System.Threading.ExecutionContext executionContext, System.Threading.ContextCallback callback, System.Object state, System.Boolean preserveSyncCtx) [0x00000] in <00000000000000000000000000000000>:0 
  at System.Runtime.CompilerServices.AsyncMethodBuilderCore+MoveNextRunner.Run () [0x00000] in <00000000000000000000000000000000>:0 
  at System.Threading.Tasks.AwaitTaskContinuation.RunCallback (System.Threading.ContextCallback callback, System.Object state, System.Threading.Tasks.Task& currentTask) [0x00000] in <00000000000000000000000000000000>:0 
  at System.Threading.Tasks.SynchronizationContextAwaitTaskContinuation.Run (System.Threading.Tasks.Task ignored, System.Boolean canInlineContinuationTask) [0x00000] in <00000000000000000000000000000000>:0 
  at System.Threading.Tasks.Task.FinishContinuations () [0x00000] in <00000000000000000000000000000000>:0 
  at System.Threading.Tasks.Task`1[TResult].TrySetResult (TResult result) [0x00000] in <00000000000000000000000000000000>:0 
  at System.Runtime.CompilerServices.AsyncTaskMethodBuilder`1[TResult].SetResult (TResult result) [0x00000] in <00000000000000000000000000000000>:0 
  at Unity.Services.Lobbies.Http.HttpClient.MakeRequestAsync (System.String method, System.String url, System.Byte[] body, System.Collections.Generic.Dictionary`2[TKey,TValue] headers, System.Int32 requestTimeout) [0x00000] in <00000000000000000000000000000000>:0 
  at System.Threading.ExecutionContext.RunInternal (System.Threading.ExecutionContext executionContext, System.Threading.ContextCallback callback, System.Object state, System.Boolean preserveSyncCtx) [0x00000] in <00000000000000000000000000000000>:0 
  at System.Runtime.CompilerServices.AsyncMethodBuilderCore+MoveNextRunner.Run () [0x00000] in <00000000000000000000000000000000>:0 
  at System.Threading.Tasks.AwaitTaskContinuation.RunCallback (System.Threading.ContextCallback callback, System.Object state, System.Threading.Tasks.Task& currentTask) [0x00000] in <00000000000000000000000000000000>:0 
  at System.Threading.Tasks.SynchronizationContextAwaitTaskContinuation.Run (System.Threading.Tasks.Task ignored, System.Boolean canInlineContinuationTask) [0x00000] in <00000000000000000000000000000000>:0 
  at System.Threading.Tasks.Task.FinishContinuations () [0x00000] in <00000000000000000000000000000000>:0 
  at System.Threading.Tasks.Task`1[TResult].TrySetResult (TResult result) [0x00000] in <00000000000000000000000000000000>:0 
  at System.Runtime.CompilerServices.AsyncTaskMethodBuilder`1[TResult].SetResult (TResult result) [0x00000] in <00000000000000000000000000000000>:0 
  at Unity.Services.Lobbies.Http.HttpClient.CreateWebRequestAsync (System.String method, System.String url, System.Byte[] body, System.Collections.Generic.IDictionary`2[TKey,TValue] headers, System.Int32 requestTimeout) [0x00000] in <00000000000000000000000000000000>:0 
  at System.Threading.ExecutionContext.RunInternal (System.Threading.ExecutionContext executionContext, System.Threading.ContextCallback callback, System.Object state, System.Boolean preserveSyncCtx) [0x00000] in <00000000000000000000000000000000>:0 
  at System.Runtime.CompilerServices.AsyncMethodBuilderCore+MoveNextRunner.Run () [0x00000] in <00000000000000000000000000000000>:0 
  at System.Threading.Tasks.AwaitTaskContinuation.RunCallback (System.Threading.ContextCallback callback, System.Object state, System.Threading.Tasks.Task& currentTask) [0x00000] in <00000000000000000000000000000000>:0 
  at System.Threading.Tasks.SynchronizationContextAwaitTaskContinuation.Run (System.Threading.Tasks.Task ignored, System.Boolean canInlineContinuationTask) [0x00000] in <00000000000000000000000000000000>:0 
  at System.Threading.Tasks.Task.FinishContinuations () [0x00000] in <00000000000000000000000000000000>:0 
  at System.Threading.Tasks.Task`1[TResult].TrySetResult (TResult result) [0x00000] in <00000000000000000000000000000000>:0 
  at System.Runtime.CompilerServices.AsyncTaskMethodBuilder`1[TResult].SetResult (TResult result) [0x00000] in <00000000000000000000000000000000>:0 
  at Unity.Services.Lobbies.Http.HttpClient.CreateHttpClientResponse (System.String method, System.String url, System.Byte[] body, System.Collections.Generic.IDictionary`2[TKey,TValue] headers, System.Int32 requestTimeout) [0x00000] in <00000000000000000000000000000000>:0 
  at System.Threading.ExecutionContext.RunInternal (System.Threading.ExecutionContext executionContext, System.Threading.ContextCallback callback, System.Object state, System.Boolean preserveSyncCtx) [0x00000] in <00000000000000000000000000000000>:0 
  at System.Runtime.CompilerServices.AsyncMethodBuilderCore+MoveNextRunner.Run () [0x00000] in <00000000000000000000000000000000>:0 
  at System.Threading.Tasks.AwaitTaskContinuation.RunCallback (System.Threading.ContextCallback callback, System.Object state, System.Threading.Tasks.Task& currentTask) [0x00000] in <00000000000000000000000000000000>:0 
  at System.Threading.Tasks.SynchronizationContextAwaitTaskContinuation.Run (System.Threading.Tasks.Task ignored, System.Boolean canInlineContinuationTask) [0x00000] in <00000000000000000000000000000000>:0 
  at System.Threading.Tasks.Task.FinishContinuations () [0x00000] in <00000000000000000000000000000000>:0 
  at System.Threading.Tasks.Task`1[TResult].TrySetResult (TResult result) [0x00000] in <00000000000000000000000000000000>:0 
  at System.Runtime.CompilerServices.AsyncTaskMethodBuilder`1[TResult].SetResult (TResult result) [0x00000] in <00000000000000000000000000000000>:0 
  at Unity.Services.Lobbies.Http.HttpClient+<>c__DisplayClass4_0.<CreateHttpClientResponse>b__0 () [0x00000] in <00000000000000000000000000000000>:0 
  at System.Threading.ExecutionContext.RunInternal (System.Threading.ExecutionContext executionContext, System.Threading.ContextCallback callback, System.Object state, System.Boolean preserveSyncCtx) [0x00000] in <00000000000000000000000000000000>:0 
  at System.Runtime.CompilerServices.AsyncMethodBuilderCore+MoveNextRunner.Run () [0x00000] in <00000000000000000000000000000000>:0 
  at System.Threading.Tasks.AwaitTaskContinuation.RunCallback (System.Threading.ContextCallback callback, System.Object state, System.Threading.Tasks.Task& currentTask) [0x00000] in <00000000000000000000000000000000>:0 
  at System.Threading.Tasks.SynchronizationContextAwaitTaskContinuation.Run (System.Threading.Tasks.Task ignored, System.Boolean canInlineContinuationTask) [0x00000] in <00000000000000000000000000000000>:0 
  at System.Threading.Tasks.Task.FinishContinuations () [0x00000] in <00000000000000000000000000000000>:0 
  at System.Threading.Tasks.Task`1[TResult].TrySetResult (TResult result) [0x00000] in <00000000000000000000000000000000>:0 
  at System.Threading.Tasks.TaskCompletionSource`1[TResult].SetResult (TResult result) [0x00000] in <00000000000000000000000000000000>:0 
  at UnityEngine.AsyncOperation.InvokeCompletionEvent () [0x00000] in <00000000000000000000000000000000>:0 
UnityEngine.DebugLogHandler:Internal_Log(LogType, LogOption, String, Object)
UnityEngine.Logger:Log(LogType, Object)
UnityEngine.Debug:Log(Object)
<LeaveLobby>d__27:MoveNext()
System.Threading.ExecutionContext:RunInternal(ExecutionContext, ContextCallback, Object, Boolean)
System.Runtime.CompilerServices.MoveNextRunner:Run()
System.Threading.Tasks.AwaitTaskContinuation:RunCallback(ContextCallback, Object, Task&)
System.Threading.Tasks.SynchronizationContextAwaitTaskContinuation:Run(Task, Boolean)
System.Threading.Tasks.Task:FinishContinuations()
System.Threading.Tasks.Task:Finish(Boolean)
System.Threading.Tasks.Task:TrySetException(Object)
System.Runtime.CompilerServices.AsyncTaskMethodBuilder`1:SetException(Exception)
Unity.Services.Lobbies.Internal.<RemovePlayerAsync>d__20:MoveNext()
System.Threading.ExecutionContext:RunInternal(ExecutionContext, ContextCallback, Object, Boolean)
System.Runtime.CompilerServices.MoveNextRunner:Run()
System.Threading.Tasks.AwaitTaskContinuation:RunCallback(ContextCallback, Object, Task&)
System.Threading.Tasks.SynchronizationContextAwaitTaskContinuation:Run(Task, Boolean)
System.Threading.Tasks.Task:FinishContinuations()
System.Threading.Tasks.Task:Finish(Boolean)
System.Threading.Tasks.Task:TrySetException(Object)
System.Runtime.CompilerServices.AsyncTaskMethodBuilder`1:SetException(Exception)
Unity.Services.Lobbies.Internal.<TryCatchRequest>d__27`1:MoveNext()
System.Threading.ExecutionContext:RunInternal(ExecutionContext, ContextCallback, Object, Boolean)
System.Runtime.CompilerServices.MoveNextRunner:Run()
System.Threading.Tasks.AwaitTaskContinuation:RunCallback(ContextCallback, Object, Task&)
System.Threading.Tasks.SynchronizationContextAwaitTaskContinuation:Run(Task, Boolean)
System.Threading.Tasks.Task:FinishContinuations()
System.Threading.Tasks.Task:Finish(Boolean)
System.Threading.Tasks.Task:TrySetException(Object)
System.Runtime.CompilerServices.AsyncTaskMethodBuilder`1:SetException(Exception)
Unity.Services.Lobbies.Apis.Lobby.<RemovePlayerAsync>d__20:MoveNext()
System.Threading.ExecutionContext:RunInternal(ExecutionContext, ContextCallback, Object, Boolean)
System.Runtime.CompilerServices.MoveNextRunner:Run()
System.Threading.Tasks.AwaitTaskContinuation:RunCallback(ContextCallback, Object, Task&)
System.Threading.Tasks.SynchronizationContextAwaitTaskContinuation:Run(Task, Boolean)
System.Threading.Tasks.Task:FinishContinuations()
System.Threading.Tasks.Task`1:TrySetResult(TResult)
System.Runtime.CompilerServices.AsyncTaskMethodBuilder`1:SetResult(TResult)
Unity.Services.Lobbies.Http.<MakeRequestAsync>d__1:MoveNext()
System.Threading.ExecutionContext:RunInternal(ExecutionContext, ContextCallback, Object, Boolean)
System.Runtime.CompilerServices.MoveNextRunner:Run()
System.Threading.Tasks.AwaitTaskContinuation:RunCallback(ContextCallback, Object, Task&)
System.Threading.Tasks.SynchronizationContextAwaitTaskContinuation:Run(Task, Boolean)
System.Threading.Tasks.Task:FinishContinuations()
System.Threading.Tasks.Task`1:TrySetResult(TResult)
System.Runtime.CompilerServices.AsyncTaskMethodBuilder`1:SetResult(TResult)
Unity.Services.Lobbies.Http.<CreateWebRequestAsync>d__3:MoveNext()
System.Threading.ExecutionContext:RunInternal(ExecutionContext, ContextCallback, Object, Boolean)
System.Runtime.CompilerServices.MoveNextRunner:Run()
System.Threading.Tasks.AwaitTaskContinuation:RunCallback(ContextCallback, Object, Task&)
System.Threading.Tasks.SynchronizationContextAwaitTaskContinuation:Run(Task, Boolean)
System.Threading.Tasks.Task:FinishContinuations()
System.Threading.Tasks.Task`1:TrySetResult(TResult)
System.Runtime.CompilerServices.AsyncTaskMethodBuilder`1:SetResult(TResult)
Unity.Services.Lobbies.Http.<CreateHttpClientResponse>d__4:MoveNext()
System.Threading.ExecutionContext:RunInternal(ExecutionContext, ContextCallback, Object, Boolean)
System.Runtime.CompilerServices.MoveNextRunner:Run()
System.Threading.Tasks.AwaitTaskContinuation:RunCallback(ContextCallback, Object, Task&)
System.Threading.Tasks.SynchronizationContextAwaitTaskContinuation:Run(Task, Boolean)
System.Threading.Tasks.Task:FinishContinuations()
System.Threading.Tasks.Task`1:TrySetResult(TResult)
System.Runtime.CompilerServices.AsyncTaskMethodBuilder`1:SetResult(TResult)
Unity.Services.Lobbies.Http.<<CreateHttpClientResponse>b__0>d:MoveNext()
System.Threading.ExecutionContext:RunInternal(ExecutionContext, ContextCallback, Object, Boolean)
System.Runtime.CompilerServices.MoveNextRunner:Run()
System.Threading.Tasks.AwaitTaskContinuation:RunCallback(ContextCallback, Object, Task&)
System.Threading.Tasks.SynchronizationContextAwaitTaskContinuation:Run(Task, Boolean)
System.Threading.Tasks.Task:FinishContinuations()
System.Threading.Tasks.Task`1:TrySetResult(TResult)
System.Threading.Tasks.TaskCompletionSource`1:SetResult(TResult)
UnityEngine.AsyncOperation:InvokeCompletionEvent()

removed lobby
UnityEngine.DebugLogHandler:Internal_Log(LogType, LogOption, String, Object)
UnityEngine.Logger:Log(LogType, Object)
UnityEngine.Debug:Log(Object)
<LeaveLobby>d__27:MoveNext()
System.Threading.ExecutionContext:RunInternal(ExecutionContext, ContextCallback, Object, Boolean)
System.Runtime.CompilerServices.MoveNextRunner:Run()
System.Threading.Tasks.AwaitTaskContinuation:RunCallback(ContextCallback, Object, Task&)
System.Threading.Tasks.SynchronizationContextAwaitTaskContinuation:Run(Task, Boolean)
System.Threading.Tasks.Task:FinishContinuations()
System.Threading.Tasks.Task:Finish(Boolean)
System.Threading.Tasks.Task:TrySetException(Object)
System.Runtime.CompilerServices.AsyncTaskMethodBuilder`1:SetException(Exception)
Unity.Services.Lobbies.Internal.<RemovePlayerAsync>d__20:MoveNext()
System.Threading.ExecutionContext:RunInternal(ExecutionContext, ContextCallback, Object, Boolean)
System.Runtime.CompilerServices.MoveNextRunner:Run()
System.Threading.Tasks.AwaitTaskContinuation:RunCallback(ContextCallback, Object, Task&)
System.Threading.Tasks.SynchronizationContextAwaitTaskContinuation:Run(Task, Boolean)
System.Threading.Tasks.Task:FinishContinuations()
System.Threading.Tasks.Task:Finish(Boolean)
System.Threading.Tasks.Task:TrySetException(Object)
System.Runtime.CompilerServices.AsyncTaskMethodBuilder`1:SetException(Exception)
Unity.Services.Lobbies.Internal.<TryCatchRequest>d__27`1:MoveNext()
System.Threading.ExecutionContext:RunInternal(ExecutionContext, ContextCallback, Object, Boolean)
System.Runtime.CompilerServices.MoveNextRunner:Run()
System.Threading.Tasks.AwaitTaskContinuation:RunCallback(ContextCallback, Object, Task&)
System.Threading.Tasks.SynchronizationContextAwaitTaskContinuation:Run(Task, Boolean)
System.Threading.Tasks.Task:FinishContinuations()
System.Threading.Tasks.Task:Finish(Boolean)
System.Threading.Tasks.Task:TrySetException(Object)
System.Runtime.CompilerServices.AsyncTaskMethodBuilder`1:SetException(Exception)
Unity.Services.Lobbies.Apis.Lobby.<RemovePlayerAsync>d__20:MoveNext()
System.Threading.ExecutionContext:RunInternal(ExecutionContext, ContextCallback, Object, Boolean)
System.Runtime.CompilerServices.MoveNextRunner:Run()
System.Threading.Tasks.AwaitTaskContinuation:RunCallback(ContextCallback, Object, Task&)
System.Threading.Tasks.SynchronizationContextAwaitTaskContinuation:Run(Task, Boolean)
System.Threading.Tasks.Task:FinishContinuations()
System.Threading.Tasks.Task`1:TrySetResult(TResult)
System.Runtime.CompilerServices.AsyncTaskMethodBuilder`1:SetResult(TResult)
Unity.Services.Lobbies.Http.<MakeRequestAsync>d__1:MoveNext()
System.Threading.ExecutionContext:RunInternal(ExecutionContext, ContextCallback, Object, Boolean)
System.Runtime.CompilerServices.MoveNextRunner:Run()
System.Threading.Tasks.AwaitTaskContinuation:RunCallback(ContextCallback, Object, Task&)
System.Threading.Tasks.SynchronizationContextAwaitTaskContinuation:Run(Task, Boolean)
System.Threading.Tasks.Task:FinishContinuations()
System.Threading.Tasks.Task`1:TrySetResult(TResult)
System.Runtime.CompilerServices.AsyncTaskMethodBuilder`1:SetResult(TResult)
Unity.Services.Lobbies.Http.<CreateWebRequestAsync>d__3:MoveNext()
System.Threading.ExecutionContext:RunInternal(ExecutionContext, ContextCallback, Object, Boolean)
System.Runtime.CompilerServices.MoveNextRunner:Run()
System.Threading.Tasks.AwaitTaskContinuation:RunCallback(ContextCallback, Object, Task&)
System.Threading.Tasks.SynchronizationContextAwaitTaskContinuation:Run(Task, Boolean)
System.Threading.Tasks.Task:FinishContinuations()
System.Threading.Tasks.Task`1:TrySetResult(TResult)
System.Runtime.CompilerServices.AsyncTaskMethodBuilder`1:SetResult(TResult)
Unity.Services.Lobbies.Http.<CreateHttpClientResponse>d__4:MoveNext()
System.Threading.ExecutionContext:RunInternal(ExecutionContext, ContextCallback, Object, Boolean)
System.Runtime.CompilerServices.MoveNextRunner:Run()
System.Threading.Tasks.AwaitTaskContinuation:RunCallback(ContextCallback, Object, Task&)
System.Threading.Tasks.SynchronizationContextAwaitTaskContinuation:Run(Task, Boolean)
System.Threading.Tasks.Task:FinishContinuations()
System.Threading.Tasks.Task`1:TrySetResult(TResult)
System.Runtime.CompilerServices.AsyncTaskMethodBuilder`1:SetResult(TResult)
Unity.Services.Lobbies.Http.<<CreateHttpClientResponse>b__0>d:MoveNext()
System.Threading.ExecutionContext:RunInternal(ExecutionContext, ContextCallback, Object, Boolean)
System.Runtime.CompilerServices.MoveNextRunner:Run()
System.Threading.Tasks.AwaitTaskContinuation:RunCallback(ContextCallback, Object, Task&)
System.Threading.Tasks.SynchronizationContextAwaitTaskContinuation:Run(Task, Boolean)
System.Threading.Tasks.Task:FinishContinuations()
System.Threading.Tasks.Task`1:TrySetResult(TResult)
System.Threading.Tasks.TaskCompletionSource`1:SetResult(TResult)
UnityEngine.AsyncOperation:InvokeCompletionEvent()

Direct3D: detected that using refresh rate causes time drift. Will stop trusting refresh rate until the game window is moved.
Unloading 5 Unused Serialized files (Serialized files now loaded: 0)
UnloadTime: 3.652900 ms
Unloading 19 unused Assets to reduce memory usage. Loaded Objects now: 6117.
Total: 9.805000 ms (FindLiveObjects: 0.405100 ms CreateObjectMapping: 0.124400 ms MarkObjects: 9.204100 ms  DeleteObjects: 0.070500 ms)

Joined channel: QK8CNJ_LobbyChat
UnityEngine.DebugLogHandler:Internal_Log(LogType, LogOption, String, Object)
UnityEngine.Logger:Log(LogType, Object)
UnityEngine.Debug:Log(Object)
<SetActiveAudioChannel>d__27:MoveNext()
System.Threading.ExecutionContext:RunInternal(ExecutionContext, ContextCallback, Object, Boolean)
System.Runtime.CompilerServices.MoveNextRunner:Run()
System.Threading.Tasks.AwaitTaskContinuation:RunCallback(ContextCallback, Object, Task&)
System.Threading.Tasks.SynchronizationContextAwaitTaskContinuation:Run(Task, Boolean)
System.Threading.Tasks.Task:FinishContinuations()
System.Threading.Tasks.Task`1:TrySetResult(TResult)
System.Runtime.CompilerServices.AsyncTaskMethodBuilder`1:SetResult(TResult)
Unity.Services.Vivox.<JoinGroupChannelAsync>d__199:MoveNext()
System.Threading.ExecutionContext:RunInternal(ExecutionContext, ContextCallback, Object, Boolean)
System.Runtime.CompilerServices.MoveNextRunner:Run()
System.Threading.Tasks.AwaitTaskContinuation:RunCallback(ContextCallback, Object, Task&)
System.Threading.Tasks.SynchronizationContextAwaitTaskContinuation:Run(Task, Boolean)
System.Threading.Tasks.Task:FinishContinuations()
System.Threading.Tasks.Task`1:TrySetResult(TResult)
System.Runtime.CompilerServices.AsyncTaskMethodBuilder`1:SetResult(TResult)
Unity.Services.Vivox.<JoinChannelAsync>d__202:MoveNext()
System.Threading.ExecutionContext:RunInternal(ExecutionContext, ContextCallback, Object, Boolean)
System.Runtime.CompilerServices.MoveNextRunner:Run()
System.Threading.Tasks.AwaitTaskContinuation:RunCallback(ContextCallback, Object, Task&)
System.Threading.Tasks.SynchronizationContextAwaitTaskContinuation:Run(Task, Boolean)
System.Threading.Tasks.Task:FinishContinuations()
System.Threading.Tasks.Task`1:TrySetResult(TResult)
System.Runtime.CompilerServices.AsyncTaskMethodBuilder`1:SetResult(TResult)
Unity.Services.Vivox.<ConnectAsync>d__45:MoveNext()
System.Threading.ExecutionContext:RunInternal(ExecutionContext, ContextCallback, Object, Boolean)
System.Runtime.CompilerServices.MoveNextRunner:Run()
System.Threading.Tasks.AwaitTaskContinuation:RunCallback(ContextCallback, Object, Task&)
System.Threading.Tasks.SynchronizationContextAwaitTaskContinuation:Run(Task, Boolean)
System.Threading.Tasks.Task:FinishContinuations()
System.Threading.Tasks.Task`1:TrySetResult(TResult)
System.Threading.Tasks.TaskCompletionSource`1:TrySetResult(TResult)
Unity.Services.Vivox.ChannelSession:CheckSessionConnection()
Unity.Services.Vivox.ChannelSession:HandleParticipantAdded(vx_evt_base_t)
Unity.Services.Vivox.VxClient:InstanceOnMainLoopRun(Boolean&)
Unity.Services.Vivox.Client:RunOnce()
Unity.Services.Vivox.<VivoxUnityRun>d__7:MoveNext()
UnityEngine.SetupCoroutine:InvokeMoveNext(IEnumerator, IntPtr)

Unloading 5 Unused Serialized files (Serialized files now loaded: 0)
UnloadTime: 4.255700 ms
Unloading 61 unused Assets to reduce memory usage. Loaded Objects now: 25564.
Total: 23.334700 ms (FindLiveObjects: 2.339600 ms CreateObjectMapping: 0.370000 ms MarkObjects: 20.322600 ms  DeleteObjects: 0.301300 ms)

WindowsVideoMedia error 0xc00d36bb while reading Z:/home/evan/dwn/fnaf-online-0.9.52-alpha/FNAF Online_Data/sharedassets3.resource

Context: CreateObjectFromByteStream
Error details: Unexpected error.

Track types:
WindowsVideoMedia error 0xc00d36bb while reading Z:/home/evan/dwn/fnaf-online-0.9.52-alpha/FNAF Online_Data/sharedassets3.resource

Context: CreateObjectFromByteStream
Error details: Unexpected error.

Track types:
Joined channel: PrivateChat_aec20e60
UnityEngine.DebugLogHandler:Internal_Log(LogType, LogOption, String, Object)
UnityEngine.Logger:Log(LogType, Object)
UnityEngine.Debug:Log(Object)
<SetActiveAudioChannel>d__27:MoveNext()
System.Threading.ExecutionContext:RunInternal(ExecutionContext, ContextCallback, Object, Boolean)
System.Runtime.CompilerServices.MoveNextRunner:Run()
System.Threading.Tasks.AwaitTaskContinuation:RunCallback(ContextCallback, Object, Task&)
System.Threading.Tasks.SynchronizationContextAwaitTaskContinuation:Run(Task, Boolean)
System.Threading.Tasks.Task:FinishContinuations()
System.Threading.Tasks.Task`1:TrySetResult(TResult)
System.Runtime.CompilerServices.AsyncTaskMethodBuilder`1:SetResult(TResult)
Unity.Services.Vivox.<JoinGroupChannelAsync>d__199:MoveNext()
System.Threading.ExecutionContext:RunInternal(ExecutionContext, ContextCallback, Object, Boolean)
System.Runtime.CompilerServices.MoveNextRunner:Run()
System.Threading.Tasks.AwaitTaskContinuation:RunCallback(ContextCallback, Object, Task&)
System.Threading.Tasks.SynchronizationContextAwaitTaskContinuation:Run(Task, Boolean)
System.Threading.Tasks.Task:FinishContinuations()
System.Threading.Tasks.Task`1:TrySetResult(TResult)
System.Runtime.CompilerServices.AsyncTaskMethodBuilder`1:SetResult(TResult)
Unity.Services.Vivox.<JoinChannelAsync>d__202:MoveNext()
System.Threading.ExecutionContext:RunInternal(ExecutionContext, ContextCallback, Object, Boolean)
System.Runtime.CompilerServices.MoveNextRunner:Run()
System.Threading.Tasks.AwaitTaskContinuation:RunCallback(ContextCallback, Object, Task&)
System.Threading.Tasks.SynchronizationContextAwaitTaskContinuation:Run(Task, Boolean)
System.Threading.Tasks.Task:FinishContinuations()
System.Threading.Tasks.Task`1:TrySetResult(TResult)
System.Runtime.CompilerServices.AsyncTaskMethodBuilder`1:SetResult(TResult)
Unity.Services.Vivox.<ConnectAsync>d__45:MoveNext()
System.Threading.ExecutionContext:RunInternal(ExecutionContext, ContextCallback, Object, Boolean)
System.Runtime.CompilerServices.MoveNextRunner:Run()
System.Threading.Tasks.AwaitTaskContinuation:RunCallback(ContextCallback, Object, Task&)
System.Threading.Tasks.SynchronizationContextAwaitTaskContinuation:Run(Task, Boolean)
System.Threading.Tasks.Task:FinishContinuations()
System.Threading.Tasks.Task`1:TrySetResult(TResult)
System.Threading.Tasks.TaskCompletionSource`1:TrySetResult(TResult)
Unity.Services.Vivox.ChannelSession:CheckSessionConnection()
Unity.Services.Vivox.ChannelSession:HandleParticipantAdded(vx_evt_base_t)
Unity.Services.Vivox.VxClient:InstanceOnMainLoopRun(Boolean&)
Unity.Services.Vivox.Client:RunOnce()
Unity.Services.Vivox.<VivoxUnityRun>d__7:MoveNext()
UnityEngine.SetupCoroutine:InvokeMoveNext(IEnumerator, IntPtr)

Zap is not being watched: freezing at frame: 0
UnityEngine.DebugLogHandler:Internal_Log(LogType, LogOption, String, Object)
UnityEngine.Logger:Log(LogType, Object)
UnityEngine.Debug:Log(Object)
<WaitThenSetFrame>d__26:MoveNext()
UnityEngine.SetupCoroutine:InvokeMoveNext(IEnumerator, IntPtr)

Joined channel: QK8CNJ_GameChat
UnityEngine.DebugLogHandler:Internal_Log(LogType, LogOption, String, Object)
UnityEngine.Logger:Log(LogType, Object)
UnityEngine.Debug:Log(Object)
<SetActiveAudioChannel>d__27:MoveNext()
System.Threading.ExecutionContext:RunInternal(ExecutionContext, ContextCallback, Object, Boolean)
System.Runtime.CompilerServices.MoveNextRunner:Run()
System.Threading.Tasks.AwaitTaskContinuation:RunCallback(ContextCallback, Object, Task&)
System.Threading.Tasks.SynchronizationContextAwaitTaskContinuation:Run(Task, Boolean)
System.Threading.Tasks.Task:FinishContinuations()
System.Threading.Tasks.Task`1:TrySetResult(TResult)
System.Runtime.CompilerServices.AsyncTaskMethodBuilder`1:SetResult(TResult)
Unity.Services.Vivox.<JoinGroupChannelAsync>d__199:MoveNext()
System.Threading.ExecutionContext:RunInternal(ExecutionContext, ContextCallback, Object, Boolean)
System.Runtime.CompilerServices.MoveNextRunner:Run()
System.Threading.Tasks.AwaitTaskContinuation:RunCallback(ContextCallback, Object, Task&)
System.Threading.Tasks.SynchronizationContextAwaitTaskContinuation:Run(Task, Boolean)
System.Threading.Tasks.Task:FinishContinuations()
System.Threading.Tasks.Task`1:TrySetResult(TResult)
System.Runtime.CompilerServices.AsyncTaskMethodBuilder`1:SetResult(TResult)
Unity.Services.Vivox.<JoinChannelAsync>d__202:MoveNext()
System.Threading.ExecutionContext:RunInternal(ExecutionContext, ContextCallback, Object, Boolean)
System.Runtime.CompilerServices.MoveNextRunner:Run()
System.Threading.Tasks.AwaitTaskContinuation:RunCallback(ContextCallback, Object, Task&)
System.Threading.Tasks.SynchronizationContextAwaitTaskContinuation:Run(Task, Boolean)
System.Threading.Tasks.Task:FinishContinuations()
System.Threading.Tasks.Task`1:TrySetResult(TResult)
System.Runtime.CompilerServices.AsyncTaskMethodBuilder`1:SetResult(TResult)
Unity.Services.Vivox.<ConnectAsync>d__45:MoveNext()
System.Threading.ExecutionContext:RunInternal(ExecutionContext, ContextCallback, Object, Boolean)
System.Runtime.CompilerServices.MoveNextRunner:Run()
System.Threading.Tasks.AwaitTaskContinuation:RunCallback(ContextCallback, Object, Task&)
System.Threading.Tasks.SynchronizationContextAwaitTaskContinuation:Run(Task, Boolean)
System.Threading.Tasks.Task:FinishContinuations()
System.Threading.Tasks.Task`1:TrySetResult(TResult)
System.Threading.Tasks.TaskCompletionSource`1:TrySetResult(TResult)
Unity.Services.Vivox.ChannelSession:CheckSessionConnection()
Unity.Services.Vivox.ChannelSession:HandleParticipantAdded(vx_evt_base_t)
Unity.Services.Vivox.VxClient:InstanceOnMainLoopRun(Boolean&)
Unity.Services.Vivox.Client:RunOnce()
Unity.Services.Vivox.<VivoxUnityRun>d__7:MoveNext()
UnityEngine.SetupCoroutine:InvokeMoveNext(IEnumerator, IntPtr)

Zap is not being watched: freezing at frame: 25
UnityEngine.DebugLogHandler:Internal_Log(LogType, LogOption, String, Object)
UnityEngine.Logger:Log(LogType, Object)
UnityEngine.Debug:Log(Object)
<WaitThenSetFrame>d__26:MoveNext()
UnityEngine.SetupCoroutine:InvokeMoveNext(IEnumerator, IntPtr)

Zap is not being watched: freezing at frame: 25
UnityEngine.DebugLogHandler:Internal_Log(LogType, LogOption, String, Object)
UnityEngine.Logger:Log(LogType, Object)
UnityEngine.Debug:Log(Object)
<WaitThenSetFrame>d__26:MoveNext()
UnityEngine.SetupCoroutine:InvokeMoveNext(IEnumerator, IntPtr)

Zap is not being watched: freezing at frame: 15
UnityEngine.DebugLogHandler:Internal_Log(LogType, LogOption, String, Object)
UnityEngine.Logger:Log(LogType, Object)
UnityEngine.Debug:Log(Object)
<WaitThenSetFrame>d__26:MoveNext()
UnityEngine.SetupCoroutine:InvokeMoveNext(IEnumerator, IntPtr)

Zap is not being watched: freezing at frame: 25
UnityEngine.DebugLogHandler:Internal_Log(LogType, LogOption, String, Object)
UnityEngine.Logger:Log(LogType, Object)
UnityEngine.Debug:Log(Object)
<WaitThenSetFrame>d__26:MoveNext()
UnityEngine.SetupCoroutine:InvokeMoveNext(IEnumerator, IntPtr)

Zap is not being watched: freezing at frame: 10
UnityEngine.DebugLogHandler:Internal_Log(LogType, LogOption, String, Object)
UnityEngine.Logger:Log(LogType, Object)
UnityEngine.Debug:Log(Object)
<WaitThenSetFrame>d__26:MoveNext()
UnityEngine.SetupCoroutine:InvokeMoveNext(IEnumerator, IntPtr)

Zap is not being watched: freezing at frame: 15
UnityEngine.DebugLogHandler:Internal_Log(LogType, LogOption, String, Object)
UnityEngine.Logger:Log(LogType, Object)
UnityEngine.Debug:Log(Object)
<WaitThenSetFrame>d__26:MoveNext()
UnityEngine.SetupCoroutine:InvokeMoveNext(IEnumerator, IntPtr)

Zap is not being watched: freezing at frame: 20
UnityEngine.DebugLogHandler:Internal_Log(LogType, LogOption, String, Object)
UnityEngine.Logger:Log(LogType, Object)
UnityEngine.Debug:Log(Object)
<WaitThenSetFrame>d__26:MoveNext()
UnityEngine.SetupCoroutine:InvokeMoveNext(IEnumerator, IntPtr)

Zap is not being watched: freezing at frame: 5
UnityEngine.DebugLogHandler:Internal_Log(LogType, LogOption, String, Object)
UnityEngine.Logger:Log(LogType, Object)
UnityEngine.Debug:Log(Object)
<WaitThenSetFrame>d__26:MoveNext()
UnityEngine.SetupCoroutine:InvokeMoveNext(IEnumerator, IntPtr)

Zap is not being watched: freezing at frame: 25
UnityEngine.DebugLogHandler:Internal_Log(LogType, LogOption, String, Object)
UnityEngine.Logger:Log(LogType, Object)
UnityEngine.Debug:Log(Object)
<WaitThenSetFrame>d__26:MoveNext()
UnityEngine.SetupCoroutine:InvokeMoveNext(IEnumerator, IntPtr)

Zap is not being watched: freezing at frame: 30
UnityEngine.DebugLogHandler:Internal_Log(LogType, LogOption, String, Object)
UnityEngine.Logger:Log(LogType, Object)
UnityEngine.Debug:Log(Object)
<WaitThenSetFrame>d__26:MoveNext()
UnityEngine.SetupCoroutine:InvokeMoveNext(IEnumerator, IntPtr)

Zap is not being watched: freezing at frame: 25
UnityEngine.DebugLogHandler:Internal_Log(LogType, LogOption, String, Object)
UnityEngine.Logger:Log(LogType, Object)
UnityEngine.Debug:Log(Object)
<WaitThenSetFrame>d__26:MoveNext()
UnityEngine.SetupCoroutine:InvokeMoveNext(IEnumerator, IntPtr)

Zap is not being watched: freezing at frame: 30
UnityEngine.DebugLogHandler:Internal_Log(LogType, LogOption, String, Object)
UnityEngine.Logger:Log(LogType, Object)
UnityEngine.Debug:Log(Object)
<WaitThenSetFrame>d__26:MoveNext()
UnityEngine.SetupCoroutine:InvokeMoveNext(IEnumerator, IntPtr)

5 to 0.18
UnityEngine.DebugLogHandler:Internal_Log(LogType, LogOption, String, Object)
UnityEngine.Logger:Log(LogType, Object)
UnityEngine.Debug:Log(Object)
Freddy:HandleMovementAudio(Boolean)
Animatronic:SetNodeClientRpc(Int32, Boolean, Boolean)
Animatronic:__rpc_handler_1908766251(NetworkBehaviour, FastBufferReader, __RpcParams)
Unity.Netcode.RpcMessageHelpers:Handle(NetworkContext&, RpcMetadata&, FastBufferReader&, __RpcParams&)
Unity.Netcode.ClientRpcMessage:Handle(NetworkContext&)
Unity.Netcode.MessagingSystem:ReceiveMessage(FastBufferReader, NetworkContext&, MessagingSystem)
Unity.Netcode.MessagingSystem:HandleMessage(MessageHeader&, FastBufferReader, UInt64, Single, Int32)
Unity.Netcode.MessagingSystem:ProcessIncomingMessageQueue()
Unity.Netcode.NetworkManager:NetworkUpdate(NetworkUpdateStage)
Unity.Netcode.NetworkUpdateLoop:RunNetworkUpdateStage(NetworkUpdateStage)

Zap is not being watched: freezing at frame: 35
UnityEngine.DebugLogHandler:Internal_Log(LogType, LogOption, String, Object)
UnityEngine.Logger:Log(LogType, Object)
UnityEngine.Debug:Log(Object)
<WaitThenSetFrame>d__26:MoveNext()
UnityEngine.SetupCoroutine:InvokeMoveNext(IEnumerator, IntPtr)

Zap is not being watched: freezing at frame: 30
UnityEngine.DebugLogHandler:Internal_Log(LogType, LogOption, String, Object)
UnityEngine.Logger:Log(LogType, Object)
UnityEngine.Debug:Log(Object)
<WaitThenSetFrame>d__26:MoveNext()
UnityEngine.SetupCoroutine:InvokeMoveNext(IEnumerator, IntPtr)

Zap is not being watched: freezing at frame: 10
UnityEngine.DebugLogHandler:Internal_Log(LogType, LogOption, String, Object)
UnityEngine.Logger:Log(LogType, Object)
UnityEngine.Debug:Log(Object)
<WaitThenSetFrame>d__26:MoveNext()
UnityEngine.SetupCoroutine:InvokeMoveNext(IEnumerator, IntPtr)

Zap is not being watched: freezing at frame: 20
UnityEngine.DebugLogHandler:Internal_Log(LogType, LogOption, String, Object)
UnityEngine.Logger:Log(LogType, Object)
UnityEngine.Debug:Log(Object)
<WaitThenSetFrame>d__26:MoveNext()
UnityEngine.SetupCoroutine:InvokeMoveNext(IEnumerator, IntPtr)

Zap is not being watched: freezing at frame: 25
UnityEngine.DebugLogHandler:Internal_Log(LogType, LogOption, String, Object)
UnityEngine.Logger:Log(LogType, Object)
UnityEngine.Debug:Log(Object)
<WaitThenSetFrame>d__26:MoveNext()
UnityEngine.SetupCoroutine:InvokeMoveNext(IEnumerator, IntPtr)

Zap is not being watched: freezing at frame: 0
UnityEngine.DebugLogHandler:Internal_Log(LogType, LogOption, String, Object)
UnityEngine.Logger:Log(LogType, Object)
UnityEngine.Debug:Log(Object)
<WaitThenSetFrame>d__26:MoveNext()
UnityEngine.SetupCoroutine:InvokeMoveNext(IEnumerator, IntPtr)

Zap is not being watched: freezing at frame: 10
UnityEngine.DebugLogHandler:Internal_Log(LogType, LogOption, String, Object)
UnityEngine.Logger:Log(LogType, Object)
UnityEngine.Debug:Log(Object)
<WaitThenSetFrame>d__26:MoveNext()
UnityEngine.SetupCoroutine:InvokeMoveNext(IEnumerator, IntPtr)

Zap is not being watched: freezing at frame: 25
UnityEngine.DebugLogHandler:Internal_Log(LogType, LogOption, String, Object)
UnityEngine.Logger:Log(LogType, Object)
UnityEngine.Debug:Log(Object)
<WaitThenSetFrame>d__26:MoveNext()
UnityEngine.SetupCoroutine:InvokeMoveNext(IEnumerator, IntPtr)

Zap is not being watched: freezing at frame: 5
UnityEngine.DebugLogHandler:Internal_Log(LogType, LogOption, String, Object)
UnityEngine.Logger:Log(LogType, Object)
UnityEngine.Debug:Log(Object)
<WaitThenSetFrame>d__26:MoveNext()
UnityEngine.SetupCoroutine:InvokeMoveNext(IEnumerator, IntPtr)

Zap is not being watched: freezing at frame: 45
UnityEngine.DebugLogHandler:Internal_Log(LogType, LogOption, String, Object)
UnityEngine.Logger:Log(LogType, Object)
UnityEngine.Debug:Log(Object)
<WaitThenSetFrame>d__26:MoveNext()
UnityEngine.SetupCoroutine:InvokeMoveNext(IEnumerator, IntPtr)

Zap is not being watched: freezing at frame: 20
UnityEngine.DebugLogHandler:Internal_Log(LogType, LogOption, String, Object)
UnityEngine.Logger:Log(LogType, Object)
UnityEngine.Debug:Log(Object)
<WaitThenSetFrame>d__26:MoveNext()
UnityEngine.SetupCoroutine:InvokeMoveNext(IEnumerator, IntPtr)

Zap is not being watched: freezing at frame: 45
UnityEngine.DebugLogHandler:Internal_Log(LogType, LogOption, String, Object)
UnityEngine.Logger:Log(LogType, Object)
UnityEngine.Debug:Log(Object)
<WaitThenSetFrame>d__26:MoveNext()
UnityEngine.SetupCoroutine:InvokeMoveNext(IEnumerator, IntPtr)

Zap is not being watched: freezing at frame: 45
UnityEngine.DebugLogHandler:Internal_Log(LogType, LogOption, String, Object)
UnityEngine.Logger:Log(LogType, Object)
UnityEngine.Debug:Log(Object)
<WaitThenSetFrame>d__26:MoveNext()
UnityEngine.SetupCoroutine:InvokeMoveNext(IEnumerator, IntPtr)

Zap is not being watched: freezing at frame: 25
UnityEngine.DebugLogHandler:Internal_Log(LogType, LogOption, String, Object)
UnityEngine.Logger:Log(LogType, Object)
UnityEngine.Debug:Log(Object)
<WaitThenSetFrame>d__26:MoveNext()
UnityEngine.SetupCoroutine:InvokeMoveNext(IEnumerator, IntPtr)

Zap is not being watched: freezing at frame: 10
UnityEngine.DebugLogHandler:Internal_Log(LogType, LogOption, String, Object)
UnityEngine.Logger:Log(LogType, Object)
UnityEngine.Debug:Log(Object)
<WaitThenSetFrame>d__26:MoveNext()
UnityEngine.SetupCoroutine:InvokeMoveNext(IEnumerator, IntPtr)

Zap is not being watched: freezing at frame: 20
UnityEngine.DebugLogHandler:Internal_Log(LogType, LogOption, String, Object)
UnityEngine.Logger:Log(LogType, Object)
UnityEngine.Debug:Log(Object)
<WaitThenSetFrame>d__26:MoveNext()
UnityEngine.SetupCoroutine:InvokeMoveNext(IEnumerator, IntPtr)

Zap is not being watched: freezing at frame: 20
UnityEngine.DebugLogHandler:Internal_Log(LogType, LogOption, String, Object)
UnityEngine.Logger:Log(LogType, Object)
UnityEngine.Debug:Log(Object)
<WaitThenSetFrame>d__26:MoveNext()
UnityEngine.SetupCoroutine:InvokeMoveNext(IEnumerator, IntPtr)

4 to 0.32
UnityEngine.DebugLogHandler:Internal_Log(LogType, LogOption, String, Object)
UnityEngine.Logger:Log(LogType, Object)
UnityEngine.Debug:Log(Object)
Freddy:HandleMovementAudio(Boolean)
Animatronic:SetNodeClientRpc(Int32, Boolean, Boolean)
Animatronic:__rpc_handler_1908766251(NetworkBehaviour, FastBufferReader, __RpcParams)
Unity.Netcode.RpcMessageHelpers:Handle(NetworkContext&, RpcMetadata&, FastBufferReader&, __RpcParams&)
Unity.Netcode.ClientRpcMessage:Handle(NetworkContext&)
Unity.Netcode.MessagingSystem:ReceiveMessage(FastBufferReader, NetworkContext&, MessagingSystem)
Unity.Netcode.MessagingSystem:HandleMessage(MessageHeader&, FastBufferReader, UInt64, Single, Int32)
Unity.Netcode.MessagingSystem:ProcessIncomingMessageQueue()
Unity.Netcode.NetworkManager:NetworkUpdate(NetworkUpdateStage)
Unity.Netcode.NetworkUpdateLoop:RunNetworkUpdateStage(NetworkUpdateStage)

Zap is not being watched: freezing at frame: 15
UnityEngine.DebugLogHandler:Internal_Log(LogType, LogOption, String, Object)
UnityEngine.Logger:Log(LogType, Object)
UnityEngine.Debug:Log(Object)
<WaitThenSetFrame>d__26:MoveNext()
UnityEngine.SetupCoroutine:InvokeMoveNext(IEnumerator, IntPtr)

Zap is not being watched: freezing at frame: 25
UnityEngine.DebugLogHandler:Internal_Log(LogType, LogOption, String, Object)
UnityEngine.Logger:Log(LogType, Object)
UnityEngine.Debug:Log(Object)
<WaitThenSetFrame>d__26:MoveNext()
UnityEngine.SetupCoroutine:InvokeMoveNext(IEnumerator, IntPtr)

Zap is not being watched: freezing at frame: 25
UnityEngine.DebugLogHandler:Internal_Log(LogType, LogOption, String, Object)
UnityEngine.Logger:Log(LogType, Object)
UnityEngine.Debug:Log(Object)
<WaitThenSetFrame>d__26:MoveNext()
UnityEngine.SetupCoroutine:InvokeMoveNext(IEnumerator, IntPtr)

Zap is not being watched: freezing at frame: 10
UnityEngine.DebugLogHandler:Internal_Log(LogType, LogOption, String, Object)
UnityEngine.Logger:Log(LogType, Object)
UnityEngine.Debug:Log(Object)
<WaitThenSetFrame>d__26:MoveNext()
UnityEngine.SetupCoroutine:InvokeMoveNext(IEnumerator, IntPtr)

Zap is not being watched: freezing at frame: 10
UnityEngine.DebugLogHandler:Internal_Log(LogType, LogOption, String, Object)
UnityEngine.Logger:Log(LogType, Object)
UnityEngine.Debug:Log(Object)
<WaitThenSetFrame>d__26:MoveNext()
UnityEngine.SetupCoroutine:InvokeMoveNext(IEnumerator, IntPtr)

Zap is not being watched: freezing at frame: 15
UnityEngine.DebugLogHandler:Internal_Log(LogType, LogOption, String, Object)
UnityEngine.Logger:Log(LogType, Object)
UnityEngine.Debug:Log(Object)
<WaitThenSetFrame>d__26:MoveNext()
UnityEngine.SetupCoroutine:InvokeMoveNext(IEnumerator, IntPtr)

Zap is not being watched: freezing at frame: 20
UnityEngine.DebugLogHandler:Internal_Log(LogType, LogOption, String, Object)
UnityEngine.Logger:Log(LogType, Object)
UnityEngine.Debug:Log(Object)
<WaitThenSetFrame>d__26:MoveNext()
UnityEngine.SetupCoroutine:InvokeMoveNext(IEnumerator, IntPtr)

Zap is not being watched: freezing at frame: 20
UnityEngine.DebugLogHandler:Internal_Log(LogType, LogOption, String, Object)
UnityEngine.Logger:Log(LogType, Object)
UnityEngine.Debug:Log(Object)
<WaitThenSetFrame>d__26:MoveNext()
UnityEngine.SetupCoroutine:InvokeMoveNext(IEnumerator, IntPtr)

3 to 0.5
UnityEngine.DebugLogHandler:Internal_Log(LogType, LogOption, String, Object)
UnityEngine.Logger:Log(LogType, Object)
UnityEngine.Debug:Log(Object)
Freddy:HandleMovementAudio(Boolean)
Animatronic:SetNodeClientRpc(Int32, Boolean, Boolean)
Animatronic:__rpc_handler_1908766251(NetworkBehaviour, FastBufferReader, __RpcParams)
Unity.Netcode.RpcMessageHelpers:Handle(NetworkContext&, RpcMetadata&, FastBufferReader&, __RpcParams&)
Unity.Netcode.ClientRpcMessage:Handle(NetworkContext&)
Unity.Netcode.MessagingSystem:ReceiveMessage(FastBufferReader, NetworkContext&, MessagingSystem)
Unity.Netcode.MessagingSystem:HandleMessage(MessageHeader&, FastBufferReader, UInt64, Single, Int32)
Unity.Netcode.MessagingSystem:ProcessIncomingMessageQueue()
Unity.Netcode.NetworkManager:NetworkUpdate(NetworkUpdateStage)
Unity.Netcode.NetworkUpdateLoop:RunNetworkUpdateStage(NetworkUpdateStage)

Zap is not being watched: freezing at frame: 15
UnityEngine.DebugLogHandler:Internal_Log(LogType, LogOption, String, Object)
UnityEngine.Logger:Log(LogType, Object)
UnityEngine.Debug:Log(Object)
<WaitThenSetFrame>d__26:MoveNext()
UnityEngine.SetupCoroutine:InvokeMoveNext(IEnumerator, IntPtr)

Zap is not being watched: freezing at frame: 20
UnityEngine.DebugLogHandler:Internal_Log(LogType, LogOption, String, Object)
UnityEngine.Logger:Log(LogType, Object)
UnityEngine.Debug:Log(Object)
<WaitThenSetFrame>d__26:MoveNext()
UnityEngine.SetupCoroutine:InvokeMoveNext(IEnumerator, IntPtr)

Zap is not being watched: freezing at frame: 10
UnityEngine.DebugLogHandler:Internal_Log(LogType, LogOption, String, Object)
UnityEngine.Logger:Log(LogType, Object)
UnityEngine.Debug:Log(Object)
<WaitThenSetFrame>d__26:MoveNext()
UnityEngine.SetupCoroutine:InvokeMoveNext(IEnumerator, IntPtr)

Zap is not being watched: freezing at frame: 5
UnityEngine.DebugLogHandler:Internal_Log(LogType, LogOption, String, Object)
UnityEngine.Logger:Log(LogType, Object)
UnityEngine.Debug:Log(Object)
<WaitThenSetFrame>d__26:MoveNext()
UnityEngine.SetupCoroutine:InvokeMoveNext(IEnumerator, IntPtr)

Zap is not being watched: freezing at frame: 5
UnityEngine.DebugLogHandler:Internal_Log(LogType, LogOption, String, Object)
UnityEngine.Logger:Log(LogType, Object)
UnityEngine.Debug:Log(Object)
<WaitThenSetFrame>d__26:MoveNext()
UnityEngine.SetupCoroutine:InvokeMoveNext(IEnumerator, IntPtr)

Zap is not being watched: freezing at frame: 45
UnityEngine.DebugLogHandler:Internal_Log(LogType, LogOption, String, Object)
UnityEngine.Logger:Log(LogType, Object)
UnityEngine.Debug:Log(Object)
<WaitThenSetFrame>d__26:MoveNext()
UnityEngine.SetupCoroutine:InvokeMoveNext(IEnumerator, IntPtr)

Zap is not being watched: freezing at frame: 15
UnityEngine.DebugLogHandler:Internal_Log(LogType, LogOption, String, Object)
UnityEngine.Logger:Log(LogType, Object)
UnityEngine.Debug:Log(Object)
<WaitThenSetFrame>d__26:MoveNext()
UnityEngine.SetupCoroutine:InvokeMoveNext(IEnumerator, IntPtr)

Zap is not being watched: freezing at frame: 10
UnityEngine.DebugLogHandler:Internal_Log(LogType, LogOption, String, Object)
UnityEngine.Logger:Log(LogType, Object)
UnityEngine.Debug:Log(Object)
<WaitThenSetFrame>d__26:MoveNext()
UnityEngine.SetupCoroutine:InvokeMoveNext(IEnumerator, IntPtr)

Zap is not being watched: freezing at frame: 25
UnityEngine.DebugLogHandler:Internal_Log(LogType, LogOption, String, Object)
UnityEngine.Logger:Log(LogType, Object)
UnityEngine.Debug:Log(Object)
<WaitThenSetFrame>d__26:MoveNext()
UnityEngine.SetupCoroutine:InvokeMoveNext(IEnumerator, IntPtr)

Zap is not being watched: freezing at frame: 30
UnityEngine.DebugLogHandler:Internal_Log(LogType, LogOption, String, Object)
UnityEngine.Logger:Log(LogType, Object)
UnityEngine.Debug:Log(Object)
<WaitThenSetFrame>d__26:MoveNext()
UnityEngine.SetupCoroutine:InvokeMoveNext(IEnumerator, IntPtr)

Zap is not being watched: freezing at frame: 0
UnityEngine.DebugLogHandler:Internal_Log(LogType, LogOption, String, Object)
UnityEngine.Logger:Log(LogType, Object)
UnityEngine.Debug:Log(Object)
<WaitThenSetFrame>d__26:MoveNext()
UnityEngine.SetupCoroutine:InvokeMoveNext(IEnumerator, IntPtr)

Zap is not being watched: freezing at frame: 15
UnityEngine.DebugLogHandler:Internal_Log(LogType, LogOption, String, Object)
UnityEngine.Logger:Log(LogType, Object)
UnityEngine.Debug:Log(Object)
<WaitThenSetFrame>d__26:MoveNext()
UnityEngine.SetupCoroutine:InvokeMoveNext(IEnumerator, IntPtr)

Zap is not being watched: freezing at frame: 5
UnityEngine.DebugLogHandler:Internal_Log(LogType, LogOption, String, Object)
UnityEngine.Logger:Log(LogType, Object)
UnityEngine.Debug:Log(Object)
<WaitThenSetFrame>d__26:MoveNext()
UnityEngine.SetupCoroutine:InvokeMoveNext(IEnumerator, IntPtr)

Zap is not being watched: freezing at frame: 10
UnityEngine.DebugLogHandler:Internal_Log(LogType, LogOption, String, Object)
UnityEngine.Logger:Log(LogType, Object)
UnityEngine.Debug:Log(Object)
<WaitThenSetFrame>d__26:MoveNext()
UnityEngine.SetupCoroutine:InvokeMoveNext(IEnumerator, IntPtr)

Zap is not being watched: freezing at frame: 20
UnityEngine.DebugLogHandler:Internal_Log(LogType, LogOption, String, Object)
UnityEngine.Logger:Log(LogType, Object)
UnityEngine.Debug:Log(Object)
<WaitThenSetFrame>d__26:MoveNext()
UnityEngine.SetupCoroutine:InvokeMoveNext(IEnumerator, IntPtr)

Zap is not being watched: freezing at frame: 25
UnityEngine.DebugLogHandler:Internal_Log(LogType, LogOption, String, Object)
UnityEngine.Logger:Log(LogType, Object)
UnityEngine.Debug:Log(Object)
<WaitThenSetFrame>d__26:MoveNext()
UnityEngine.SetupCoroutine:InvokeMoveNext(IEnumerator, IntPtr)

Zap is not being watched: freezing at frame: 10
UnityEngine.DebugLogHandler:Internal_Log(LogType, LogOption, String, Object)
UnityEngine.Logger:Log(LogType, Object)
UnityEngine.Debug:Log(Object)
<WaitThenSetFrame>d__26:MoveNext()
UnityEngine.SetupCoroutine:InvokeMoveNext(IEnumerator, IntPtr)

Zap is not being watched: freezing at frame: 20
UnityEngine.DebugLogHandler:Internal_Log(LogType, LogOption, String, Object)
UnityEngine.Logger:Log(LogType, Object)
UnityEngine.Debug:Log(Object)
<WaitThenSetFrame>d__26:MoveNext()
UnityEngine.SetupCoroutine:InvokeMoveNext(IEnumerator, IntPtr)

Zap is not being watched: freezing at frame: 30
UnityEngine.DebugLogHandler:Internal_Log(LogType, LogOption, String, Object)
UnityEngine.Logger:Log(LogType, Object)
UnityEngine.Debug:Log(Object)
<WaitThenSetFrame>d__26:MoveNext()
UnityEngine.SetupCoroutine:InvokeMoveNext(IEnumerator, IntPtr)

Joined channel: PrivateChat_aec20e60
UnityEngine.DebugLogHandler:Internal_Log(LogType, LogOption, String, Object)
UnityEngine.Logger:Log(LogType, Object)
UnityEngine.Debug:Log(Object)
<SetActiveAudioChannel>d__27:MoveNext()
System.Threading.ExecutionContext:RunInternal(ExecutionContext, ContextCallback, Object, Boolean)
System.Runtime.CompilerServices.MoveNextRunner:Run()
System.Threading.Tasks.AwaitTaskContinuation:RunCallback(ContextCallback, Object, Task&)
System.Threading.Tasks.SynchronizationContextAwaitTaskContinuation:Run(Task, Boolean)
System.Threading.Tasks.Task:FinishContinuations()
System.Threading.Tasks.Task`1:TrySetResult(TResult)
System.Runtime.CompilerServices.AsyncTaskMethodBuilder`1:SetResult(TResult)
Unity.Services.Vivox.<JoinGroupChannelAsync>d__199:MoveNext()
System.Threading.ExecutionContext:RunInternal(ExecutionContext, ContextCallback, Object, Boolean)
System.Runtime.CompilerServices.MoveNextRunner:Run()
System.Threading.Tasks.AwaitTaskContinuation:RunCallback(ContextCallback, Object, Task&)
System.Threading.Tasks.SynchronizationContextAwaitTaskContinuation:Run(Task, Boolean)
System.Threading.Tasks.Task:FinishContinuations()
System.Threading.Tasks.Task`1:TrySetResult(TResult)
System.Runtime.CompilerServices.AsyncTaskMethodBuilder`1:SetResult(TResult)
Unity.Services.Vivox.<JoinChannelAsync>d__202:MoveNext()
System.Threading.ExecutionContext:RunInternal(ExecutionContext, ContextCallback, Object, Boolean)
System.Runtime.CompilerServices.MoveNextRunner:Run()
System.Threading.Tasks.AwaitTaskContinuation:RunCallback(ContextCallback, Object, Task&)
System.Threading.Tasks.SynchronizationContextAwaitTaskContinuation:Run(Task, Boolean)
System.Threading.Tasks.Task:FinishContinuations()
System.Threading.Tasks.Task`1:TrySetResult(TResult)
System.Runtime.CompilerServices.AsyncTaskMethodBuilder`1:SetResult(TResult)
Unity.Services.Vivox.<ConnectAsync>d__45:MoveNext()
System.Threading.ExecutionContext:RunInternal(ExecutionContext, ContextCallback, Object, Boolean)
System.Runtime.CompilerServices.MoveNextRunner:Run()
System.Threading.Tasks.AwaitTaskContinuation:RunCallback(ContextCallback, Object, Task&)
System.Threading.Tasks.SynchronizationContextAwaitTaskContinuation:Run(Task, Boolean)
System.Threading.Tasks.Task:FinishContinuations()
System.Threading.Tasks.Task`1:TrySetResult(TResult)
System.Threading.Tasks.TaskCompletionSource`1:TrySetResult(TResult)
Unity.Services.Vivox.ChannelSession:CheckSessionConnection()
Unity.Services.Vivox.ChannelSession:HandleParticipantAdded(vx_evt_base_t)
Unity.Services.Vivox.VxClient:InstanceOnMainLoopRun(Boolean&)
Unity.Services.Vivox.Client:RunOnce()
Unity.Services.Vivox.<VivoxUnityRun>d__7:MoveNext()
UnityEngine.SetupCoroutine:InvokeMoveNext(IEnumerator, IntPtr)

Zap is not being watched: freezing at frame: 25
UnityEngine.DebugLogHandler:Internal_Log(LogType, LogOption, String, Object)
UnityEngine.Logger:Log(LogType, Object)
UnityEngine.Debug:Log(Object)
<WaitThenSetFrame>d__26:MoveNext()
UnityEngine.SetupCoroutine:InvokeMoveNext(IEnumerator, IntPtr)

Zap is not being watched: freezing at frame: 15
UnityEngine.DebugLogHandler:Internal_Log(LogType, LogOption, String, Object)
UnityEngine.Logger:Log(LogType, Object)
UnityEngine.Debug:Log(Object)
<WaitThenSetFrame>d__26:MoveNext()
UnityEngine.SetupCoroutine:InvokeMoveNext(IEnumerator, IntPtr)

Zap is not being watched: freezing at frame: 20
UnityEngine.DebugLogHandler:Internal_Log(LogType, LogOption, String, Object)
UnityEngine.Logger:Log(LogType, Object)
UnityEngine.Debug:Log(Object)
<WaitThenSetFrame>d__26:MoveNext()
UnityEngine.SetupCoroutine:InvokeMoveNext(IEnumerator, IntPtr)

Zap is not being watched: freezing at frame: 10
UnityEngine.DebugLogHandler:Internal_Log(LogType, LogOption, String, Object)
UnityEngine.Logger:Log(LogType, Object)
UnityEngine.Debug:Log(Object)
<WaitThenSetFrame>d__26:MoveNext()
UnityEngine.SetupCoroutine:InvokeMoveNext(IEnumerator, IntPtr)

Joined channel: QK8CNJ_GameChat
UnityEngine.DebugLogHandler:Internal_Log(LogType, LogOption, String, Object)
UnityEngine.Logger:Log(LogType, Object)
UnityEngine.Debug:Log(Object)
<SetActiveAudioChannel>d__27:MoveNext()
System.Threading.ExecutionContext:RunInternal(ExecutionContext, ContextCallback, Object, Boolean)
System.Runtime.CompilerServices.MoveNextRunner:Run()
System.Threading.Tasks.AwaitTaskContinuation:RunCallback(ContextCallback, Object, Task&)
System.Threading.Tasks.SynchronizationContextAwaitTaskContinuation:Run(Task, Boolean)
System.Threading.Tasks.Task:FinishContinuations()
System.Threading.Tasks.Task`1:TrySetResult(TResult)
System.Runtime.CompilerServices.AsyncTaskMethodBuilder`1:SetResult(TResult)
Unity.Services.Vivox.<JoinGroupChannelAsync>d__199:MoveNext()
System.Threading.ExecutionContext:RunInternal(ExecutionContext, ContextCallback, Object, Boolean)
System.Runtime.CompilerServices.MoveNextRunner:Run()
System.Threading.Tasks.AwaitTaskContinuation:RunCallback(ContextCallback, Object, Task&)
System.Threading.Tasks.SynchronizationContextAwaitTaskContinuation:Run(Task, Boolean)
System.Threading.Tasks.Task:FinishContinuations()
System.Threading.Tasks.Task`1:TrySetResult(TResult)
System.Runtime.CompilerServices.AsyncTaskMethodBuilder`1:SetResult(TResult)
Unity.Services.Vivox.<JoinChannelAsync>d__202:MoveNext()
System.Threading.ExecutionContext:RunInternal(ExecutionContext, ContextCallback, Object, Boolean)
System.Runtime.CompilerServices.MoveNextRunner:Run()
System.Threading.Tasks.AwaitTaskContinuation:RunCallback(ContextCallback, Object, Task&)
System.Threading.Tasks.SynchronizationContextAwaitTaskContinuation:Run(Task, Boolean)
System.Threading.Tasks.Task:FinishContinuations()
System.Threading.Tasks.Task`1:TrySetResult(TResult)
System.Runtime.CompilerServices.AsyncTaskMethodBuilder`1:SetResult(TResult)
Unity.Services.Vivox.<ConnectAsync>d__45:MoveNext()
System.Threading.ExecutionContext:RunInternal(ExecutionContext, ContextCallback, Object, Boolean)
System.Runtime.CompilerServices.MoveNextRunner:Run()
System.Threading.Tasks.AwaitTaskContinuation:RunCallback(ContextCallback, Object, Task&)
System.Threading.Tasks.SynchronizationContextAwaitTaskContinuation:Run(Task, Boolean)
System.Threading.Tasks.Task:FinishContinuations()
System.Threading.Tasks.Task`1:TrySetResult(TResult)
System.Threading.Tasks.TaskCompletionSource`1:TrySetResult(TResult)
Unity.Services.Vivox.ChannelSession:CheckSessionConnection()
Unity.Services.Vivox.ChannelSession:HandleParticipantAdded(vx_evt_base_t)
Unity.Services.Vivox.VxClient:InstanceOnMainLoopRun(Boolean&)
Unity.Services.Vivox.Client:RunOnce()
Unity.Services.Vivox.<VivoxUnityRun>d__7:MoveNext()
UnityEngine.SetupCoroutine:InvokeMoveNext(IEnumerator, IntPtr)

Zap is not being watched: freezing at frame: 10
UnityEngine.DebugLogHandler:Internal_Log(LogType, LogOption, String, Object)
UnityEngine.Logger:Log(LogType, Object)
UnityEngine.Debug:Log(Object)
<WaitThenSetFrame>d__26:MoveNext()
UnityEngine.SetupCoroutine:InvokeMoveNext(IEnumerator, IntPtr)

Zap is not being watched: freezing at frame: 25
UnityEngine.DebugLogHandler:Internal_Log(LogType, LogOption, String, Object)
UnityEngine.Logger:Log(LogType, Object)
UnityEngine.Debug:Log(Object)
<WaitThenSetFrame>d__26:MoveNext()
UnityEngine.SetupCoroutine:InvokeMoveNext(IEnumerator, IntPtr)

Zap is not being watched: freezing at frame: 10
UnityEngine.DebugLogHandler:Internal_Log(LogType, LogOption, String, Object)
UnityEngine.Logger:Log(LogType, Object)
UnityEngine.Debug:Log(Object)
<WaitThenSetFrame>d__26:MoveNext()
UnityEngine.SetupCoroutine:InvokeMoveNext(IEnumerator, IntPtr)

Zap is not being watched: freezing at frame: 15
UnityEngine.DebugLogHandler:Internal_Log(LogType, LogOption, String, Object)
UnityEngine.Logger:Log(LogType, Object)
UnityEngine.Debug:Log(Object)
<WaitThenSetFrame>d__26:MoveNext()
UnityEngine.SetupCoroutine:InvokeMoveNext(IEnumerator, IntPtr)

Zap is not being watched: freezing at frame: 10
UnityEngine.DebugLogHandler:Internal_Log(LogType, LogOption, String, Object)
UnityEngine.Logger:Log(LogType, Object)
UnityEngine.Debug:Log(Object)
<WaitThenSetFrame>d__26:MoveNext()
UnityEngine.SetupCoroutine:InvokeMoveNext(IEnumerator, IntPtr)

Zap is not being watched: freezing at frame: 20
UnityEngine.DebugLogHandler:Internal_Log(LogType, LogOption, String, Object)
UnityEngine.Logger:Log(LogType, Object)
UnityEngine.Debug:Log(Object)
<WaitThenSetFrame>d__26:MoveNext()
UnityEngine.SetupCoroutine:InvokeMoveNext(IEnumerator, IntPtr)

Zap is not being watched: freezing at frame: 5
UnityEngine.DebugLogHandler:Internal_Log(LogType, LogOption, String, Object)
UnityEngine.Logger:Log(LogType, Object)
UnityEngine.Debug:Log(Object)
<WaitThenSetFrame>d__26:MoveNext()
UnityEngine.SetupCoroutine:InvokeMoveNext(IEnumerator, IntPtr)

Zap is not being watched: freezing at frame: 30
UnityEngine.DebugLogHandler:Internal_Log(LogType, LogOption, String, Object)
UnityEngine.Logger:Log(LogType, Object)
UnityEngine.Debug:Log(Object)
<WaitThenSetFrame>d__26:MoveNext()
UnityEngine.SetupCoroutine:InvokeMoveNext(IEnumerator, IntPtr)

Zap is not being watched: freezing at frame: 30
UnityEngine.DebugLogHandler:Internal_Log(LogType, LogOption, String, Object)
UnityEngine.Logger:Log(LogType, Object)
UnityEngine.Debug:Log(Object)
<WaitThenSetFrame>d__26:MoveNext()
UnityEngine.SetupCoroutine:InvokeMoveNext(IEnumerator, IntPtr)

Zap is not being watched: freezing at frame: 5
UnityEngine.DebugLogHandler:Internal_Log(LogType, LogOption, String, Object)
UnityEngine.Logger:Log(LogType, Object)
UnityEngine.Debug:Log(Object)
<WaitThenSetFrame>d__26:MoveNext()
UnityEngine.SetupCoroutine:InvokeMoveNext(IEnumerator, IntPtr)

Zap is not being watched: freezing at frame: 15
UnityEngine.DebugLogHandler:Internal_Log(LogType, LogOption, String, Object)
UnityEngine.Logger:Log(LogType, Object)
UnityEngine.Debug:Log(Object)
<WaitThenSetFrame>d__26:MoveNext()
UnityEngine.SetupCoroutine:InvokeMoveNext(IEnumerator, IntPtr)

Zap is not being watched: freezing at frame: 5
UnityEngine.DebugLogHandler:Internal_Log(LogType, LogOption, String, Object)
UnityEngine.Logger:Log(LogType, Object)
UnityEngine.Debug:Log(Object)
<WaitThenSetFrame>d__26:MoveNext()
UnityEngine.SetupCoroutine:InvokeMoveNext(IEnumerator, IntPtr)

Joined channel: PrivateChat_aec20e60
UnityEngine.DebugLogHandler:Internal_Log(LogType, LogOption, String, Object)
UnityEngine.Logger:Log(LogType, Object)
UnityEngine.Debug:Log(Object)
<SetActiveAudioChannel>d__27:MoveNext()
System.Threading.ExecutionContext:RunInternal(ExecutionContext, ContextCallback, Object, Boolean)
System.Runtime.CompilerServices.MoveNextRunner:Run()
System.Threading.Tasks.AwaitTaskContinuation:RunCallback(ContextCallback, Object, Task&)
System.Threading.Tasks.SynchronizationContextAwaitTaskContinuation:Run(Task, Boolean)
System.Threading.Tasks.Task:FinishContinuations()
System.Threading.Tasks.Task`1:TrySetResult(TResult)
System.Runtime.CompilerServices.AsyncTaskMethodBuilder`1:SetResult(TResult)
Unity.Services.Vivox.<JoinGroupChannelAsync>d__199:MoveNext()
System.Threading.ExecutionContext:RunInternal(ExecutionContext, ContextCallback, Object, Boolean)
System.Runtime.CompilerServices.MoveNextRunner:Run()
System.Threading.Tasks.AwaitTaskContinuation:RunCallback(ContextCallback, Object, Task&)
System.Threading.Tasks.SynchronizationContextAwaitTaskContinuation:Run(Task, Boolean)
System.Threading.Tasks.Task:FinishContinuations()
System.Threading.Tasks.Task`1:TrySetResult(TResult)
System.Runtime.CompilerServices.AsyncTaskMethodBuilder`1:SetResult(TResult)
Unity.Services.Vivox.<JoinChannelAsync>d__202:MoveNext()
System.Threading.ExecutionContext:RunInternal(ExecutionContext, ContextCallback, Object, Boolean)
System.Runtime.CompilerServices.MoveNextRunner:Run()
System.Threading.Tasks.AwaitTaskContinuation:RunCallback(ContextCallback, Object, Task&)
System.Threading.Tasks.SynchronizationContextAwaitTaskContinuation:Run(Task, Boolean)
System.Threading.Tasks.Task:FinishContinuations()
System.Threading.Tasks.Task`1:TrySetResult(TResult)
System.Runtime.CompilerServices.AsyncTaskMethodBuilder`1:SetResult(TResult)
Unity.Services.Vivox.<ConnectAsync>d__45:MoveNext()
System.Threading.ExecutionContext:RunInternal(ExecutionContext, ContextCallback, Object, Boolean)
System.Runtime.CompilerServices.MoveNextRunner:Run()
System.Threading.Tasks.AwaitTaskContinuation:RunCallback(ContextCallback, Object, Task&)
System.Threading.Tasks.SynchronizationContextAwaitTaskContinuation:Run(Task, Boolean)
System.Threading.Tasks.Task:FinishContinuations()
System.Threading.Tasks.Task`1:TrySetResult(TResult)
System.Threading.Tasks.TaskCompletionSource`1:TrySetResult(TResult)
Unity.Services.Vivox.ChannelSession:CheckSessionConnection()
Unity.Services.Vivox.ChannelSession:HandleParticipantAdded(vx_evt_base_t)
Unity.Services.Vivox.VxClient:InstanceOnMainLoopRun(Boolean&)
Unity.Services.Vivox.Client:RunOnce()
Unity.Services.Vivox.<VivoxUnityRun>d__7:MoveNext()
UnityEngine.SetupCoroutine:InvokeMoveNext(IEnumerator, IntPtr)

Zap is not being watched: freezing at frame: 10
UnityEngine.DebugLogHandler:Internal_Log(LogType, LogOption, String, Object)
UnityEngine.Logger:Log(LogType, Object)
UnityEngine.Debug:Log(Object)
<WaitThenSetFrame>d__26:MoveNext()
UnityEngine.SetupCoroutine:InvokeMoveNext(IEnumerator, IntPtr)

Zap is not being watched: freezing at frame: 25
UnityEngine.DebugLogHandler:Internal_Log(LogType, LogOption, String, Object)
UnityEngine.Logger:Log(LogType, Object)
UnityEngine.Debug:Log(Object)
<WaitThenSetFrame>d__26:MoveNext()
UnityEngine.SetupCoroutine:InvokeMoveNext(IEnumerator, IntPtr)

Zap is not being watched: freezing at frame: 35
UnityEngine.DebugLogHandler:Internal_Log(LogType, LogOption, String, Object)
UnityEngine.Logger:Log(LogType, Object)
UnityEngine.Debug:Log(Object)
<WaitThenSetFrame>d__26:MoveNext()
UnityEngine.SetupCoroutine:InvokeMoveNext(IEnumerator, IntPtr)

Zap is not being watched: freezing at frame: 15
UnityEngine.DebugLogHandler:Internal_Log(LogType, LogOption, String, Object)
UnityEngine.Logger:Log(LogType, Object)
UnityEngine.Debug:Log(Object)
<WaitThenSetFrame>d__26:MoveNext()
UnityEngine.SetupCoroutine:InvokeMoveNext(IEnumerator, IntPtr)

Zap is not being watched: freezing at frame: 10
UnityEngine.DebugLogHandler:Internal_Log(LogType, LogOption, String, Object)
UnityEngine.Logger:Log(LogType, Object)
UnityEngine.Debug:Log(Object)
<WaitThenSetFrame>d__26:MoveNext()
UnityEngine.SetupCoroutine:InvokeMoveNext(IEnumerator, IntPtr)

Zap is not being watched: freezing at frame: 10
UnityEngine.DebugLogHandler:Internal_Log(LogType, LogOption, String, Object)
UnityEngine.Logger:Log(LogType, Object)
UnityEngine.Debug:Log(Object)
<WaitThenSetFrame>d__26:MoveNext()
UnityEngine.SetupCoroutine:InvokeMoveNext(IEnumerator, IntPtr)

Zap is not being watched: freezing at frame: 0
UnityEngine.DebugLogHandler:Internal_Log(LogType, LogOption, String, Object)
UnityEngine.Logger:Log(LogType, Object)
UnityEngine.Debug:Log(Object)
<WaitThenSetFrame>d__26:MoveNext()
UnityEngine.SetupCoroutine:InvokeMoveNext(IEnumerator, IntPtr)

Zap is not being watched: freezing at frame: 10
UnityEngine.DebugLogHandler:Internal_Log(LogType, LogOption, String, Object)
UnityEngine.Logger:Log(LogType, Object)
UnityEngine.Debug:Log(Object)
<WaitThenSetFrame>d__26:MoveNext()
UnityEngine.SetupCoroutine:InvokeMoveNext(IEnumerator, IntPtr)

Zap is not being watched: freezing at frame: 15
UnityEngine.DebugLogHandler:Internal_Log(LogType, LogOption, String, Object)
UnityEngine.Logger:Log(LogType, Object)
UnityEngine.Debug:Log(Object)
<WaitThenSetFrame>d__26:MoveNext()
UnityEngine.SetupCoroutine:InvokeMoveNext(IEnumerator, IntPtr)

Zap is not being watched: freezing at frame: 45
UnityEngine.DebugLogHandler:Internal_Log(LogType, LogOption, String, Object)
UnityEngine.Logger:Log(LogType, Object)
UnityEngine.Debug:Log(Object)
<WaitThenSetFrame>d__26:MoveNext()
UnityEngine.SetupCoroutine:InvokeMoveNext(IEnumerator, IntPtr)

Zap is not being watched: freezing at frame: 25
UnityEngine.DebugLogHandler:Internal_Log(LogType, LogOption, String, Object)
UnityEngine.Logger:Log(LogType, Object)
UnityEngine.Debug:Log(Object)
<WaitThenSetFrame>d__26:MoveNext()
UnityEngine.SetupCoroutine:InvokeMoveNext(IEnumerator, IntPtr)

Zap is not being watched: freezing at frame: 25
UnityEngine.DebugLogHandler:Internal_Log(LogType, LogOption, String, Object)
UnityEngine.Logger:Log(LogType, Object)
UnityEngine.Debug:Log(Object)
<WaitThenSetFrame>d__26:MoveNext()
UnityEngine.SetupCoroutine:InvokeMoveNext(IEnumerator, IntPtr)

Zap is not being watched: freezing at frame: 25
UnityEngine.DebugLogHandler:Internal_Log(LogType, LogOption, String, Object)
UnityEngine.Logger:Log(LogType, Object)
UnityEngine.Debug:Log(Object)
<WaitThenSetFrame>d__26:MoveNext()
UnityEngine.SetupCoroutine:InvokeMoveNext(IEnumerator, IntPtr)

Zap is not being watched: freezing at frame: 10
UnityEngine.DebugLogHandler:Internal_Log(LogType, LogOption, String, Object)
UnityEngine.Logger:Log(LogType, Object)
UnityEngine.Debug:Log(Object)
<WaitThenSetFrame>d__26:MoveNext()
UnityEngine.SetupCoroutine:InvokeMoveNext(IEnumerator, IntPtr)

Zap is not being watched: freezing at frame: 45
UnityEngine.DebugLogHandler:Internal_Log(LogType, LogOption, String, Object)
UnityEngine.Logger:Log(LogType, Object)
UnityEngine.Debug:Log(Object)
<WaitThenSetFrame>d__26:MoveNext()
UnityEngine.SetupCoroutine:InvokeMoveNext(IEnumerator, IntPtr)

Zap is not being watched: freezing at frame: 10
UnityEngine.DebugLogHandler:Internal_Log(LogType, LogOption, String, Object)
UnityEngine.Logger:Log(LogType, Object)
UnityEngine.Debug:Log(Object)
<WaitThenSetFrame>d__26:MoveNext()
UnityEngine.SetupCoroutine:InvokeMoveNext(IEnumerator, IntPtr)

5 to 0.18
UnityEngine.DebugLogHandler:Internal_Log(LogType, LogOption, String, Object)
UnityEngine.Logger:Log(LogType, Object)
UnityEngine.Debug:Log(Object)
Freddy:HandleMovementAudio(Boolean)
Animatronic:SetNodeClientRpc(Int32, Boolean, Boolean)
Animatronic:__rpc_handler_1908766251(NetworkBehaviour, FastBufferReader, __RpcParams)
Unity.Netcode.RpcMessageHelpers:Handle(NetworkContext&, RpcMetadata&, FastBufferReader&, __RpcParams&)
Unity.Netcode.ClientRpcMessage:Handle(NetworkContext&)
Unity.Netcode.MessagingSystem:ReceiveMessage(FastBufferReader, NetworkContext&, MessagingSystem)
Unity.Netcode.MessagingSystem:HandleMessage(MessageHeader&, FastBufferReader, UInt64, Single, Int32)
Unity.Netcode.MessagingSystem:ProcessIncomingMessageQueue()
Unity.Netcode.NetworkManager:NetworkUpdate(NetworkUpdateStage)
Unity.Netcode.NetworkUpdateLoop:RunNetworkUpdateStage(NetworkUpdateStage)

Zap is not being watched: freezing at frame: 20
UnityEngine.DebugLogHandler:Internal_Log(LogType, LogOption, String, Object)
UnityEngine.Logger:Log(LogType, Object)
UnityEngine.Debug:Log(Object)
<WaitThenSetFrame>d__26:MoveNext()
UnityEngine.SetupCoroutine:InvokeMoveNext(IEnumerator, IntPtr)

Zap is not being watched: freezing at frame: 20
UnityEngine.DebugLogHandler:Internal_Log(LogType, LogOption, String, Object)
UnityEngine.Logger:Log(LogType, Object)
UnityEngine.Debug:Log(Object)
<WaitThenSetFrame>d__26:MoveNext()
UnityEngine.SetupCoroutine:InvokeMoveNext(IEnumerator, IntPtr)

Zap is not being watched: freezing at frame: 25
UnityEngine.DebugLogHandler:Internal_Log(LogType, LogOption, String, Object)
UnityEngine.Logger:Log(LogType, Object)
UnityEngine.Debug:Log(Object)
<WaitThenSetFrame>d__26:MoveNext()
UnityEngine.SetupCoroutine:InvokeMoveNext(IEnumerator, IntPtr)

Zap is not being watched: freezing at frame: 15
UnityEngine.DebugLogHandler:Internal_Log(LogType, LogOption, String, Object)
UnityEngine.Logger:Log(LogType, Object)
UnityEngine.Debug:Log(Object)
<WaitThenSetFrame>d__26:MoveNext()
UnityEngine.SetupCoroutine:InvokeMoveNext(IEnumerator, IntPtr)

Zap is not being watched: freezing at frame: 10
UnityEngine.DebugLogHandler:Internal_Log(LogType, LogOption, String, Object)
UnityEngine.Logger:Log(LogType, Object)
UnityEngine.Debug:Log(Object)
<WaitThenSetFrame>d__26:MoveNext()
UnityEngine.SetupCoroutine:InvokeMoveNext(IEnumerator, IntPtr)

Zap is not being watched: freezing at frame: 25
UnityEngine.DebugLogHandler:Internal_Log(LogType, LogOption, String, Object)
UnityEngine.Logger:Log(LogType, Object)
UnityEngine.Debug:Log(Object)
<WaitThenSetFrame>d__26:MoveNext()
UnityEngine.SetupCoroutine:InvokeMoveNext(IEnumerator, IntPtr)

Zap is not being watched: freezing at frame: 45
UnityEngine.DebugLogHandler:Internal_Log(LogType, LogOption, String, Object)
UnityEngine.Logger:Log(LogType, Object)
UnityEngine.Debug:Log(Object)
<WaitThenSetFrame>d__26:MoveNext()
UnityEngine.SetupCoroutine:InvokeMoveNext(IEnumerator, IntPtr)

Joined channel: QK8CNJ_LobbyChat
UnityEngine.DebugLogHandler:Internal_Log(LogType, LogOption, String, Object)
UnityEngine.Logger:Log(LogType, Object)
UnityEngine.Debug:Log(Object)
<SetActiveAudioChannel>d__27:MoveNext()
System.Threading.ExecutionContext:RunInternal(ExecutionContext, ContextCallback, Object, Boolean)
System.Runtime.CompilerServices.MoveNextRunner:Run()
System.Threading.Tasks.AwaitTaskContinuation:RunCallback(ContextCallback, Object, Task&)
System.Threading.Tasks.SynchronizationContextAwaitTaskContinuation:Run(Task, Boolean)
System.Threading.Tasks.Task:FinishContinuations()
System.Threading.Tasks.Task`1:TrySetResult(TResult)
System.Runtime.CompilerServices.AsyncTaskMethodBuilder`1:SetResult(TResult)
Unity.Services.Vivox.<JoinGroupChannelAsync>d__199:MoveNext()
System.Threading.ExecutionContext:RunInternal(ExecutionContext, ContextCallback, Object, Boolean)
System.Runtime.CompilerServices.MoveNextRunner:Run()
System.Threading.Tasks.AwaitTaskContinuation:RunCallback(ContextCallback, Object, Task&)
System.Threading.Tasks.SynchronizationContextAwaitTaskContinuation:Run(Task, Boolean)
System.Threading.Tasks.Task:FinishContinuations()
System.Threading.Tasks.Task`1:TrySetResult(TResult)
System.Runtime.CompilerServices.AsyncTaskMethodBuilder`1:SetResult(TResult)
Unity.Services.Vivox.<JoinChannelAsync>d__202:MoveNext()
System.Threading.ExecutionContext:RunInternal(ExecutionContext, ContextCallback, Object, Boolean)
System.Runtime.CompilerServices.MoveNextRunner:Run()
System.Threading.Tasks.AwaitTaskContinuation:RunCallback(ContextCallback, Object, Task&)
System.Threading.Tasks.SynchronizationContextAwaitTaskContinuation:Run(Task, Boolean)
System.Threading.Tasks.Task:FinishContinuations()
System.Threading.Tasks.Task`1:TrySetResult(TResult)
System.Runtime.CompilerServices.AsyncTaskMethodBuilder`1:SetResult(TResult)
Unity.Services.Vivox.<ConnectAsync>d__45:MoveNext()
System.Threading.ExecutionContext:RunInternal(ExecutionContext, ContextCallback, Object, Boolean)
System.Runtime.CompilerServices.MoveNextRunner:Run()
System.Threading.Tasks.AwaitTaskContinuation:RunCallback(ContextCallback, Object, Task&)
System.Threading.Tasks.SynchronizationContextAwaitTaskContinuation:Run(Task, Boolean)
System.Threading.Tasks.Task:FinishContinuations()
System.Threading.Tasks.Task`1:TrySetResult(TResult)
System.Threading.Tasks.TaskCompletionSource`1:TrySetResult(TResult)
Unity.Services.Vivox.ChannelSession:CheckSessionConnection()
Unity.Services.Vivox.ChannelSession:HandleParticipantAdded(vx_evt_base_t)
Unity.Services.Vivox.VxClient:InstanceOnMainLoopRun(Boolean&)
Unity.Services.Vivox.Client:RunOnce()
Unity.Services.Vivox.<VivoxUnityRun>d__7:MoveNext()
UnityEngine.SetupCoroutine:InvokeMoveNext(IEnumerator, IntPtr)

Zap is not being watched: freezing at frame: 10
UnityEngine.DebugLogHandler:Internal_Log(LogType, LogOption, String, Object)
UnityEngine.Logger:Log(LogType, Object)
UnityEngine.Debug:Log(Object)
<WaitThenSetFrame>d__26:MoveNext()
UnityEngine.SetupCoroutine:InvokeMoveNext(IEnumerator, IntPtr)

Zap is not being watched: freezing at frame: 20
UnityEngine.DebugLogHandler:Internal_Log(LogType, LogOption, String, Object)
UnityEngine.Logger:Log(LogType, Object)
UnityEngine.Debug:Log(Object)
<WaitThenSetFrame>d__26:MoveNext()
UnityEngine.SetupCoroutine:InvokeMoveNext(IEnumerator, IntPtr)

Zap is not being watched: freezing at frame: 10
UnityEngine.DebugLogHandler:Internal_Log(LogType, LogOption, String, Object)
UnityEngine.Logger:Log(LogType, Object)
UnityEngine.Debug:Log(Object)
<WaitThenSetFrame>d__26:MoveNext()
UnityEngine.SetupCoroutine:InvokeMoveNext(IEnumerator, IntPtr)

Zap is not being watched: freezing at frame: 5
UnityEngine.DebugLogHandler:Internal_Log(LogType, LogOption, String, Object)
UnityEngine.Logger:Log(LogType, Object)
UnityEngine.Debug:Log(Object)
<WaitThenSetFrame>d__26:MoveNext()
UnityEngine.SetupCoroutine:InvokeMoveNext(IEnumerator, IntPtr)

Zap is not being watched: freezing at frame: 5
UnityEngine.DebugLogHandler:Internal_Log(LogType, LogOption, String, Object)
UnityEngine.Logger:Log(LogType, Object)
UnityEngine.Debug:Log(Object)
<WaitThenSetFrame>d__26:MoveNext()
UnityEngine.SetupCoroutine:InvokeMoveNext(IEnumerator, IntPtr)

Zap is not being watched: freezing at frame: 5
UnityEngine.DebugLogHandler:Internal_Log(LogType, LogOption, String, Object)
UnityEngine.Logger:Log(LogType, Object)
UnityEngine.Debug:Log(Object)
<WaitThenSetFrame>d__26:MoveNext()
UnityEngine.SetupCoroutine:InvokeMoveNext(IEnumerator, IntPtr)

Zap is not being watched: freezing at frame: 5
UnityEngine.DebugLogHandler:Internal_Log(LogType, LogOption, String, Object)
UnityEngine.Logger:Log(LogType, Object)
UnityEngine.Debug:Log(Object)
<WaitThenSetFrame>d__26:MoveNext()
UnityEngine.SetupCoroutine:InvokeMoveNext(IEnumerator, IntPtr)

Zap is not being watched: freezing at frame: 5
UnityEngine.DebugLogHandler:Internal_Log(LogType, LogOption, String, Object)
UnityEngine.Logger:Log(LogType, Object)
UnityEngine.Debug:Log(Object)
<WaitThenSetFrame>d__26:MoveNext()
UnityEngine.SetupCoroutine:InvokeMoveNext(IEnumerator, IntPtr)

Zap is not being watched: freezing at frame: 5
UnityEngine.DebugLogHandler:Internal_Log(LogType, LogOption, String, Object)
UnityEngine.Logger:Log(LogType, Object)
UnityEngine.Debug:Log(Object)
<WaitThenSetFrame>d__26:MoveNext()
UnityEngine.SetupCoroutine:InvokeMoveNext(IEnumerator, IntPtr)

Zap is not being watched: freezing at frame: 5
UnityEngine.DebugLogHandler:Internal_Log(LogType, LogOption, String, Object)
UnityEngine.Logger:Log(LogType, Object)
UnityEngine.Debug:Log(Object)
<WaitThenSetFrame>d__26:MoveNext()
UnityEngine.SetupCoroutine:InvokeMoveNext(IEnumerator, IntPtr)

Zap is not being watched: freezing at frame: 5
UnityEngine.DebugLogHandler:Internal_Log(LogType, LogOption, String, Object)
UnityEngine.Logger:Log(LogType, Object)
UnityEngine.Debug:Log(Object)
<WaitThenSetFrame>d__26:MoveNext()
UnityEngine.SetupCoroutine:InvokeMoveNext(IEnumerator, IntPtr)

Zap is not being watched: freezing at frame: 35
UnityEngine.DebugLogHandler:Internal_Log(LogType, LogOption, String, Object)
UnityEngine.Logger:Log(LogType, Object)
UnityEngine.Debug:Log(Object)
<WaitThenSetFrame>d__26:MoveNext()
UnityEngine.SetupCoroutine:InvokeMoveNext(IEnumerator, IntPtr)

Zap is not being watched: freezing at frame: 35
UnityEngine.DebugLogHandler:Internal_Log(LogType, LogOption, String, Object)
UnityEngine.Logger:Log(LogType, Object)
UnityEngine.Debug:Log(Object)
<WaitThenSetFrame>d__26:MoveNext()
UnityEngine.SetupCoroutine:InvokeMoveNext(IEnumerator, IntPtr)

Zap is not being watched: freezing at frame: 20
UnityEngine.DebugLogHandler:Internal_Log(LogType, LogOption, String, Object)
UnityEngine.Logger:Log(LogType, Object)
UnityEngine.Debug:Log(Object)
<WaitThenSetFrame>d__26:MoveNext()
UnityEngine.SetupCoroutine:InvokeMoveNext(IEnumerator, IntPtr)

Zap is not being watched: freezing at frame: 0
UnityEngine.DebugLogHandler:Internal_Log(LogType, LogOption, String, Object)
UnityEngine.Logger:Log(LogType, Object)
UnityEngine.Debug:Log(Object)
<WaitThenSetFrame>d__26:MoveNext()
UnityEngine.SetupCoroutine:InvokeMoveNext(IEnumerator, IntPtr)

Zap is not being watched: freezing at frame: 30
UnityEngine.DebugLogHandler:Internal_Log(LogType, LogOption, String, Object)
UnityEngine.Logger:Log(LogType, Object)
UnityEngine.Debug:Log(Object)
<WaitThenSetFrame>d__26:MoveNext()
UnityEngine.SetupCoroutine:InvokeMoveNext(IEnumerator, IntPtr)

Zap is not being watched: freezing at frame: 15
UnityEngine.DebugLogHandler:Internal_Log(LogType, LogOption, String, Object)
UnityEngine.Logger:Log(LogType, Object)
UnityEngine.Debug:Log(Object)
<WaitThenSetFrame>d__26:MoveNext()
UnityEngine.SetupCoroutine:InvokeMoveNext(IEnumerator, IntPtr)

Zap is not being watched: freezing at frame: 30
UnityEngine.DebugLogHandler:Internal_Log(LogType, LogOption, String, Object)
UnityEngine.Logger:Log(LogType, Object)
UnityEngine.Debug:Log(Object)
<WaitThenSetFrame>d__26:MoveNext()
UnityEngine.SetupCoroutine:InvokeMoveNext(IEnumerator, IntPtr)

Zap is not being watched: freezing at frame: 45
UnityEngine.DebugLogHandler:Internal_Log(LogType, LogOption, String, Object)
UnityEngine.Logger:Log(LogType, Object)
UnityEngine.Debug:Log(Object)
<WaitThenSetFrame>d__26:MoveNext()
UnityEngine.SetupCoroutine:InvokeMoveNext(IEnumerator, IntPtr)

Zap is not being watched: freezing at frame: 35
UnityEngine.DebugLogHandler:Internal_Log(LogType, LogOption, String, Object)
UnityEngine.Logger:Log(LogType, Object)
UnityEngine.Debug:Log(Object)
<WaitThenSetFrame>d__26:MoveNext()
UnityEngine.SetupCoroutine:InvokeMoveNext(IEnumerator, IntPtr)

Zap is not being watched: freezing at frame: 35
UnityEngine.DebugLogHandler:Internal_Log(LogType, LogOption, String, Object)
UnityEngine.Logger:Log(LogType, Object)
UnityEngine.Debug:Log(Object)
<WaitThenSetFrame>d__26:MoveNext()
UnityEngine.SetupCoroutine:InvokeMoveNext(IEnumerator, IntPtr)

Zap is not being watched: freezing at frame: 0
UnityEngine.DebugLogHandler:Internal_Log(LogType, LogOption, String, Object)
UnityEngine.Logger:Log(LogType, Object)
UnityEngine.Debug:Log(Object)
<WaitThenSetFrame>d__26:MoveNext()
UnityEngine.SetupCoroutine:InvokeMoveNext(IEnumerator, IntPtr)

Unloading 7 Unused Serialized files (Serialized files now loaded: 0)
UnloadTime: 4.039100 ms
Unloading 499 unused Assets to reduce memory usage. Loaded Objects now: 6169.
Total: 47.944700 ms (FindLiveObjects: 0.557100 ms CreateObjectMapping: 0.104700 ms MarkObjects: 45.936100 ms  DeleteObjects: 1.346000 ms)

Unloading 5 Unused Serialized files (Serialized files now loaded: 0)
UnloadTime: 4.339500 ms
WindowsVideoMedia error 0xc00d36bb while reading Z:/home/evan/dwn/fnaf-online-0.9.52-alpha/FNAF Online_Data/sharedassets3.resource

Context: CreateObjectFromByteStream
Error details: Unexpected error.

Track types:
WindowsVideoMedia error 0xc00d36bb while reading Z:/home/evan/dwn/fnaf-online-0.9.52-alpha/FNAF Online_Data/sharedassets3.resource

Context: CreateObjectFromByteStream
Error details: Unexpected error.

Track types:
Unloading 63 unused Assets to reduce memory usage. Loaded Objects now: 25562.
Total: 44.675500 ms (FindLiveObjects: 2.443200 ms CreateObjectMapping: 0.344700 ms MarkObjects: 41.715900 ms  DeleteObjects: 0.170700 ms)

Joined channel: PrivateChat_aec20e60
UnityEngine.DebugLogHandler:Internal_Log(LogType, LogOption, String, Object)
UnityEngine.Logger:Log(LogType, Object)
UnityEngine.Debug:Log(Object)
<SetActiveAudioChannel>d__27:MoveNext()
System.Threading.ExecutionContext:RunInternal(ExecutionContext, ContextCallback, Object, Boolean)
System.Runtime.CompilerServices.MoveNextRunner:Run()
System.Threading.Tasks.AwaitTaskContinuation:RunCallback(ContextCallback, Object, Task&)
System.Threading.Tasks.SynchronizationContextAwaitTaskContinuation:Run(Task, Boolean)
System.Threading.Tasks.Task:FinishContinuations()
System.Threading.Tasks.Task`1:TrySetResult(TResult)
System.Runtime.CompilerServices.AsyncTaskMethodBuilder`1:SetResult(TResult)
Unity.Services.Vivox.<JoinGroupChannelAsync>d__199:MoveNext()
System.Threading.ExecutionContext:RunInternal(ExecutionContext, ContextCallback, Object, Boolean)
System.Runtime.CompilerServices.MoveNextRunner:Run()
System.Threading.Tasks.AwaitTaskContinuation:RunCallback(ContextCallback, Object, Task&)
System.Threading.Tasks.SynchronizationContextAwaitTaskContinuation:Run(Task, Boolean)
System.Threading.Tasks.Task:FinishContinuations()
System.Threading.Tasks.Task`1:TrySetResult(TResult)
System.Runtime.CompilerServices.AsyncTaskMethodBuilder`1:SetResult(TResult)
Unity.Services.Vivox.<JoinChannelAsync>d__202:MoveNext()
System.Threading.ExecutionContext:RunInternal(ExecutionContext, ContextCallback, Object, Boolean)
System.Runtime.CompilerServices.MoveNextRunner:Run()
System.Threading.Tasks.AwaitTaskContinuation:RunCallback(ContextCallback, Object, Task&)
System.Threading.Tasks.SynchronizationContextAwaitTaskContinuation:Run(Task, Boolean)
System.Threading.Tasks.Task:FinishContinuations()
System.Threading.Tasks.Task`1:TrySetResult(TResult)
System.Runtime.CompilerServices.AsyncTaskMethodBuilder`1:SetResult(TResult)
Unity.Services.Vivox.<ConnectAsync>d__45:MoveNext()
System.Threading.ExecutionContext:RunInternal(ExecutionContext, ContextCallback, Object, Boolean)
System.Runtime.CompilerServices.MoveNextRunner:Run()
System.Threading.Tasks.AwaitTaskContinuation:RunCallback(ContextCallback, Object, Task&)
System.Threading.Tasks.SynchronizationContextAwaitTaskContinuation:Run(Task, Boolean)
System.Threading.Tasks.Task:FinishContinuations()
System.Threading.Tasks.Task`1:TrySetResult(TResult)
System.Threading.Tasks.TaskCompletionSource`1:TrySetResult(TResult)
Unity.Services.Vivox.ChannelSession:CheckSessionConnection()
Unity.Services.Vivox.ChannelSession:HandleParticipantAdded(vx_evt_base_t)
Unity.Services.Vivox.VxClient:InstanceOnMainLoopRun(Boolean&)
Unity.Services.Vivox.Client:RunOnce()
Unity.Services.Vivox.<VivoxUnityRun>d__7:MoveNext()
UnityEngine.SetupCoroutine:InvokeMoveNext(IEnumerator, IntPtr)

Zap is not being watched: freezing at frame: 0
UnityEngine.DebugLogHandler:Internal_Log(LogType, LogOption, String, Object)
UnityEngine.Logger:Log(LogType, Object)
UnityEngine.Debug:Log(Object)
<WaitThenSetFrame>d__26:MoveNext()
UnityEngine.SetupCoroutine:InvokeMoveNext(IEnumerator, IntPtr)

Zap is not being watched: freezing at frame: 10
UnityEngine.DebugLogHandler:Internal_Log(LogType, LogOption, String, Object)
UnityEngine.Logger:Log(LogType, Object)
UnityEngine.Debug:Log(Object)
<WaitThenSetFrame>d__26:MoveNext()
UnityEngine.SetupCoroutine:InvokeMoveNext(IEnumerator, IntPtr)

Zap is not being watched: freezing at frame: 25
UnityEngine.DebugLogHandler:Internal_Log(LogType, LogOption, String, Object)
UnityEngine.Logger:Log(LogType, Object)
UnityEngine.Debug:Log(Object)
<WaitThenSetFrame>d__26:MoveNext()
UnityEngine.SetupCoroutine:InvokeMoveNext(IEnumerator, IntPtr)

Zap is not being watched: freezing at frame: 10
UnityEngine.DebugLogHandler:Internal_Log(LogType, LogOption, String, Object)
UnityEngine.Logger:Log(LogType, Object)
UnityEngine.Debug:Log(Object)
<WaitThenSetFrame>d__26:MoveNext()
UnityEngine.SetupCoroutine:InvokeMoveNext(IEnumerator, IntPtr)

Joined channel: QK8CNJ_GameChat
UnityEngine.DebugLogHandler:Internal_Log(LogType, LogOption, String, Object)
UnityEngine.Logger:Log(LogType, Object)
UnityEngine.Debug:Log(Object)
<SetActiveAudioChannel>d__27:MoveNext()
System.Threading.ExecutionContext:RunInternal(ExecutionContext, ContextCallback, Object, Boolean)
System.Runtime.CompilerServices.MoveNextRunner:Run()
System.Threading.Tasks.AwaitTaskContinuation:RunCallback(ContextCallback, Object, Task&)
System.Threading.Tasks.SynchronizationContextAwaitTaskContinuation:Run(Task, Boolean)
System.Threading.Tasks.Task:FinishContinuations()
System.Threading.Tasks.Task`1:TrySetResult(TResult)
System.Runtime.CompilerServices.AsyncTaskMethodBuilder`1:SetResult(TResult)
Unity.Services.Vivox.<JoinGroupChannelAsync>d__199:MoveNext()
System.Threading.ExecutionContext:RunInternal(ExecutionContext, ContextCallback, Object, Boolean)
System.Runtime.CompilerServices.MoveNextRunner:Run()
System.Threading.Tasks.AwaitTaskContinuation:RunCallback(ContextCallback, Object, Task&)
System.Threading.Tasks.SynchronizationContextAwaitTaskContinuation:Run(Task, Boolean)
System.Threading.Tasks.Task:FinishContinuations()
System.Threading.Tasks.Task`1:TrySetResult(TResult)
System.Runtime.CompilerServices.AsyncTaskMethodBuilder`1:SetResult(TResult)
Unity.Services.Vivox.<JoinChannelAsync>d__202:MoveNext()
System.Threading.ExecutionContext:RunInternal(ExecutionContext, ContextCallback, Object, Boolean)
System.Runtime.CompilerServices.MoveNextRunner:Run()
System.Threading.Tasks.AwaitTaskContinuation:RunCallback(ContextCallback, Object, Task&)
System.Threading.Tasks.SynchronizationContextAwaitTaskContinuation:Run(Task, Boolean)
System.Threading.Tasks.Task:FinishContinuations()
System.Threading.Tasks.Task`1:TrySetResult(TResult)
System.Runtime.CompilerServices.AsyncTaskMethodBuilder`1:SetResult(TResult)
Unity.Services.Vivox.<ConnectAsync>d__45:MoveNext()
System.Threading.ExecutionContext:RunInternal(ExecutionContext, ContextCallback, Object, Boolean)
System.Runtime.CompilerServices.MoveNextRunner:Run()
System.Threading.Tasks.AwaitTaskContinuation:RunCallback(ContextCallback, Object, Task&)
System.Threading.Tasks.SynchronizationContextAwaitTaskContinuation:Run(Task, Boolean)
System.Threading.Tasks.Task:FinishContinuations()
System.Threading.Tasks.Task`1:TrySetResult(TResult)
System.Threading.Tasks.TaskCompletionSource`1:TrySetResult(TResult)
Unity.Services.Vivox.ChannelSession:CheckSessionConnection()
Unity.Services.Vivox.ChannelSession:HandleParticipantAdded(vx_evt_base_t)
Unity.Services.Vivox.VxClient:InstanceOnMainLoopRun(Boolean&)
Unity.Services.Vivox.Client:RunOnce()
Unity.Services.Vivox.<VivoxUnityRun>d__7:MoveNext()
UnityEngine.SetupCoroutine:InvokeMoveNext(IEnumerator, IntPtr)

Zap is not being watched: freezing at frame: 25
UnityEngine.DebugLogHandler:Internal_Log(LogType, LogOption, String, Object)
UnityEngine.Logger:Log(LogType, Object)
UnityEngine.Debug:Log(Object)
<WaitThenSetFrame>d__26:MoveNext()
UnityEngine.SetupCoroutine:InvokeMoveNext(IEnumerator, IntPtr)

Zap is not being watched: freezing at frame: 25
UnityEngine.DebugLogHandler:Internal_Log(LogType, LogOption, String, Object)
UnityEngine.Logger:Log(LogType, Object)
UnityEngine.Debug:Log(Object)
<WaitThenSetFrame>d__26:MoveNext()
UnityEngine.SetupCoroutine:InvokeMoveNext(IEnumerator, IntPtr)

Zap is not being watched: freezing at frame: 15
UnityEngine.DebugLogHandler:Internal_Log(LogType, LogOption, String, Object)
UnityEngine.Logger:Log(LogType, Object)
UnityEngine.Debug:Log(Object)
<WaitThenSetFrame>d__26:MoveNext()
UnityEngine.SetupCoroutine:InvokeMoveNext(IEnumerator, IntPtr)

Zap is not being watched: freezing at frame: 45
UnityEngine.DebugLogHandler:Internal_Log(LogType, LogOption, String, Object)
UnityEngine.Logger:Log(LogType, Object)
UnityEngine.Debug:Log(Object)
<WaitThenSetFrame>d__26:MoveNext()
UnityEngine.SetupCoroutine:InvokeMoveNext(IEnumerator, IntPtr)

Zap is not being watched: freezing at frame: 15
UnityEngine.DebugLogHandler:Internal_Log(LogType, LogOption, String, Object)
UnityEngine.Logger:Log(LogType, Object)
UnityEngine.Debug:Log(Object)
<WaitThenSetFrame>d__26:MoveNext()
UnityEngine.SetupCoroutine:InvokeMoveNext(IEnumerator, IntPtr)

Zap is not being watched: freezing at frame: 25
UnityEngine.DebugLogHandler:Internal_Log(LogType, LogOption, String, Object)
UnityEngine.Logger:Log(LogType, Object)
UnityEngine.Debug:Log(Object)
<WaitThenSetFrame>d__26:MoveNext()
UnityEngine.SetupCoroutine:InvokeMoveNext(IEnumerator, IntPtr)

Zap is not being watched: freezing at frame: 10
UnityEngine.DebugLogHandler:Internal_Log(LogType, LogOption, String, Object)
UnityEngine.Logger:Log(LogType, Object)
UnityEngine.Debug:Log(Object)
<WaitThenSetFrame>d__26:MoveNext()
UnityEngine.SetupCoroutine:InvokeMoveNext(IEnumerator, IntPtr)

Zap is not being watched: freezing at frame: 10
UnityEngine.DebugLogHandler:Internal_Log(LogType, LogOption, String, Object)
UnityEngine.Logger:Log(LogType, Object)
UnityEngine.Debug:Log(Object)
<WaitThenSetFrame>d__26:MoveNext()
UnityEngine.SetupCoroutine:InvokeMoveNext(IEnumerator, IntPtr)

Zap is not being watched: freezing at frame: 20
UnityEngine.DebugLogHandler:Internal_Log(LogType, LogOption, String, Object)
UnityEngine.Logger:Log(LogType, Object)
UnityEngine.Debug:Log(Object)
<WaitThenSetFrame>d__26:MoveNext()
UnityEngine.SetupCoroutine:InvokeMoveNext(IEnumerator, IntPtr)

Zap is not being watched: freezing at frame: 20
UnityEngine.DebugLogHandler:Internal_Log(LogType, LogOption, String, Object)
UnityEngine.Logger:Log(LogType, Object)
UnityEngine.Debug:Log(Object)
<WaitThenSetFrame>d__26:MoveNext()
UnityEngine.SetupCoroutine:InvokeMoveNext(IEnumerator, IntPtr)

Zap is not being watched: freezing at frame: 5
UnityEngine.DebugLogHandler:Internal_Log(LogType, LogOption, String, Object)
UnityEngine.Logger:Log(LogType, Object)
UnityEngine.Debug:Log(Object)
<WaitThenSetFrame>d__26:MoveNext()
UnityEngine.SetupCoroutine:InvokeMoveNext(IEnumerator, IntPtr)

4 to 0.32
UnityEngine.DebugLogHandler:Internal_Log(LogType, LogOption, String, Object)
UnityEngine.Logger:Log(LogType, Object)
UnityEngine.Debug:Log(Object)
Freddy:HandleMovementAudio(Boolean)
Animatronic:SetNodeClientRpc(Int32, Boolean, Boolean)
Animatronic:__rpc_handler_1908766251(NetworkBehaviour, FastBufferReader, __RpcParams)
Unity.Netcode.RpcMessageHelpers:Handle(NetworkContext&, RpcMetadata&, FastBufferReader&, __RpcParams&)
Unity.Netcode.ClientRpcMessage:Handle(NetworkContext&)
Unity.Netcode.MessagingSystem:ReceiveMessage(FastBufferReader, NetworkContext&, MessagingSystem)
Unity.Netcode.MessagingSystem:HandleMessage(MessageHeader&, FastBufferReader, UInt64, Single, Int32)
Unity.Netcode.MessagingSystem:ProcessIncomingMessageQueue()
Unity.Netcode.NetworkManager:NetworkUpdate(NetworkUpdateStage)
Unity.Netcode.NetworkUpdateLoop:RunNetworkUpdateStage(NetworkUpdateStage)

Zap is not being watched: freezing at frame: 5
UnityEngine.DebugLogHandler:Internal_Log(LogType, LogOption, String, Object)
UnityEngine.Logger:Log(LogType, Object)
UnityEngine.Debug:Log(Object)
<WaitThenSetFrame>d__26:MoveNext()
UnityEngine.SetupCoroutine:InvokeMoveNext(IEnumerator, IntPtr)

3 to 0.5
UnityEngine.DebugLogHandler:Internal_Log(LogType, LogOption, String, Object)
UnityEngine.Logger:Log(LogType, Object)
UnityEngine.Debug:Log(Object)
Freddy:HandleMovementAudio(Boolean)
Animatronic:SetNodeClientRpc(Int32, Boolean, Boolean)
Animatronic:__rpc_handler_1908766251(NetworkBehaviour, FastBufferReader, __RpcParams)
Unity.Netcode.RpcMessageHelpers:Handle(NetworkContext&, RpcMetadata&, FastBufferReader&, __RpcParams&)
Unity.Netcode.ClientRpcMessage:Handle(NetworkContext&)
Unity.Netcode.MessagingSystem:ReceiveMessage(FastBufferReader, NetworkContext&, MessagingSystem)
Unity.Netcode.MessagingSystem:HandleMessage(MessageHeader&, FastBufferReader, UInt64, Single, Int32)
Unity.Netcode.MessagingSystem:ProcessIncomingMessageQueue()
Unity.Netcode.NetworkManager:NetworkUpdate(NetworkUpdateStage)
Unity.Netcode.NetworkUpdateLoop:RunNetworkUpdateStage(NetworkUpdateStage)

Zap is not being watched: freezing at frame: 5
UnityEngine.DebugLogHandler:Internal_Log(LogType, LogOption, String, Object)
UnityEngine.Logger:Log(LogType, Object)
UnityEngine.Debug:Log(Object)
<WaitThenSetFrame>d__26:MoveNext()
UnityEngine.SetupCoroutine:InvokeMoveNext(IEnumerator, IntPtr)

Zap is not being watched: freezing at frame: 45
UnityEngine.DebugLogHandler:Internal_Log(LogType, LogOption, String, Object)
UnityEngine.Logger:Log(LogType, Object)
UnityEngine.Debug:Log(Object)
<WaitThenSetFrame>d__26:MoveNext()
UnityEngine.SetupCoroutine:InvokeMoveNext(IEnumerator, IntPtr)

Zap is not being watched: freezing at frame: 25
UnityEngine.DebugLogHandler:Internal_Log(LogType, LogOption, String, Object)
UnityEngine.Logger:Log(LogType, Object)
UnityEngine.Debug:Log(Object)
<WaitThenSetFrame>d__26:MoveNext()
UnityEngine.SetupCoroutine:InvokeMoveNext(IEnumerator, IntPtr)

Zap is not being watched: freezing at frame: 10
UnityEngine.DebugLogHandler:Internal_Log(LogType, LogOption, String, Object)
UnityEngine.Logger:Log(LogType, Object)
UnityEngine.Debug:Log(Object)
<WaitThenSetFrame>d__26:MoveNext()
UnityEngine.SetupCoroutine:InvokeMoveNext(IEnumerator, IntPtr)

Zap is not being watched: freezing at frame: 20
UnityEngine.DebugLogHandler:Internal_Log(LogType, LogOption, String, Object)
UnityEngine.Logger:Log(LogType, Object)
UnityEngine.Debug:Log(Object)
<WaitThenSetFrame>d__26:MoveNext()
UnityEngine.SetupCoroutine:InvokeMoveNext(IEnumerator, IntPtr)

Zap is not being watched: freezing at frame: 5
UnityEngine.DebugLogHandler:Internal_Log(LogType, LogOption, String, Object)
UnityEngine.Logger:Log(LogType, Object)
UnityEngine.Debug:Log(Object)
<WaitThenSetFrame>d__26:MoveNext()
UnityEngine.SetupCoroutine:InvokeMoveNext(IEnumerator, IntPtr)

Zap is not being watched: freezing at frame: 35
UnityEngine.DebugLogHandler:Internal_Log(LogType, LogOption, String, Object)
UnityEngine.Logger:Log(LogType, Object)
UnityEngine.Debug:Log(Object)
<WaitThenSetFrame>d__26:MoveNext()
UnityEngine.SetupCoroutine:InvokeMoveNext(IEnumerator, IntPtr)

2 to 0.72
UnityEngine.DebugLogHandler:Internal_Log(LogType, LogOption, String, Object)
UnityEngine.Logger:Log(LogType, Object)
UnityEngine.Debug:Log(Object)
Freddy:HandleMovementAudio(Boolean)
Animatronic:SetNodeClientRpc(Int32, Boolean, Boolean)
Animatronic:__rpc_handler_1908766251(NetworkBehaviour, FastBufferReader, __RpcParams)
Unity.Netcode.RpcMessageHelpers:Handle(NetworkContext&, RpcMetadata&, FastBufferReader&, __RpcParams&)
Unity.Netcode.ClientRpcMessage:Handle(NetworkContext&)
Unity.Netcode.MessagingSystem:ReceiveMessage(FastBufferReader, NetworkContext&, MessagingSystem)
Unity.Netcode.MessagingSystem:HandleMessage(MessageHeader&, FastBufferReader, UInt64, Single, Int32)
Unity.Netcode.MessagingSystem:ProcessIncomingMessageQueue()
Unity.Netcode.NetworkManager:NetworkUpdate(NetworkUpdateStage)
Unity.Netcode.NetworkUpdateLoop:RunNetworkUpdateStage(NetworkUpdateStage)

Zap is not being watched: freezing at frame: 5
UnityEngine.DebugLogHandler:Internal_Log(LogType, LogOption, String, Object)
UnityEngine.Logger:Log(LogType, Object)
UnityEngine.Debug:Log(Object)
<WaitThenSetFrame>d__26:MoveNext()
UnityEngine.SetupCoroutine:InvokeMoveNext(IEnumerator, IntPtr)

Zap is not being watched: freezing at frame: 45
UnityEngine.DebugLogHandler:Internal_Log(LogType, LogOption, String, Object)
UnityEngine.Logger:Log(LogType, Object)
UnityEngine.Debug:Log(Object)
<WaitThenSetFrame>d__26:MoveNext()
UnityEngine.SetupCoroutine:InvokeMoveNext(IEnumerator, IntPtr)

Zap is not being watched: freezing at frame: 35
UnityEngine.DebugLogHandler:Internal_Log(LogType, LogOption, String, Object)
UnityEngine.Logger:Log(LogType, Object)
UnityEngine.Debug:Log(Object)
<WaitThenSetFrame>d__26:MoveNext()
UnityEngine.SetupCoroutine:InvokeMoveNext(IEnumerator, IntPtr)

Zap is not being watched: freezing at frame: 5
UnityEngine.DebugLogHandler:Internal_Log(LogType, LogOption, String, Object)
UnityEngine.Logger:Log(LogType, Object)
UnityEngine.Debug:Log(Object)
<WaitThenSetFrame>d__26:MoveNext()
UnityEngine.SetupCoroutine:InvokeMoveNext(IEnumerator, IntPtr)

1 to 0.98
UnityEngine.DebugLogHandler:Internal_Log(LogType, LogOption, String, Object)
UnityEngine.Logger:Log(LogType, Object)
UnityEngine.Debug:Log(Object)
Freddy:HandleMovementAudio(Boolean)
Animatronic:SetNodeClientRpc(Int32, Boolean, Boolean)
Animatronic:__rpc_handler_1908766251(NetworkBehaviour, FastBufferReader, __RpcParams)
Unity.Netcode.RpcMessageHelpers:Handle(NetworkContext&, RpcMetadata&, FastBufferReader&, __RpcParams&)
Unity.Netcode.ClientRpcMessage:Handle(NetworkContext&)
Unity.Netcode.MessagingSystem:ReceiveMessage(FastBufferReader, NetworkContext&, MessagingSystem)
Unity.Netcode.MessagingSystem:HandleMessage(MessageHeader&, FastBufferReader, UInt64, Single, Int32)
Unity.Netcode.MessagingSystem:ProcessIncomingMessageQueue()
Unity.Netcode.NetworkManager:NetworkUpdate(NetworkUpdateStage)
Unity.Netcode.NetworkUpdateLoop:RunNetworkUpdateStage(NetworkUpdateStage)

Zap is not being watched: freezing at frame: 20
UnityEngine.DebugLogHandler:Internal_Log(LogType, LogOption, String, Object)
UnityEngine.Logger:Log(LogType, Object)
UnityEngine.Debug:Log(Object)
<WaitThenSetFrame>d__26:MoveNext()
UnityEngine.SetupCoroutine:InvokeMoveNext(IEnumerator, IntPtr)

Zap is not being watched: freezing at frame: 45
UnityEngine.DebugLogHandler:Internal_Log(LogType, LogOption, String, Object)
UnityEngine.Logger:Log(LogType, Object)
UnityEngine.Debug:Log(Object)
<WaitThenSetFrame>d__26:MoveNext()
UnityEngine.SetupCoroutine:InvokeMoveNext(IEnumerator, IntPtr)

Zap is not being watched: freezing at frame: 45
UnityEngine.DebugLogHandler:Internal_Log(LogType, LogOption, String, Object)
UnityEngine.Logger:Log(LogType, Object)
UnityEngine.Debug:Log(Object)
<WaitThenSetFrame>d__26:MoveNext()
UnityEngine.SetupCoroutine:InvokeMoveNext(IEnumerator, IntPtr)

Zap is not being watched: freezing at frame: 25
UnityEngine.DebugLogHandler:Internal_Log(LogType, LogOption, String, Object)
UnityEngine.Logger:Log(LogType, Object)
UnityEngine.Debug:Log(Object)
<WaitThenSetFrame>d__26:MoveNext()
UnityEngine.SetupCoroutine:InvokeMoveNext(IEnumerator, IntPtr)

Zap is not being watched: freezing at frame: 25
UnityEngine.DebugLogHandler:Internal_Log(LogType, LogOption, String, Object)
UnityEngine.Logger:Log(LogType, Object)
UnityEngine.Debug:Log(Object)
<WaitThenSetFrame>d__26:MoveNext()
UnityEngine.SetupCoroutine:InvokeMoveNext(IEnumerator, IntPtr)

Zap is not being watched: freezing at frame: 20
UnityEngine.DebugLogHandler:Internal_Log(LogType, LogOption, String, Object)
UnityEngine.Logger:Log(LogType, Object)
UnityEngine.Debug:Log(Object)
<WaitThenSetFrame>d__26:MoveNext()
UnityEngine.SetupCoroutine:InvokeMoveNext(IEnumerator, IntPtr)

Zap is not being watched: freezing at frame: 25
UnityEngine.DebugLogHandler:Internal_Log(LogType, LogOption, String, Object)
UnityEngine.Logger:Log(LogType, Object)
UnityEngine.Debug:Log(Object)
<WaitThenSetFrame>d__26:MoveNext()
UnityEngine.SetupCoroutine:InvokeMoveNext(IEnumerator, IntPtr)

Zap is not being watched: freezing at frame: 20
UnityEngine.DebugLogHandler:Internal_Log(LogType, LogOption, String, Object)
UnityEngine.Logger:Log(LogType, Object)
UnityEngine.Debug:Log(Object)
<WaitThenSetFrame>d__26:MoveNext()
UnityEngine.SetupCoroutine:InvokeMoveNext(IEnumerator, IntPtr)

4 to 0.32
UnityEngine.DebugLogHandler:Internal_Log(LogType, LogOption, String, Object)
UnityEngine.Logger:Log(LogType, Object)
UnityEngine.Debug:Log(Object)
Freddy:HandleMovementAudio(Boolean)
Animatronic:SetNodeClientRpc(Int32, Boolean, Boolean)
Animatronic:__rpc_handler_1908766251(NetworkBehaviour, FastBufferReader, __RpcParams)
Unity.Netcode.RpcMessageHelpers:Handle(NetworkContext&, RpcMetadata&, FastBufferReader&, __RpcParams&)
Unity.Netcode.ClientRpcMessage:Handle(NetworkContext&)
Unity.Netcode.MessagingSystem:ReceiveMessage(FastBufferReader, NetworkContext&, MessagingSystem)
Unity.Netcode.MessagingSystem:HandleMessage(MessageHeader&, FastBufferReader, UInt64, Single, Int32)
Unity.Netcode.MessagingSystem:ProcessIncomingMessageQueue()
Unity.Netcode.NetworkManager:NetworkUpdate(NetworkUpdateStage)
Unity.Netcode.NetworkUpdateLoop:RunNetworkUpdateStage(NetworkUpdateStage)

Zap is not being watched: freezing at frame: 45
UnityEngine.DebugLogHandler:Internal_Log(LogType, LogOption, String, Object)
UnityEngine.Logger:Log(LogType, Object)
UnityEngine.Debug:Log(Object)
<WaitThenSetFrame>d__26:MoveNext()
UnityEngine.SetupCoroutine:InvokeMoveNext(IEnumerator, IntPtr)

Zap is not being watched: freezing at frame: 45
UnityEngine.DebugLogHandler:Internal_Log(LogType, LogOption, String, Object)
UnityEngine.Logger:Log(LogType, Object)
UnityEngine.Debug:Log(Object)
<WaitThenSetFrame>d__26:MoveNext()
UnityEngine.SetupCoroutine:InvokeMoveNext(IEnumerator, IntPtr)

Zap is not being watched: freezing at frame: 5
UnityEngine.DebugLogHandler:Internal_Log(LogType, LogOption, String, Object)
UnityEngine.Logger:Log(LogType, Object)
UnityEngine.Debug:Log(Object)
<WaitThenSetFrame>d__26:MoveNext()
UnityEngine.SetupCoroutine:InvokeMoveNext(IEnumerator, IntPtr)

Zap is not being watched: freezing at frame: 35
UnityEngine.DebugLogHandler:Internal_Log(LogType, LogOption, String, Object)
UnityEngine.Logger:Log(LogType, Object)
UnityEngine.Debug:Log(Object)
<WaitThenSetFrame>d__26:MoveNext()
UnityEngine.SetupCoroutine:InvokeMoveNext(IEnumerator, IntPtr)

Zap is not being watched: freezing at frame: 20
UnityEngine.DebugLogHandler:Internal_Log(LogType, LogOption, String, Object)
UnityEngine.Logger:Log(LogType, Object)
UnityEngine.Debug:Log(Object)
<WaitThenSetFrame>d__26:MoveNext()
UnityEngine.SetupCoroutine:InvokeMoveNext(IEnumerator, IntPtr)

Zap is not being watched: freezing at frame: 0
UnityEngine.DebugLogHandler:Internal_Log(LogType, LogOption, String, Object)
UnityEngine.Logger:Log(LogType, Object)
UnityEngine.Debug:Log(Object)
<WaitThenSetFrame>d__26:MoveNext()
UnityEngine.SetupCoroutine:InvokeMoveNext(IEnumerator, IntPtr)

Zap is not being watched: freezing at frame: 45
UnityEngine.DebugLogHandler:Internal_Log(LogType, LogOption, String, Object)
UnityEngine.Logger:Log(LogType, Object)
UnityEngine.Debug:Log(Object)
<WaitThenSetFrame>d__26:MoveNext()
UnityEngine.SetupCoroutine:InvokeMoveNext(IEnumerator, IntPtr)

Zap is not being watched: freezing at frame: 0
UnityEngine.DebugLogHandler:Internal_Log(LogType, LogOption, String, Object)
UnityEngine.Logger:Log(LogType, Object)
UnityEngine.Debug:Log(Object)
<WaitThenSetFrame>d__26:MoveNext()
UnityEngine.SetupCoroutine:InvokeMoveNext(IEnumerator, IntPtr)

Zap is not being watched: freezing at frame: 30
UnityEngine.DebugLogHandler:Internal_Log(LogType, LogOption, String, Object)
UnityEngine.Logger:Log(LogType, Object)
UnityEngine.Debug:Log(Object)
<WaitThenSetFrame>d__26:MoveNext()
UnityEngine.SetupCoroutine:InvokeMoveNext(IEnumerator, IntPtr)

Zap is not being watched: freezing at frame: 20
UnityEngine.DebugLogHandler:Internal_Log(LogType, LogOption, String, Object)
UnityEngine.Logger:Log(LogType, Object)
UnityEngine.Debug:Log(Object)
<WaitThenSetFrame>d__26:MoveNext()
UnityEngine.SetupCoroutine:InvokeMoveNext(IEnumerator, IntPtr)

Zap is not being watched: freezing at frame: 30
UnityEngine.DebugLogHandler:Internal_Log(LogType, LogOption, String, Object)
UnityEngine.Logger:Log(LogType, Object)
UnityEngine.Debug:Log(Object)
<WaitThenSetFrame>d__26:MoveNext()
UnityEngine.SetupCoroutine:InvokeMoveNext(IEnumerator, IntPtr)

Zap is not being watched: freezing at frame: 45
UnityEngine.DebugLogHandler:Internal_Log(LogType, LogOption, String, Object)
UnityEngine.Logger:Log(LogType, Object)
UnityEngine.Debug:Log(Object)
<WaitThenSetFrame>d__26:MoveNext()
UnityEngine.SetupCoroutine:InvokeMoveNext(IEnumerator, IntPtr)

Zap is not being watched: freezing at frame: 10
UnityEngine.DebugLogHandler:Internal_Log(LogType, LogOption, String, Object)
UnityEngine.Logger:Log(LogType, Object)
UnityEngine.Debug:Log(Object)
<WaitThenSetFrame>d__26:MoveNext()
UnityEngine.SetupCoroutine:InvokeMoveNext(IEnumerator, IntPtr)

Zap is not being watched: freezing at frame: 20
UnityEngine.DebugLogHandler:Internal_Log(LogType, LogOption, String, Object)
UnityEngine.Logger:Log(LogType, Object)
UnityEngine.Debug:Log(Object)
<WaitThenSetFrame>d__26:MoveNext()
UnityEngine.SetupCoroutine:InvokeMoveNext(IEnumerator, IntPtr)

Zap is not being watched: freezing at frame: 20
UnityEngine.DebugLogHandler:Internal_Log(LogType, LogOption, String, Object)
UnityEngine.Logger:Log(LogType, Object)
UnityEngine.Debug:Log(Object)
<WaitThenSetFrame>d__26:MoveNext()
UnityEngine.SetupCoroutine:InvokeMoveNext(IEnumerator, IntPtr)

Zap is not being watched: freezing at frame: 10
UnityEngine.DebugLogHandler:Internal_Log(LogType, LogOption, String, Object)
UnityEngine.Logger:Log(LogType, Object)
UnityEngine.Debug:Log(Object)
<WaitThenSetFrame>d__26:MoveNext()
UnityEngine.SetupCoroutine:InvokeMoveNext(IEnumerator, IntPtr)

3 to 0.5
UnityEngine.DebugLogHandler:Internal_Log(LogType, LogOption, String, Object)
UnityEngine.Logger:Log(LogType, Object)
UnityEngine.Debug:Log(Object)
Freddy:HandleMovementAudio(Boolean)
Animatronic:SetNodeClientRpc(Int32, Boolean, Boolean)
Animatronic:__rpc_handler_1908766251(NetworkBehaviour, FastBufferReader, __RpcParams)
Unity.Netcode.RpcMessageHelpers:Handle(NetworkContext&, RpcMetadata&, FastBufferReader&, __RpcParams&)
Unity.Netcode.ClientRpcMessage:Handle(NetworkContext&)
Unity.Netcode.MessagingSystem:ReceiveMessage(FastBufferReader, NetworkContext&, MessagingSystem)
Unity.Netcode.MessagingSystem:HandleMessage(MessageHeader&, FastBufferReader, UInt64, Single, Int32)
Unity.Netcode.MessagingSystem:ProcessIncomingMessageQueue()
Unity.Netcode.NetworkManager:NetworkUpdate(NetworkUpdateStage)
Unity.Netcode.NetworkUpdateLoop:RunNetworkUpdateStage(NetworkUpdateStage)

Zap is not being watched: freezing at frame: 25
UnityEngine.DebugLogHandler:Internal_Log(LogType, LogOption, String, Object)
UnityEngine.Logger:Log(LogType, Object)
UnityEngine.Debug:Log(Object)
<WaitThenSetFrame>d__26:MoveNext()
UnityEngine.SetupCoroutine:InvokeMoveNext(IEnumerator, IntPtr)

2 to 0.72
UnityEngine.DebugLogHandler:Internal_Log(LogType, LogOption, String, Object)
UnityEngine.Logger:Log(LogType, Object)
UnityEngine.Debug:Log(Object)
Freddy:HandleMovementAudio(Boolean)
Animatronic:SetNodeClientRpc(Int32, Boolean, Boolean)
Animatronic:__rpc_handler_1908766251(NetworkBehaviour, FastBufferReader, __RpcParams)
Unity.Netcode.RpcMessageHelpers:Handle(NetworkContext&, RpcMetadata&, FastBufferReader&, __RpcParams&)
Unity.Netcode.ClientRpcMessage:Handle(NetworkContext&)
Unity.Netcode.MessagingSystem:ReceiveMessage(FastBufferReader, NetworkContext&, MessagingSystem)
Unity.Netcode.MessagingSystem:HandleMessage(MessageHeader&, FastBufferReader, UInt64, Single, Int32)
Unity.Netcode.MessagingSystem:ProcessIncomingMessageQueue()
Unity.Netcode.NetworkManager:NetworkUpdate(NetworkUpdateStage)
Unity.Netcode.NetworkUpdateLoop:RunNetworkUpdateStage(NetworkUpdateStage)

Zap is not being watched: freezing at frame: 15
UnityEngine.DebugLogHandler:Internal_Log(LogType, LogOption, String, Object)
UnityEngine.Logger:Log(LogType, Object)
UnityEngine.Debug:Log(Object)
<WaitThenSetFrame>d__26:MoveNext()
UnityEngine.SetupCoroutine:InvokeMoveNext(IEnumerator, IntPtr)

Zap is not being watched: freezing at frame: 10
UnityEngine.DebugLogHandler:Internal_Log(LogType, LogOption, String, Object)
UnityEngine.Logger:Log(LogType, Object)
UnityEngine.Debug:Log(Object)
<WaitThenSetFrame>d__26:MoveNext()
UnityEngine.SetupCoroutine:InvokeMoveNext(IEnumerator, IntPtr)

Zap is not being watched: freezing at frame: 20
UnityEngine.DebugLogHandler:Internal_Log(LogType, LogOption, String, Object)
UnityEngine.Logger:Log(LogType, Object)
UnityEngine.Debug:Log(Object)
<WaitThenSetFrame>d__26:MoveNext()
UnityEngine.SetupCoroutine:InvokeMoveNext(IEnumerator, IntPtr)

Zap is not being watched: freezing at frame: 5
UnityEngine.DebugLogHandler:Internal_Log(LogType, LogOption, String, Object)
UnityEngine.Logger:Log(LogType, Object)
UnityEngine.Debug:Log(Object)
<WaitThenSetFrame>d__26:MoveNext()
UnityEngine.SetupCoroutine:InvokeMoveNext(IEnumerator, IntPtr)

Zap is not being watched: freezing at frame: 5
UnityEngine.DebugLogHandler:Internal_Log(LogType, LogOption, String, Object)
UnityEngine.Logger:Log(LogType, Object)
UnityEngine.Debug:Log(Object)
<WaitThenSetFrame>d__26:MoveNext()
UnityEngine.SetupCoroutine:InvokeMoveNext(IEnumerator, IntPtr)

Zap is not being watched: freezing at frame: 5
UnityEngine.DebugLogHandler:Internal_Log(LogType, LogOption, String, Object)
UnityEngine.Logger:Log(LogType, Object)
UnityEngine.Debug:Log(Object)
<WaitThenSetFrame>d__26:MoveNext()
UnityEngine.SetupCoroutine:InvokeMoveNext(IEnumerator, IntPtr)

Zap is not being watched: freezing at frame: 35
UnityEngine.DebugLogHandler:Internal_Log(LogType, LogOption, String, Object)
UnityEngine.Logger:Log(LogType, Object)
UnityEngine.Debug:Log(Object)
<WaitThenSetFrame>d__26:MoveNext()
UnityEngine.SetupCoroutine:InvokeMoveNext(IEnumerator, IntPtr)

Zap is not being watched: freezing at frame: 35
UnityEngine.DebugLogHandler:Internal_Log(LogType, LogOption, String, Object)
UnityEngine.Logger:Log(LogType, Object)
UnityEngine.Debug:Log(Object)
<WaitThenSetFrame>d__26:MoveNext()
UnityEngine.SetupCoroutine:InvokeMoveNext(IEnumerator, IntPtr)

Zap is not being watched: freezing at frame: 45
UnityEngine.DebugLogHandler:Internal_Log(LogType, LogOption, String, Object)
UnityEngine.Logger:Log(LogType, Object)
UnityEngine.Debug:Log(Object)
<WaitThenSetFrame>d__26:MoveNext()
UnityEngine.SetupCoroutine:InvokeMoveNext(IEnumerator, IntPtr)

Zap is not being watched: freezing at frame: 45
UnityEngine.DebugLogHandler:Internal_Log(LogType, LogOption, String, Object)
UnityEngine.Logger:Log(LogType, Object)
UnityEngine.Debug:Log(Object)
<WaitThenSetFrame>d__26:MoveNext()
UnityEngine.SetupCoroutine:InvokeMoveNext(IEnumerator, IntPtr)

1 to 0.98
UnityEngine.DebugLogHandler:Internal_Log(LogType, LogOption, String, Object)
UnityEngine.Logger:Log(LogType, Object)
UnityEngine.Debug:Log(Object)
Freddy:HandleMovementAudio(Boolean)
Animatronic:SetNodeClientRpc(Int32, Boolean, Boolean)
Animatronic:__rpc_handler_1908766251(NetworkBehaviour, FastBufferReader, __RpcParams)
Unity.Netcode.RpcMessageHelpers:Handle(NetworkContext&, RpcMetadata&, FastBufferReader&, __RpcParams&)
Unity.Netcode.ClientRpcMessage:Handle(NetworkContext&)
Unity.Netcode.MessagingSystem:ReceiveMessage(FastBufferReader, NetworkContext&, MessagingSystem)
Unity.Netcode.MessagingSystem:HandleMessage(MessageHeader&, FastBufferReader, UInt64, Single, Int32)
Unity.Netcode.MessagingSystem:ProcessIncomingMessageQueue()
Unity.Netcode.NetworkManager:NetworkUpdate(NetworkUpdateStage)
Unity.Netcode.NetworkUpdateLoop:RunNetworkUpdateStage(NetworkUpdateStage)

Zap is not being watched: freezing at frame: 10
UnityEngine.DebugLogHandler:Internal_Log(LogType, LogOption, String, Object)
UnityEngine.Logger:Log(LogType, Object)
UnityEngine.Debug:Log(Object)
<WaitThenSetFrame>d__26:MoveNext()
UnityEngine.SetupCoroutine:InvokeMoveNext(IEnumerator, IntPtr)

Zap is not being watched: freezing at frame: 25
UnityEngine.DebugLogHandler:Internal_Log(LogType, LogOption, String, Object)
UnityEngine.Logger:Log(LogType, Object)
UnityEngine.Debug:Log(Object)
<WaitThenSetFrame>d__26:MoveNext()
UnityEngine.SetupCoroutine:InvokeMoveNext(IEnumerator, IntPtr)

Zap is not being watched: freezing at frame: 20
UnityEngine.DebugLogHandler:Internal_Log(LogType, LogOption, String, Object)
UnityEngine.Logger:Log(LogType, Object)
UnityEngine.Debug:Log(Object)
<WaitThenSetFrame>d__26:MoveNext()
UnityEngine.SetupCoroutine:InvokeMoveNext(IEnumerator, IntPtr)

Zap is not being watched: freezing at frame: 0
UnityEngine.DebugLogHandler:Internal_Log(LogType, LogOption, String, Object)
UnityEngine.Logger:Log(LogType, Object)
UnityEngine.Debug:Log(Object)
<WaitThenSetFrame>d__26:MoveNext()
UnityEngine.SetupCoroutine:InvokeMoveNext(IEnumerator, IntPtr)

Zap is not being watched: freezing at frame: 25
UnityEngine.DebugLogHandler:Internal_Log(LogType, LogOption, String, Object)
UnityEngine.Logger:Log(LogType, Object)
UnityEngine.Debug:Log(Object)
<WaitThenSetFrame>d__26:MoveNext()
UnityEngine.SetupCoroutine:InvokeMoveNext(IEnumerator, IntPtr)

Zap is not being watched: freezing at frame: 45
UnityEngine.DebugLogHandler:Internal_Log(LogType, LogOption, String, Object)
UnityEngine.Logger:Log(LogType, Object)
UnityEngine.Debug:Log(Object)
<WaitThenSetFrame>d__26:MoveNext()
UnityEngine.SetupCoroutine:InvokeMoveNext(IEnumerator, IntPtr)

Zap is not being watched: freezing at frame: 25
UnityEngine.DebugLogHandler:Internal_Log(LogType, LogOption, String, Object)
UnityEngine.Logger:Log(LogType, Object)
UnityEngine.Debug:Log(Object)
<WaitThenSetFrame>d__26:MoveNext()
UnityEngine.SetupCoroutine:InvokeMoveNext(IEnumerator, IntPtr)

Zap is not being watched: freezing at frame: 45
UnityEngine.DebugLogHandler:Internal_Log(LogType, LogOption, String, Object)
UnityEngine.Logger:Log(LogType, Object)
UnityEngine.Debug:Log(Object)
<WaitThenSetFrame>d__26:MoveNext()
UnityEngine.SetupCoroutine:InvokeMoveNext(IEnumerator, IntPtr)

Zap is not being watched: freezing at frame: 25
UnityEngine.DebugLogHandler:Internal_Log(LogType, LogOption, String, Object)
UnityEngine.Logger:Log(LogType, Object)
UnityEngine.Debug:Log(Object)
<WaitThenSetFrame>d__26:MoveNext()
UnityEngine.SetupCoroutine:InvokeMoveNext(IEnumerator, IntPtr)

Zap is not being watched: freezing at frame: 45
UnityEngine.DebugLogHandler:Internal_Log(LogType, LogOption, String, Object)
UnityEngine.Logger:Log(LogType, Object)
UnityEngine.Debug:Log(Object)
<WaitThenSetFrame>d__26:MoveNext()
UnityEngine.SetupCoroutine:InvokeMoveNext(IEnumerator, IntPtr)

Joined channel: QK8CNJ_LobbyChat
UnityEngine.DebugLogHandler:Internal_Log(LogType, LogOption, String, Object)
UnityEngine.Logger:Log(LogType, Object)
UnityEngine.Debug:Log(Object)
<SetActiveAudioChannel>d__27:MoveNext()
System.Threading.ExecutionContext:RunInternal(ExecutionContext, ContextCallback, Object, Boolean)
System.Runtime.CompilerServices.MoveNextRunner:Run()
System.Threading.Tasks.AwaitTaskContinuation:RunCallback(ContextCallback, Object, Task&)
System.Threading.Tasks.SynchronizationContextAwaitTaskContinuation:Run(Task, Boolean)
System.Threading.Tasks.Task:FinishContinuations()
System.Threading.Tasks.Task`1:TrySetResult(TResult)
System.Runtime.CompilerServices.AsyncTaskMethodBuilder`1:SetResult(TResult)
Unity.Services.Vivox.<JoinGroupChannelAsync>d__199:MoveNext()
System.Threading.ExecutionContext:RunInternal(ExecutionContext, ContextCallback, Object, Boolean)
System.Runtime.CompilerServices.MoveNextRunner:Run()
System.Threading.Tasks.AwaitTaskContinuation:RunCallback(ContextCallback, Object, Task&)
System.Threading.Tasks.SynchronizationContextAwaitTaskContinuation:Run(Task, Boolean)
System.Threading.Tasks.Task:FinishContinuations()
System.Threading.Tasks.Task`1:TrySetResult(TResult)
System.Runtime.CompilerServices.AsyncTaskMethodBuilder`1:SetResult(TResult)
Unity.Services.Vivox.<JoinChannelAsync>d__202:MoveNext()
System.Threading.ExecutionContext:RunInternal(ExecutionContext, ContextCallback, Object, Boolean)
System.Runtime.CompilerServices.MoveNextRunner:Run()
System.Threading.Tasks.AwaitTaskContinuation:RunCallback(ContextCallback, Object, Task&)
System.Threading.Tasks.SynchronizationContextAwaitTaskContinuation:Run(Task, Boolean)
System.Threading.Tasks.Task:FinishContinuations()
System.Threading.Tasks.Task`1:TrySetResult(TResult)
System.Runtime.CompilerServices.AsyncTaskMethodBuilder`1:SetResult(TResult)
Unity.Services.Vivox.<ConnectAsync>d__45:MoveNext()
System.Threading.ExecutionContext:RunInternal(ExecutionContext, ContextCallback, Object, Boolean)
System.Runtime.CompilerServices.MoveNextRunner:Run()
System.Threading.Tasks.AwaitTaskContinuation:RunCallback(ContextCallback, Object, Task&)
System.Threading.Tasks.SynchronizationContextAwaitTaskContinuation:Run(Task, Boolean)
System.Threading.Tasks.Task:FinishContinuations()
System.Threading.Tasks.Task`1:TrySetResult(TResult)
System.Threading.Tasks.TaskCompletionSource`1:TrySetResult(TResult)
Unity.Services.Vivox.ChannelSession:CheckSessionConnection()
Unity.Services.Vivox.ChannelSession:HandleParticipantAdded(vx_evt_base_t)
Unity.Services.Vivox.VxClient:InstanceOnMainLoopRun(Boolean&)
Unity.Services.Vivox.Client:RunOnce()
Unity.Services.Vivox.<VivoxUnityRun>d__7:MoveNext()
UnityEngine.SetupCoroutine:InvokeMoveNext(IEnumerator, IntPtr)

Zap is not being watched: freezing at frame: 10
UnityEngine.DebugLogHandler:Internal_Log(LogType, LogOption, String, Object)
UnityEngine.Logger:Log(LogType, Object)
UnityEngine.Debug:Log(Object)
<WaitThenSetFrame>d__26:MoveNext()
UnityEngine.SetupCoroutine:InvokeMoveNext(IEnumerator, IntPtr)

Zap is not being watched: freezing at frame: 20
UnityEngine.DebugLogHandler:Internal_Log(LogType, LogOption, String, Object)
UnityEngine.Logger:Log(LogType, Object)
UnityEngine.Debug:Log(Object)
<WaitThenSetFrame>d__26:MoveNext()
UnityEngine.SetupCoroutine:InvokeMoveNext(IEnumerator, IntPtr)

Zap is not being watched: freezing at frame: 15
UnityEngine.DebugLogHandler:Internal_Log(LogType, LogOption, String, Object)
UnityEngine.Logger:Log(LogType, Object)
UnityEngine.Debug:Log(Object)
<WaitThenSetFrame>d__26:MoveNext()
UnityEngine.SetupCoroutine:InvokeMoveNext(IEnumerator, IntPtr)

Zap is not being watched: freezing at frame: 20
UnityEngine.DebugLogHandler:Internal_Log(LogType, LogOption, String, Object)
UnityEngine.Logger:Log(LogType, Object)
UnityEngine.Debug:Log(Object)
<WaitThenSetFrame>d__26:MoveNext()
UnityEngine.SetupCoroutine:InvokeMoveNext(IEnumerator, IntPtr)

Zap is not being watched: freezing at frame: 20
UnityEngine.DebugLogHandler:Internal_Log(LogType, LogOption, String, Object)
UnityEngine.Logger:Log(LogType, Object)
UnityEngine.Debug:Log(Object)
<WaitThenSetFrame>d__26:MoveNext()
UnityEngine.SetupCoroutine:InvokeMoveNext(IEnumerator, IntPtr)

Zap is not being watched: freezing at frame: 45
UnityEngine.DebugLogHandler:Internal_Log(LogType, LogOption, String, Object)
UnityEngine.Logger:Log(LogType, Object)
UnityEngine.Debug:Log(Object)
<WaitThenSetFrame>d__26:MoveNext()
UnityEngine.SetupCoroutine:InvokeMoveNext(IEnumerator, IntPtr)

Zap is not being watched: freezing at frame: 45
UnityEngine.DebugLogHandler:Internal_Log(LogType, LogOption, String, Object)
UnityEngine.Logger:Log(LogType, Object)
UnityEngine.Debug:Log(Object)
<WaitThenSetFrame>d__26:MoveNext()
UnityEngine.SetupCoroutine:InvokeMoveNext(IEnumerator, IntPtr)

Zap is not being watched: freezing at frame: 45
UnityEngine.DebugLogHandler:Internal_Log(LogType, LogOption, String, Object)
UnityEngine.Logger:Log(LogType, Object)
UnityEngine.Debug:Log(Object)
<WaitThenSetFrame>d__26:MoveNext()
UnityEngine.SetupCoroutine:InvokeMoveNext(IEnumerator, IntPtr)

Zap is not being watched: freezing at frame: 45
UnityEngine.DebugLogHandler:Internal_Log(LogType, LogOption, String, Object)
UnityEngine.Logger:Log(LogType, Object)
UnityEngine.Debug:Log(Object)
<WaitThenSetFrame>d__26:MoveNext()
UnityEngine.SetupCoroutine:InvokeMoveNext(IEnumerator, IntPtr)

Zap is not being watched: freezing at frame: 10
UnityEngine.DebugLogHandler:Internal_Log(LogType, LogOption, String, Object)
UnityEngine.Logger:Log(LogType, Object)
UnityEngine.Debug:Log(Object)
<WaitThenSetFrame>d__26:MoveNext()
UnityEngine.SetupCoroutine:InvokeMoveNext(IEnumerator, IntPtr)

Zap is not being watched: freezing at frame: 10
UnityEngine.DebugLogHandler:Internal_Log(LogType, LogOption, String, Object)
UnityEngine.Logger:Log(LogType, Object)
UnityEngine.Debug:Log(Object)
<WaitThenSetFrame>d__26:MoveNext()
UnityEngine.SetupCoroutine:InvokeMoveNext(IEnumerator, IntPtr)

Zap is not being watched: freezing at frame: 10
UnityEngine.DebugLogHandler:Internal_Log(LogType, LogOption, String, Object)
UnityEngine.Logger:Log(LogType, Object)
UnityEngine.Debug:Log(Object)
<WaitThenSetFrame>d__26:MoveNext()
UnityEngine.SetupCoroutine:InvokeMoveNext(IEnumerator, IntPtr)

Zap is not being watched: freezing at frame: 25
UnityEngine.DebugLogHandler:Internal_Log(LogType, LogOption, String, Object)
UnityEngine.Logger:Log(LogType, Object)
UnityEngine.Debug:Log(Object)
<WaitThenSetFrame>d__26:MoveNext()
UnityEngine.SetupCoroutine:InvokeMoveNext(IEnumerator, IntPtr)

Zap is not being watched: freezing at frame: 25
UnityEngine.DebugLogHandler:Internal_Log(LogType, LogOption, String, Object)
UnityEngine.Logger:Log(LogType, Object)
UnityEngine.Debug:Log(Object)
<WaitThenSetFrame>d__26:MoveNext()
UnityEngine.SetupCoroutine:InvokeMoveNext(IEnumerator, IntPtr)

Zap is not being watched: freezing at frame: 20
UnityEngine.DebugLogHandler:Internal_Log(LogType, LogOption, String, Object)
UnityEngine.Logger:Log(LogType, Object)
UnityEngine.Debug:Log(Object)
<WaitThenSetFrame>d__26:MoveNext()
UnityEngine.SetupCoroutine:InvokeMoveNext(IEnumerator, IntPtr)

Zap is not being watched: freezing at frame: 20
UnityEngine.DebugLogHandler:Internal_Log(LogType, LogOption, String, Object)
UnityEngine.Logger:Log(LogType, Object)
UnityEngine.Debug:Log(Object)
<WaitThenSetFrame>d__26:MoveNext()
UnityEngine.SetupCoroutine:InvokeMoveNext(IEnumerator, IntPtr)

Zap is not being watched: freezing at frame: 20
UnityEngine.DebugLogHandler:Internal_Log(LogType, LogOption, String, Object)
UnityEngine.Logger:Log(LogType, Object)
UnityEngine.Debug:Log(Object)
<WaitThenSetFrame>d__26:MoveNext()
UnityEngine.SetupCoroutine:InvokeMoveNext(IEnumerator, IntPtr)

Zap is not being watched: freezing at frame: 15
UnityEngine.DebugLogHandler:Internal_Log(LogType, LogOption, String, Object)
UnityEngine.Logger:Log(LogType, Object)
UnityEngine.Debug:Log(Object)
<WaitThenSetFrame>d__26:MoveNext()
UnityEngine.SetupCoroutine:InvokeMoveNext(IEnumerator, IntPtr)

Zap is not being watched: freezing at frame: 10
UnityEngine.DebugLogHandler:Internal_Log(LogType, LogOption, String, Object)
UnityEngine.Logger:Log(LogType, Object)
UnityEngine.Debug:Log(Object)
<WaitThenSetFrame>d__26:MoveNext()
UnityEngine.SetupCoroutine:InvokeMoveNext(IEnumerator, IntPtr)

Unloading 6 Unused Serialized files (Serialized files now loaded: 0)
UnloadTime: 3.862600 ms
Unloading 495 unused Assets to reduce memory usage. Loaded Objects now: 6171.
Total: 66.493500 ms (FindLiveObjects: 0.531300 ms CreateObjectMapping: 0.139200 ms MarkObjects: 64.275500 ms  DeleteObjects: 1.546000 ms)

Unloading 5 Unused Serialized files (Serialized files now loaded: 0)
UnloadTime: 6.189700 ms
WindowsVideoMedia error 0xc00d36bb while reading Z:/home/evan/dwn/fnaf-online-0.9.52-alpha/FNAF Online_Data/sharedassets3.resource

Context: CreateObjectFromByteStream
Error details: Unexpected error.

Track types:
WindowsVideoMedia error 0xc00d36bb while reading Z:/home/evan/dwn/fnaf-online-0.9.52-alpha/FNAF Online_Data/sharedassets3.resource

Context: CreateObjectFromByteStream
Error details: Unexpected error.

Track types:
Unloading 60 unused Assets to reduce memory usage. Loaded Objects now: 25566.
Total: 62.397200 ms (FindLiveObjects: 2.891800 ms CreateObjectMapping: 0.429400 ms MarkObjects: 58.884300 ms  DeleteObjects: 0.190700 ms)

Joined channel: PrivateChat_aec20e60
UnityEngine.DebugLogHandler:Internal_Log(LogType, LogOption, String, Object)
UnityEngine.Logger:Log(LogType, Object)
UnityEngine.Debug:Log(Object)
<SetActiveAudioChannel>d__27:MoveNext()
System.Threading.ExecutionContext:RunInternal(ExecutionContext, ContextCallback, Object, Boolean)
System.Runtime.CompilerServices.MoveNextRunner:Run()
System.Threading.Tasks.AwaitTaskContinuation:RunCallback(ContextCallback, Object, Task&)
System.Threading.Tasks.SynchronizationContextAwaitTaskContinuation:Run(Task, Boolean)
System.Threading.Tasks.Task:FinishContinuations()
System.Threading.Tasks.Task`1:TrySetResult(TResult)
System.Runtime.CompilerServices.AsyncTaskMethodBuilder`1:SetResult(TResult)
Unity.Services.Vivox.<JoinGroupChannelAsync>d__199:MoveNext()
System.Threading.ExecutionContext:RunInternal(ExecutionContext, ContextCallback, Object, Boolean)
System.Runtime.CompilerServices.MoveNextRunner:Run()
System.Threading.Tasks.AwaitTaskContinuation:RunCallback(ContextCallback, Object, Task&)
System.Threading.Tasks.SynchronizationContextAwaitTaskContinuation:Run(Task, Boolean)
System.Threading.Tasks.Task:FinishContinuations()
System.Threading.Tasks.Task`1:TrySetResult(TResult)
System.Runtime.CompilerServices.AsyncTaskMethodBuilder`1:SetResult(TResult)
Unity.Services.Vivox.<JoinChannelAsync>d__202:MoveNext()
System.Threading.ExecutionContext:RunInternal(ExecutionContext, ContextCallback, Object, Boolean)
System.Runtime.CompilerServices.MoveNextRunner:Run()
System.Threading.Tasks.AwaitTaskContinuation:RunCallback(ContextCallback, Object, Task&)
System.Threading.Tasks.SynchronizationContextAwaitTaskContinuation:Run(Task, Boolean)
System.Threading.Tasks.Task:FinishContinuations()
System.Threading.Tasks.Task`1:TrySetResult(TResult)
System.Runtime.CompilerServices.AsyncTaskMethodBuilder`1:SetResult(TResult)
Unity.Services.Vivox.<ConnectAsync>d__45:MoveNext()
System.Threading.ExecutionContext:RunInternal(ExecutionContext, ContextCallback, Object, Boolean)
System.Runtime.CompilerServices.MoveNextRunner:Run()
System.Threading.Tasks.AwaitTaskContinuation:RunCallback(ContextCallback, Object, Task&)
System.Threading.Tasks.SynchronizationContextAwaitTaskContinuation:Run(Task, Boolean)
System.Threading.Tasks.Task:FinishContinuations()
System.Threading.Tasks.Task`1:TrySetResult(TResult)
System.Threading.Tasks.TaskCompletionSource`1:TrySetResult(TResult)
Unity.Services.Vivox.ChannelSession:CheckSessionConnection()
Unity.Services.Vivox.ChannelSession:HandleParticipantAdded(vx_evt_base_t)
Unity.Services.Vivox.VxClient:InstanceOnMainLoopRun(Boolean&)
Unity.Services.Vivox.Client:RunOnce()
Unity.Services.Vivox.<VivoxUnityRun>d__7:MoveNext()
UnityEngine.SetupCoroutine:InvokeMoveNext(IEnumerator, IntPtr)

Zap is not being watched: freezing at frame: 0
UnityEngine.DebugLogHandler:Internal_Log(LogType, LogOption, String, Object)
UnityEngine.Logger:Log(LogType, Object)
UnityEngine.Debug:Log(Object)
<WaitThenSetFrame>d__26:MoveNext()
UnityEngine.SetupCoroutine:InvokeMoveNext(IEnumerator, IntPtr)

Zap is not being watched: freezing at frame: 45
UnityEngine.DebugLogHandler:Internal_Log(LogType, LogOption, String, Object)
UnityEngine.Logger:Log(LogType, Object)
UnityEngine.Debug:Log(Object)
<WaitThenSetFrame>d__26:MoveNext()
UnityEngine.SetupCoroutine:InvokeMoveNext(IEnumerator, IntPtr)

Zap is not being watched: freezing at frame: 15
UnityEngine.DebugLogHandler:Internal_Log(LogType, LogOption, String, Object)
UnityEngine.Logger:Log(LogType, Object)
UnityEngine.Debug:Log(Object)
<WaitThenSetFrame>d__26:MoveNext()
UnityEngine.SetupCoroutine:InvokeMoveNext(IEnumerator, IntPtr)

Zap is not being watched: freezing at frame: 15
UnityEngine.DebugLogHandler:Internal_Log(LogType, LogOption, String, Object)
UnityEngine.Logger:Log(LogType, Object)
UnityEngine.Debug:Log(Object)
<WaitThenSetFrame>d__26:MoveNext()
UnityEngine.SetupCoroutine:InvokeMoveNext(IEnumerator, IntPtr)

Zap is not being watched: freezing at frame: 15
UnityEngine.DebugLogHandler:Internal_Log(LogType, LogOption, String, Object)
UnityEngine.Logger:Log(LogType, Object)
UnityEngine.Debug:Log(Object)
<WaitThenSetFrame>d__26:MoveNext()
UnityEngine.SetupCoroutine:InvokeMoveNext(IEnumerator, IntPtr)

Zap is not being watched: freezing at frame: 0
UnityEngine.DebugLogHandler:Internal_Log(LogType, LogOption, String, Object)
UnityEngine.Logger:Log(LogType, Object)
UnityEngine.Debug:Log(Object)
<WaitThenSetFrame>d__26:MoveNext()
UnityEngine.SetupCoroutine:InvokeMoveNext(IEnumerator, IntPtr)

Guess must contain 'A'
UnityEngine.DebugLogHandler:Internal_Log(LogType, LogOption, String, Object)
UnityEngine.Logger:Log(LogType, Object)
UnityEngine.Debug:Log(Object)
PlayerWordleSystem:Wrong(String)
WordleSystem:OnInvalidGuessClientRpc(FixedString512Bytes)
WordleSystem:__rpc_handler_2238122202(NetworkBehaviour, FastBufferReader, __RpcParams)
Unity.Netcode.RpcMessageHelpers:Handle(NetworkContext&, RpcMetadata&, FastBufferReader&, __RpcParams&)
Unity.Netcode.ClientRpcMessage:Handle(NetworkContext&)
Unity.Netcode.MessagingSystem:ReceiveMessage(FastBufferReader, NetworkContext&, MessagingSystem)
Unity.Netcode.MessagingSystem:HandleMessage(MessageHeader&, FastBufferReader, UInt64, Single, Int32)
Unity.Netcode.MessagingSystem:ProcessIncomingMessageQueue()
Unity.Netcode.NetworkManager:NetworkUpdate(NetworkUpdateStage)
Unity.Netcode.NetworkUpdateLoop:RunNetworkUpdateStage(NetworkUpdateStage)

Zap is not being watched: freezing at frame: 25
UnityEngine.DebugLogHandler:Internal_Log(LogType, LogOption, String, Object)
UnityEngine.Logger:Log(LogType, Object)
UnityEngine.Debug:Log(Object)
<WaitThenSetFrame>d__26:MoveNext()
UnityEngine.SetupCoroutine:InvokeMoveNext(IEnumerator, IntPtr)

Zap is not being watched: freezing at frame: 20
UnityEngine.DebugLogHandler:Internal_Log(LogType, LogOption, String, Object)
UnityEngine.Logger:Log(LogType, Object)
UnityEngine.Debug:Log(Object)
<WaitThenSetFrame>d__26:MoveNext()
UnityEngine.SetupCoroutine:InvokeMoveNext(IEnumerator, IntPtr)

Zap is not being watched: freezing at frame: 15
UnityEngine.DebugLogHandler:Internal_Log(LogType, LogOption, String, Object)
UnityEngine.Logger:Log(LogType, Object)
UnityEngine.Debug:Log(Object)
<WaitThenSetFrame>d__26:MoveNext()
UnityEngine.SetupCoroutine:InvokeMoveNext(IEnumerator, IntPtr)

Zap is not being watched: freezing at frame: 20
UnityEngine.DebugLogHandler:Internal_Log(LogType, LogOption, String, Object)
UnityEngine.Logger:Log(LogType, Object)
UnityEngine.Debug:Log(Object)
<WaitThenSetFrame>d__26:MoveNext()
UnityEngine.SetupCoroutine:InvokeMoveNext(IEnumerator, IntPtr)

Zap is not being watched: freezing at frame: 15
UnityEngine.DebugLogHandler:Internal_Log(LogType, LogOption, String, Object)
UnityEngine.Logger:Log(LogType, Object)
UnityEngine.Debug:Log(Object)
<WaitThenSetFrame>d__26:MoveNext()
UnityEngine.SetupCoroutine:InvokeMoveNext(IEnumerator, IntPtr)

Not a valid word
UnityEngine.DebugLogHandler:Internal_Log(LogType, LogOption, String, Object)
UnityEngine.Logger:Log(LogType, Object)
UnityEngine.Debug:Log(Object)
PlayerWordleSystem:Wrong(String)
WordleSystem:OnInvalidGuessClientRpc(FixedString512Bytes)
WordleSystem:__rpc_handler_2238122202(NetworkBehaviour, FastBufferReader, __RpcParams)
Unity.Netcode.RpcMessageHelpers:Handle(NetworkContext&, RpcMetadata&, FastBufferReader&, __RpcParams&)
Unity.Netcode.ClientRpcMessage:Handle(NetworkContext&)
Unity.Netcode.MessagingSystem:ReceiveMessage(FastBufferReader, NetworkContext&, MessagingSystem)
Unity.Netcode.MessagingSystem:HandleMessage(MessageHeader&, FastBufferReader, UInt64, Single, Int32)
Unity.Netcode.MessagingSystem:ProcessIncomingMessageQueue()
Unity.Netcode.NetworkManager:NetworkUpdate(NetworkUpdateStage)
Unity.Netcode.NetworkUpdateLoop:RunNetworkUpdateStage(NetworkUpdateStage)

Zap is not being watched: freezing at frame: 20
UnityEngine.DebugLogHandler:Internal_Log(LogType, LogOption, String, Object)
UnityEngine.Logger:Log(LogType, Object)
UnityEngine.Debug:Log(Object)
<WaitThenSetFrame>d__26:MoveNext()
UnityEngine.SetupCoroutine:InvokeMoveNext(IEnumerator, IntPtr)

Zap is not being watched: freezing at frame: 45
UnityEngine.DebugLogHandler:Internal_Log(LogType, LogOption, String, Object)
UnityEngine.Logger:Log(LogType, Object)
UnityEngine.Debug:Log(Object)
<WaitThenSetFrame>d__26:MoveNext()
UnityEngine.SetupCoroutine:InvokeMoveNext(IEnumerator, IntPtr)

Zap is not being watched: freezing at frame: 45
UnityEngine.DebugLogHandler:Internal_Log(LogType, LogOption, String, Object)
UnityEngine.Logger:Log(LogType, Object)
UnityEngine.Debug:Log(Object)
<WaitThenSetFrame>d__26:MoveNext()
UnityEngine.SetupCoroutine:InvokeMoveNext(IEnumerator, IntPtr)

Zap is not being watched: freezing at frame: 45
UnityEngine.DebugLogHandler:Internal_Log(LogType, LogOption, String, Object)
UnityEngine.Logger:Log(LogType, Object)
UnityEngine.Debug:Log(Object)
<WaitThenSetFrame>d__26:MoveNext()
UnityEngine.SetupCoroutine:InvokeMoveNext(IEnumerator, IntPtr)

Zap is not being watched: freezing at frame: 20
UnityEngine.DebugLogHandler:Internal_Log(LogType, LogOption, String, Object)
UnityEngine.Logger:Log(LogType, Object)
UnityEngine.Debug:Log(Object)
<WaitThenSetFrame>d__26:MoveNext()
UnityEngine.SetupCoroutine:InvokeMoveNext(IEnumerator, IntPtr)

Guess must contain 'A'
UnityEngine.DebugLogHandler:Internal_Log(LogType, LogOption, String, Object)
UnityEngine.Logger:Log(LogType, Object)
UnityEngine.Debug:Log(Object)
PlayerWordleSystem:Wrong(String)
WordleSystem:OnInvalidGuessClientRpc(FixedString512Bytes)
WordleSystem:__rpc_handler_2238122202(NetworkBehaviour, FastBufferReader, __RpcParams)
Unity.Netcode.RpcMessageHelpers:Handle(NetworkContext&, RpcMetadata&, FastBufferReader&, __RpcParams&)
Unity.Netcode.ClientRpcMessage:Handle(NetworkContext&)
Unity.Netcode.MessagingSystem:ReceiveMessage(FastBufferReader, NetworkContext&, MessagingSystem)
Unity.Netcode.MessagingSystem:HandleMessage(MessageHeader&, FastBufferReader, UInt64, Single, Int32)
Unity.Netcode.MessagingSystem:ProcessIncomingMessageQueue()
Unity.Netcode.NetworkManager:NetworkUpdate(NetworkUpdateStage)
Unity.Netcode.NetworkUpdateLoop:RunNetworkUpdateStage(NetworkUpdateStage)

Zap is not being watched: freezing at frame: 10
UnityEngine.DebugLogHandler:Internal_Log(LogType, LogOption, String, Object)
UnityEngine.Logger:Log(LogType, Object)
UnityEngine.Debug:Log(Object)
<WaitThenSetFrame>d__26:MoveNext()
UnityEngine.SetupCoroutine:InvokeMoveNext(IEnumerator, IntPtr)

Zap is not being watched: freezing at frame: 15
UnityEngine.DebugLogHandler:Internal_Log(LogType, LogOption, String, Object)
UnityEngine.Logger:Log(LogType, Object)
UnityEngine.Debug:Log(Object)
<WaitThenSetFrame>d__26:MoveNext()
UnityEngine.SetupCoroutine:InvokeMoveNext(IEnumerator, IntPtr)

Zap is not being watched: freezing at frame: 15
UnityEngine.DebugLogHandler:Internal_Log(LogType, LogOption, String, Object)
UnityEngine.Logger:Log(LogType, Object)
UnityEngine.Debug:Log(Object)
<WaitThenSetFrame>d__26:MoveNext()
UnityEngine.SetupCoroutine:InvokeMoveNext(IEnumerator, IntPtr)

Zap is not being watched: freezing at frame: 20
UnityEngine.DebugLogHandler:Internal_Log(LogType, LogOption, String, Object)
UnityEngine.Logger:Log(LogType, Object)
UnityEngine.Debug:Log(Object)
<WaitThenSetFrame>d__26:MoveNext()
UnityEngine.SetupCoroutine:InvokeMoveNext(IEnumerator, IntPtr)

Zap is not being watched: freezing at frame: 20
UnityEngine.DebugLogHandler:Internal_Log(LogType, LogOption, String, Object)
UnityEngine.Logger:Log(LogType, Object)
UnityEngine.Debug:Log(Object)
<WaitThenSetFrame>d__26:MoveNext()
UnityEngine.SetupCoroutine:InvokeMoveNext(IEnumerator, IntPtr)

Zap is not being watched: freezing at frame: 5
UnityEngine.DebugLogHandler:Internal_Log(LogType, LogOption, String, Object)
UnityEngine.Logger:Log(LogType, Object)
UnityEngine.Debug:Log(Object)
<WaitThenSetFrame>d__26:MoveNext()
UnityEngine.SetupCoroutine:InvokeMoveNext(IEnumerator, IntPtr)

4 to 0.32
UnityEngine.DebugLogHandler:Internal_Log(LogType, LogOption, String, Object)
UnityEngine.Logger:Log(LogType, Object)
UnityEngine.Debug:Log(Object)
Freddy:HandleMovementAudio(Boolean)
Animatronic:SetNodeClientRpc(Int32, Boolean, Boolean)
Animatronic:__rpc_handler_1908766251(NetworkBehaviour, FastBufferReader, __RpcParams)
Unity.Netcode.RpcMessageHelpers:Handle(NetworkContext&, RpcMetadata&, FastBufferReader&, __RpcParams&)
Unity.Netcode.ClientRpcMessage:Handle(NetworkContext&)
Unity.Netcode.MessagingSystem:ReceiveMessage(FastBufferReader, NetworkContext&, MessagingSystem)
Unity.Netcode.MessagingSystem:HandleMessage(MessageHeader&, FastBufferReader, UInt64, Single, Int32)
Unity.Netcode.MessagingSystem:ProcessIncomingMessageQueue()
Unity.Netcode.NetworkManager:NetworkUpdate(NetworkUpdateStage)
Unity.Netcode.NetworkUpdateLoop:RunNetworkUpdateStage(NetworkUpdateStage)

Zap is not being watched: freezing at frame: 15
UnityEngine.DebugLogHandler:Internal_Log(LogType, LogOption, String, Object)
UnityEngine.Logger:Log(LogType, Object)
UnityEngine.Debug:Log(Object)
<WaitThenSetFrame>d__26:MoveNext()
UnityEngine.SetupCoroutine:InvokeMoveNext(IEnumerator, IntPtr)

Zap is not being watched: freezing at frame: 30
UnityEngine.DebugLogHandler:Internal_Log(LogType, LogOption, String, Object)
UnityEngine.Logger:Log(LogType, Object)
UnityEngine.Debug:Log(Object)
<WaitThenSetFrame>d__26:MoveNext()
UnityEngine.SetupCoroutine:InvokeMoveNext(IEnumerator, IntPtr)

Zap is not being watched: freezing at frame: 25
UnityEngine.DebugLogHandler:Internal_Log(LogType, LogOption, String, Object)
UnityEngine.Logger:Log(LogType, Object)
UnityEngine.Debug:Log(Object)
<WaitThenSetFrame>d__26:MoveNext()
UnityEngine.SetupCoroutine:InvokeMoveNext(IEnumerator, IntPtr)

Joined channel: QK8CNJ_GameChat
UnityEngine.DebugLogHandler:Internal_Log(LogType, LogOption, String, Object)
UnityEngine.Logger:Log(LogType, Object)
UnityEngine.Debug:Log(Object)
<SetActiveAudioChannel>d__27:MoveNext()
System.Threading.ExecutionContext:RunInternal(ExecutionContext, ContextCallback, Object, Boolean)
System.Runtime.CompilerServices.MoveNextRunner:Run()
System.Threading.Tasks.AwaitTaskContinuation:RunCallback(ContextCallback, Object, Task&)
System.Threading.Tasks.SynchronizationContextAwaitTaskContinuation:Run(Task, Boolean)
System.Threading.Tasks.Task:FinishContinuations()
System.Threading.Tasks.Task`1:TrySetResult(TResult)
System.Runtime.CompilerServices.AsyncTaskMethodBuilder`1:SetResult(TResult)
Unity.Services.Vivox.<JoinGroupChannelAsync>d__199:MoveNext()
System.Threading.ExecutionContext:RunInternal(ExecutionContext, ContextCallback, Object, Boolean)
System.Runtime.CompilerServices.MoveNextRunner:Run()
System.Threading.Tasks.AwaitTaskContinuation:RunCallback(ContextCallback, Object, Task&)
System.Threading.Tasks.SynchronizationContextAwaitTaskContinuation:Run(Task, Boolean)
System.Threading.Tasks.Task:FinishContinuations()
System.Threading.Tasks.Task`1:TrySetResult(TResult)
System.Runtime.CompilerServices.AsyncTaskMethodBuilder`1:SetResult(TResult)
Unity.Services.Vivox.<JoinChannelAsync>d__202:MoveNext()
System.Threading.ExecutionContext:RunInternal(ExecutionContext, ContextCallback, Object, Boolean)
System.Runtime.CompilerServices.MoveNextRunner:Run()
System.Threading.Tasks.AwaitTaskContinuation:RunCallback(ContextCallback, Object, Task&)
System.Threading.Tasks.SynchronizationContextAwaitTaskContinuation:Run(Task, Boolean)
System.Threading.Tasks.Task:FinishContinuations()
System.Threading.Tasks.Task`1:TrySetResult(TResult)
System.Runtime.CompilerServices.AsyncTaskMethodBuilder`1:SetResult(TResult)
Unity.Services.Vivox.<ConnectAsync>d__45:MoveNext()
System.Threading.ExecutionContext:RunInternal(ExecutionContext, ContextCallback, Object, Boolean)
System.Runtime.CompilerServices.MoveNextRunner:Run()
System.Threading.Tasks.AwaitTaskContinuation:RunCallback(ContextCallback, Object, Task&)
System.Threading.Tasks.SynchronizationContextAwaitTaskContinuation:Run(Task, Boolean)
System.Threading.Tasks.Task:FinishContinuations()
System.Threading.Tasks.Task`1:TrySetResult(TResult)
System.Threading.Tasks.TaskCompletionSource`1:TrySetResult(TResult)
Unity.Services.Vivox.ChannelSession:CheckSessionConnection()
Unity.Services.Vivox.ChannelSession:HandleParticipantAdded(vx_evt_base_t)
Unity.Services.Vivox.VxClient:InstanceOnMainLoopRun(Boolean&)
Unity.Services.Vivox.Client:RunOnce()
Unity.Services.Vivox.<VivoxUnityRun>d__7:MoveNext()
UnityEngine.SetupCoroutine:InvokeMoveNext(IEnumerator, IntPtr)

Zap is not being watched: freezing at frame: 5
UnityEngine.DebugLogHandler:Internal_Log(LogType, LogOption, String, Object)
UnityEngine.Logger:Log(LogType, Object)
UnityEngine.Debug:Log(Object)
<WaitThenSetFrame>d__26:MoveNext()
UnityEngine.SetupCoroutine:InvokeMoveNext(IEnumerator, IntPtr)

Zap is not being watched: freezing at frame: 10
UnityEngine.DebugLogHandler:Internal_Log(LogType, LogOption, String, Object)
UnityEngine.Logger:Log(LogType, Object)
UnityEngine.Debug:Log(Object)
<WaitThenSetFrame>d__26:MoveNext()
UnityEngine.SetupCoroutine:InvokeMoveNext(IEnumerator, IntPtr)

Waves Cleared. Ready for Reinitialization.
UnityEngine.DebugLogHandler:Internal_Log(LogType, LogOption, String, Object)
UnityEngine.Logger:Log(LogType, Object)
UnityEngine.Debug:Log(Object)
WaveAlignmentMinigame:InitialiseMinigame(Boolean)
<PlayMinigame>d__10:MoveNext()
UnityEngine.SetupCoroutine:InvokeMoveNext(IEnumerator, IntPtr)
Maintenance:<Initialise>b__25_1()
UnityEngine.Events.InvokableCall:Invoke(Object[])
UnityEngine.Events.UnityEvent:Invoke()
UnityEngine.EventSystems.ExecuteEvents:Execute(GameObject, BaseEventData, EventFunction`1)
UnityEngine.InputSystem.UI.InputSystemUIInputModule:ProcessPointerButton(ButtonState&, PointerEventData)
UnityEngine.InputSystem.UI.InputSystemUIInputModule:ProcessPointer(PointerModel&)
UnityEngine.InputSystem.UI.InputSystemUIInputModule:Process()
UnityEngine.EventSystems.EventSystem:Update()

New Target Wave: Amp=240.00, Freq=3.70, Speed=0.58
UnityEngine.DebugLogHandler:Internal_Log(LogType, LogOption, String, Object)
UnityEngine.Logger:Log(LogType, Object)
UnityEngine.Debug:Log(Object)
WaveAlignmentMinigame:SetRandomTargetValues()
WaveAlignmentMinigame:InitialiseMinigame(Boolean)
<PlayMinigame>d__10:MoveNext()
UnityEngine.SetupCoroutine:InvokeMoveNext(IEnumerator, IntPtr)
Maintenance:<Initialise>b__25_1()
UnityEngine.Events.InvokableCall:Invoke(Object[])
UnityEngine.Events.UnityEvent:Invoke()
UnityEngine.EventSystems.ExecuteEvents:Execute(GameObject, BaseEventData, EventFunction`1)
UnityEngine.InputSystem.UI.InputSystemUIInputModule:ProcessPointerButton(ButtonState&, PointerEventData)
UnityEngine.InputSystem.UI.InputSystemUIInputModule:ProcessPointer(PointerModel&)
UnityEngine.InputSystem.UI.InputSystemUIInputModule:Process()
UnityEngine.EventSystems.EventSystem:Update()

Minigame Restarted with new target values.
UnityEngine.DebugLogHandler:Internal_Log(LogType, LogOption, String, Object)
UnityEngine.Logger:Log(LogType, Object)
UnityEngine.Debug:Log(Object)
<PlayMinigame>d__10:MoveNext()
UnityEngine.SetupCoroutine:InvokeMoveNext(IEnumerator, IntPtr)
Maintenance:<Initialise>b__25_1()
UnityEngine.Events.InvokableCall:Invoke(Object[])
UnityEngine.Events.UnityEvent:Invoke()
UnityEngine.EventSystems.ExecuteEvents:Execute(GameObject, BaseEventData, EventFunction`1)
UnityEngine.InputSystem.UI.InputSystemUIInputModule:ProcessPointerButton(ButtonState&, PointerEventData)
UnityEngine.InputSystem.UI.InputSystemUIInputModule:ProcessPointer(PointerModel&)
UnityEngine.InputSystem.UI.InputSystemUIInputModule:Process()
UnityEngine.EventSystems.EventSystem:Update()

4 to 0.32
UnityEngine.DebugLogHandler:Internal_Log(LogType, LogOption, String, Object)
UnityEngine.Logger:Log(LogType, Object)
UnityEngine.Debug:Log(Object)
Freddy:HandleMovementAudio(Boolean)
Animatronic:SetNodeClientRpc(Int32, Boolean, Boolean)
Animatronic:__rpc_handler_1908766251(NetworkBehaviour, FastBufferReader, __RpcParams)
Unity.Netcode.RpcMessageHelpers:Handle(NetworkContext&, RpcMetadata&, FastBufferReader&, __RpcParams&)
Unity.Netcode.ClientRpcMessage:Handle(NetworkContext&)
Unity.Netcode.MessagingSystem:ReceiveMessage(FastBufferReader, NetworkContext&, MessagingSystem)
Unity.Netcode.MessagingSystem:HandleMessage(MessageHeader&, FastBufferReader, UInt64, Single, Int32)
Unity.Netcode.MessagingSystem:ProcessIncomingMessageQueue()
Unity.Netcode.NetworkManager:NetworkUpdate(NetworkUpdateStage)
Unity.Netcode.NetworkUpdateLoop:RunNetworkUpdateStage(NetworkUpdateStage)

Zap is not being watched: freezing at frame: 20
UnityEngine.DebugLogHandler:Internal_Log(LogType, LogOption, String, Object)
UnityEngine.Logger:Log(LogType, Object)
UnityEngine.Debug:Log(Object)
<WaitThenSetFrame>d__26:MoveNext()
UnityEngine.SetupCoroutine:InvokeMoveNext(IEnumerator, IntPtr)

Zap is not being watched: freezing at frame: 35
UnityEngine.DebugLogHandler:Internal_Log(LogType, LogOption, String, Object)
UnityEngine.Logger:Log(LogType, Object)
UnityEngine.Debug:Log(Object)
<WaitThenSetFrame>d__26:MoveNext()
UnityEngine.SetupCoroutine:InvokeMoveNext(IEnumerator, IntPtr)

Zap is not being watched: freezing at frame: 5
UnityEngine.DebugLogHandler:Internal_Log(LogType, LogOption, String, Object)
UnityEngine.Logger:Log(LogType, Object)
UnityEngine.Debug:Log(Object)
<WaitThenSetFrame>d__26:MoveNext()
UnityEngine.SetupCoroutine:InvokeMoveNext(IEnumerator, IntPtr)

Waves Cleared. Ready for Reinitialization.
UnityEngine.DebugLogHandler:Internal_Log(LogType, LogOption, String, Object)
UnityEngine.Logger:Log(LogType, Object)
UnityEngine.Debug:Log(Object)
WaveAlignmentMinigame:InitialiseMinigame(Boolean)
<PlayMinigame>d__10:MoveNext()
UnityEngine.SetupCoroutine:InvokeMoveNext(IEnumerator, IntPtr)
Maintenance:<Initialise>b__25_4()
UnityEngine.Events.InvokableCall:Invoke(Object[])
UnityEngine.Events.UnityEvent:Invoke()
UnityEngine.EventSystems.ExecuteEvents:Execute(GameObject, BaseEventData, EventFunction`1)
UnityEngine.InputSystem.UI.InputSystemUIInputModule:ProcessPointerButton(ButtonState&, PointerEventData)
UnityEngine.InputSystem.UI.InputSystemUIInputModule:ProcessPointer(PointerModel&)
UnityEngine.InputSystem.UI.InputSystemUIInputModule:Process()
UnityEngine.EventSystems.EventSystem:Update()

New Target Wave: Amp=190.00, Freq=1.80, Speed=0.58
UnityEngine.DebugLogHandler:Internal_Log(LogType, LogOption, String, Object)
UnityEngine.Logger:Log(LogType, Object)
UnityEngine.Debug:Log(Object)
WaveAlignmentMinigame:SetRandomTargetValues()
WaveAlignmentMinigame:InitialiseMinigame(Boolean)
<PlayMinigame>d__10:MoveNext()
UnityEngine.SetupCoroutine:InvokeMoveNext(IEnumerator, IntPtr)
Maintenance:<Initialise>b__25_4()
UnityEngine.Events.InvokableCall:Invoke(Object[])
UnityEngine.Events.UnityEvent:Invoke()
UnityEngine.EventSystems.ExecuteEvents:Execute(GameObject, BaseEventData, EventFunction`1)
UnityEngine.InputSystem.UI.InputSystemUIInputModule:ProcessPointerButton(ButtonState&, PointerEventData)
UnityEngine.InputSystem.UI.InputSystemUIInputModule:ProcessPointer(PointerModel&)
UnityEngine.InputSystem.UI.InputSystemUIInputModule:Process()
UnityEngine.EventSystems.EventSystem:Update()

Minigame Restarted with new target values.
UnityEngine.DebugLogHandler:Internal_Log(LogType, LogOption, String, Object)
UnityEngine.Logger:Log(LogType, Object)
UnityEngine.Debug:Log(Object)
<PlayMinigame>d__10:MoveNext()
UnityEngine.SetupCoroutine:InvokeMoveNext(IEnumerator, IntPtr)
Maintenance:<Initialise>b__25_4()
UnityEngine.Events.InvokableCall:Invoke(Object[])
UnityEngine.Events.UnityEvent:Invoke()
UnityEngine.EventSystems.ExecuteEvents:Execute(GameObject, BaseEventData, EventFunction`1)
UnityEngine.InputSystem.UI.InputSystemUIInputModule:ProcessPointerButton(ButtonState&, PointerEventData)
UnityEngine.InputSystem.UI.InputSystemUIInputModule:ProcessPointer(PointerModel&)
UnityEngine.InputSystem.UI.InputSystemUIInputModule:Process()
UnityEngine.EventSystems.EventSystem:Update()

Zap is not being watched: freezing at frame: 10
UnityEngine.DebugLogHandler:Internal_Log(LogType, LogOption, String, Object)
UnityEngine.Logger:Log(LogType, Object)
UnityEngine.Debug:Log(Object)
<WaitThenSetFrame>d__26:MoveNext()
UnityEngine.SetupCoroutine:InvokeMoveNext(IEnumerator, IntPtr)

Zap is not being watched: freezing at frame: 45
UnityEngine.DebugLogHandler:Internal_Log(LogType, LogOption, String, Object)
UnityEngine.Logger:Log(LogType, Object)
UnityEngine.Debug:Log(Object)
<WaitThenSetFrame>d__26:MoveNext()
UnityEngine.SetupCoroutine:InvokeMoveNext(IEnumerator, IntPtr)

Joined channel: QK8CNJ_LobbyChat
UnityEngine.DebugLogHandler:Internal_Log(LogType, LogOption, String, Object)
UnityEngine.Logger:Log(LogType, Object)
UnityEngine.Debug:Log(Object)
<SetActiveAudioChannel>d__27:MoveNext()
System.Threading.ExecutionContext:RunInternal(ExecutionContext, ContextCallback, Object, Boolean)
System.Runtime.CompilerServices.MoveNextRunner:Run()
System.Threading.Tasks.AwaitTaskContinuation:RunCallback(ContextCallback, Object, Task&)
System.Threading.Tasks.SynchronizationContextAwaitTaskContinuation:Run(Task, Boolean)
System.Threading.Tasks.Task:FinishContinuations()
System.Threading.Tasks.Task`1:TrySetResult(TResult)
System.Runtime.CompilerServices.AsyncTaskMethodBuilder`1:SetResult(TResult)
Unity.Services.Vivox.<JoinGroupChannelAsync>d__199:MoveNext()
System.Threading.ExecutionContext:RunInternal(ExecutionContext, ContextCallback, Object, Boolean)
System.Runtime.CompilerServices.MoveNextRunner:Run()
System.Threading.Tasks.AwaitTaskContinuation:RunCallback(ContextCallback, Object, Task&)
System.Threading.Tasks.SynchronizationContextAwaitTaskContinuation:Run(Task, Boolean)
System.Threading.Tasks.Task:FinishContinuations()
System.Threading.Tasks.Task`1:TrySetResult(TResult)
System.Runtime.CompilerServices.AsyncTaskMethodBuilder`1:SetResult(TResult)
Unity.Services.Vivox.<JoinChannelAsync>d__202:MoveNext()
System.Threading.ExecutionContext:RunInternal(ExecutionContext, ContextCallback, Object, Boolean)
System.Runtime.CompilerServices.MoveNextRunner:Run()
System.Threading.Tasks.AwaitTaskContinuation:RunCallback(ContextCallback, Object, Task&)
System.Threading.Tasks.SynchronizationContextAwaitTaskContinuation:Run(Task, Boolean)
System.Threading.Tasks.Task:FinishContinuations()
System.Threading.Tasks.Task`1:TrySetResult(TResult)
System.Runtime.CompilerServices.AsyncTaskMethodBuilder`1:SetResult(TResult)
Unity.Services.Vivox.<ConnectAsync>d__45:MoveNext()
System.Threading.ExecutionContext:RunInternal(ExecutionContext, ContextCallback, Object, Boolean)
System.Runtime.CompilerServices.MoveNextRunner:Run()
System.Threading.Tasks.AwaitTaskContinuation:RunCallback(ContextCallback, Object, Task&)
System.Threading.Tasks.SynchronizationContextAwaitTaskContinuation:Run(Task, Boolean)
System.Threading.Tasks.Task:FinishContinuations()
System.Threading.Tasks.Task`1:TrySetResult(TResult)
System.Threading.Tasks.TaskCompletionSource`1:TrySetResult(TResult)
Unity.Services.Vivox.ChannelSession:CheckSessionConnection()
Unity.Services.Vivox.ChannelSession:HandleParticipantAdded(vx_evt_base_t)
Unity.Services.Vivox.VxClient:InstanceOnMainLoopRun(Boolean&)
Unity.Services.Vivox.Client:RunOnce()
Unity.Services.Vivox.<VivoxUnityRun>d__7:MoveNext()
UnityEngine.SetupCoroutine:InvokeMoveNext(IEnumerator, IntPtr)

Unloading 6 Unused Serialized files (Serialized files now loaded: 0)
UnloadTime: 7.046700 ms
Unloading 494 unused Assets to reduce memory usage. Loaded Objects now: 6173.
Total: 131.136000 ms (FindLiveObjects: 0.540000 ms CreateObjectMapping: 0.248300 ms MarkObjects: 128.637700 ms  DeleteObjects: 1.708900 ms)

Unloading 5 Unused Serialized files (Serialized files now loaded: 0)
UnloadTime: 4.947200 ms
WindowsVideoMedia error 0xc00d36bb while reading Z:/home/evan/dwn/fnaf-online-0.9.52-alpha/FNAF Online_Data/sharedassets3.resource

Context: CreateObjectFromByteStream
Error details: Unexpected error.

Track types:
WindowsVideoMedia error 0xc00d36bb while reading Z:/home/evan/dwn/fnaf-online-0.9.52-alpha/FNAF Online_Data/sharedassets3.resource

Context: CreateObjectFromByteStream
Error details: Unexpected error.

Track types:
Unloading 57 unused Assets to reduce memory usage. Loaded Objects now: 25570.
Total: 80.842100 ms (FindLiveObjects: 1.746400 ms CreateObjectMapping: 0.278700 ms MarkObjects: 78.620700 ms  DeleteObjects: 0.195300 ms)

Joined channel: PrivateChat_aec20e60
UnityEngine.DebugLogHandler:Internal_Log(LogType, LogOption, String, Object)
UnityEngine.Logger:Log(LogType, Object)
UnityEngine.Debug:Log(Object)
<SetActiveAudioChannel>d__27:MoveNext()
System.Threading.ExecutionContext:RunInternal(ExecutionContext, ContextCallback, Object, Boolean)
System.Runtime.CompilerServices.MoveNextRunner:Run()
System.Threading.Tasks.AwaitTaskContinuation:RunCallback(ContextCallback, Object, Task&)
System.Threading.Tasks.SynchronizationContextAwaitTaskContinuation:Run(Task, Boolean)
System.Threading.Tasks.Task:FinishContinuations()
System.Threading.Tasks.Task`1:TrySetResult(TResult)
System.Runtime.CompilerServices.AsyncTaskMethodBuilder`1:SetResult(TResult)
Unity.Services.Vivox.<JoinGroupChannelAsync>d__199:MoveNext()
System.Threading.ExecutionContext:RunInternal(ExecutionContext, ContextCallback, Object, Boolean)
System.Runtime.CompilerServices.MoveNextRunner:Run()
System.Threading.Tasks.AwaitTaskContinuation:RunCallback(ContextCallback, Object, Task&)
System.Threading.Tasks.SynchronizationContextAwaitTaskContinuation:Run(Task, Boolean)
System.Threading.Tasks.Task:FinishContinuations()
System.Threading.Tasks.Task`1:TrySetResult(TResult)
System.Runtime.CompilerServices.AsyncTaskMethodBuilder`1:SetResult(TResult)
Unity.Services.Vivox.<JoinChannelAsync>d__202:MoveNext()
System.Threading.ExecutionContext:RunInternal(ExecutionContext, ContextCallback, Object, Boolean)
System.Runtime.CompilerServices.MoveNextRunner:Run()
System.Threading.Tasks.AwaitTaskContinuation:RunCallback(ContextCallback, Object, Task&)
System.Threading.Tasks.SynchronizationContextAwaitTaskContinuation:Run(Task, Boolean)
System.Threading.Tasks.Task:FinishContinuations()
System.Threading.Tasks.Task`1:TrySetResult(TResult)
System.Runtime.CompilerServices.AsyncTaskMethodBuilder`1:SetResult(TResult)
Unity.Services.Vivox.<ConnectAsync>d__45:MoveNext()
System.Threading.ExecutionContext:RunInternal(ExecutionContext, ContextCallback, Object, Boolean)
System.Runtime.CompilerServices.MoveNextRunner:Run()
System.Threading.Tasks.AwaitTaskContinuation:RunCallback(ContextCallback, Object, Task&)
System.Threading.Tasks.SynchronizationContextAwaitTaskContinuation:Run(Task, Boolean)
System.Threading.Tasks.Task:FinishContinuations()
System.Threading.Tasks.Task`1:TrySetResult(TResult)
System.Threading.Tasks.TaskCompletionSource`1:TrySetResult(TResult)
Unity.Services.Vivox.ChannelSession:CheckSessionConnection()
Unity.Services.Vivox.ChannelSession:HandleParticipantAdded(vx_evt_base_t)
Unity.Services.Vivox.VxClient:InstanceOnMainLoopRun(Boolean&)
Unity.Services.Vivox.Client:RunOnce()
Unity.Services.Vivox.<VivoxUnityRun>d__7:MoveNext()
UnityEngine.SetupCoroutine:InvokeMoveNext(IEnumerator, IntPtr)

Zap is not being watched: freezing at frame: 0
UnityEngine.DebugLogHandler:Internal_Log(LogType, LogOption, String, Object)
UnityEngine.Logger:Log(LogType, Object)
UnityEngine.Debug:Log(Object)
<WaitThenSetFrame>d__26:MoveNext()
UnityEngine.SetupCoroutine:InvokeMoveNext(IEnumerator, IntPtr)

4 to 0.32
UnityEngine.DebugLogHandler:Internal_Log(LogType, LogOption, String, Object)
UnityEngine.Logger:Log(LogType, Object)
UnityEngine.Debug:Log(Object)
Freddy:HandleMovementAudio(Boolean)
Animatronic:SetNodeClientRpc(Int32, Boolean, Boolean)
Animatronic:__rpc_handler_1908766251(NetworkBehaviour, FastBufferReader, __RpcParams)
Unity.Netcode.RpcMessageHelpers:Handle(NetworkContext&, RpcMetadata&, FastBufferReader&, __RpcParams&)
Unity.Netcode.ClientRpcMessage:Handle(NetworkContext&)
Unity.Netcode.MessagingSystem:ReceiveMessage(FastBufferReader, NetworkContext&, MessagingSystem)
Unity.Netcode.MessagingSystem:HandleMessage(MessageHeader&, FastBufferReader, UInt64, Single, Int32)
Unity.Netcode.MessagingSystem:ProcessIncomingMessageQueue()
Unity.Netcode.NetworkManager:NetworkUpdate(NetworkUpdateStage)
Unity.Netcode.NetworkUpdateLoop:RunNetworkUpdateStage(NetworkUpdateStage)

3 to 0.5
UnityEngine.DebugLogHandler:Internal_Log(LogType, LogOption, String, Object)
UnityEngine.Logger:Log(LogType, Object)
UnityEngine.Debug:Log(Object)
Freddy:HandleMovementAudio(Boolean)
Animatronic:SetNodeClientRpc(Int32, Boolean, Boolean)
Animatronic:__rpc_handler_1908766251(NetworkBehaviour, FastBufferReader, __RpcParams)
Unity.Netcode.RpcMessageHelpers:Handle(NetworkContext&, RpcMetadata&, FastBufferReader&, __RpcParams&)
Unity.Netcode.ClientRpcMessage:Handle(NetworkContext&)
Unity.Netcode.MessagingSystem:ReceiveMessage(FastBufferReader, NetworkContext&, MessagingSystem)
Unity.Netcode.MessagingSystem:HandleMessage(MessageHeader&, FastBufferReader, UInt64, Single, Int32)
Unity.Netcode.MessagingSystem:ProcessIncomingMessageQueue()
Unity.Netcode.NetworkManager:NetworkUpdate(NetworkUpdateStage)
Unity.Netcode.NetworkUpdateLoop:RunNetworkUpdateStage(NetworkUpdateStage)

2 to 0.72
UnityEngine.DebugLogHandler:Internal_Log(LogType, LogOption, String, Object)
UnityEngine.Logger:Log(LogType, Object)
UnityEngine.Debug:Log(Object)
Freddy:HandleMovementAudio(Boolean)
Animatronic:SetNodeClientRpc(Int32, Boolean, Boolean)
Animatronic:__rpc_handler_1908766251(NetworkBehaviour, FastBufferReader, __RpcParams)
Unity.Netcode.RpcMessageHelpers:Handle(NetworkContext&, RpcMetadata&, FastBufferReader&, __RpcParams&)
Unity.Netcode.ClientRpcMessage:Handle(NetworkContext&)
Unity.Netcode.MessagingSystem:ReceiveMessage(FastBufferReader, NetworkContext&, MessagingSystem)
Unity.Netcode.MessagingSystem:HandleMessage(MessageHeader&, FastBufferReader, UInt64, Single, Int32)
Unity.Netcode.MessagingSystem:ProcessIncomingMessageQueue()
Unity.Netcode.NetworkManager:NetworkUpdate(NetworkUpdateStage)
Unity.Netcode.NetworkUpdateLoop:RunNetworkUpdateStage(NetworkUpdateStage)

Joined channel: QK8CNJ_LobbyChat
UnityEngine.DebugLogHandler:Internal_Log(LogType, LogOption, String, Object)
UnityEngine.Logger:Log(LogType, Object)
UnityEngine.Debug:Log(Object)
<SetActiveAudioChannel>d__27:MoveNext()
System.Threading.ExecutionContext:RunInternal(ExecutionContext, ContextCallback, Object, Boolean)
System.Runtime.CompilerServices.MoveNextRunner:Run()
System.Threading.Tasks.AwaitTaskContinuation:RunCallback(ContextCallback, Object, Task&)
System.Threading.Tasks.SynchronizationContextAwaitTaskContinuation:Run(Task, Boolean)
System.Threading.Tasks.Task:FinishContinuations()
System.Threading.Tasks.Task`1:TrySetResult(TResult)
System.Runtime.CompilerServices.AsyncTaskMethodBuilder`1:SetResult(TResult)
Unity.Services.Vivox.<JoinGroupChannelAsync>d__199:MoveNext()
System.Threading.ExecutionContext:RunInternal(ExecutionContext, ContextCallback, Object, Boolean)
System.Runtime.CompilerServices.MoveNextRunner:Run()
System.Threading.Tasks.AwaitTaskContinuation:RunCallback(ContextCallback, Object, Task&)
System.Threading.Tasks.SynchronizationContextAwaitTaskContinuation:Run(Task, Boolean)
System.Threading.Tasks.Task:FinishContinuations()
System.Threading.Tasks.Task`1:TrySetResult(TResult)
System.Runtime.CompilerServices.AsyncTaskMethodBuilder`1:SetResult(TResult)
Unity.Services.Vivox.<JoinChannelAsync>d__202:MoveNext()
System.Threading.ExecutionContext:RunInternal(ExecutionContext, ContextCallback, Object, Boolean)
System.Runtime.CompilerServices.MoveNextRunner:Run()
System.Threading.Tasks.AwaitTaskContinuation:RunCallback(ContextCallback, Object, Task&)
System.Threading.Tasks.SynchronizationContextAwaitTaskContinuation:Run(Task, Boolean)
System.Threading.Tasks.Task:FinishContinuations()
System.Threading.Tasks.Task`1:TrySetResult(TResult)
System.Runtime.CompilerServices.AsyncTaskMethodBuilder`1:SetResult(TResult)
Unity.Services.Vivox.<ConnectAsync>d__45:MoveNext()
System.Threading.ExecutionContext:RunInternal(ExecutionContext, ContextCallback, Object, Boolean)
System.Runtime.CompilerServices.MoveNextRunner:Run()
System.Threading.Tasks.AwaitTaskContinuation:RunCallback(ContextCallback, Object, Task&)
System.Threading.Tasks.SynchronizationContextAwaitTaskContinuation:Run(Task, Boolean)
System.Threading.Tasks.Task:FinishContinuations()
System.Threading.Tasks.Task`1:TrySetResult(TResult)
System.Threading.Tasks.TaskCompletionSource`1:TrySetResult(TResult)
Unity.Services.Vivox.ChannelSession:CheckSessionConnection()
Unity.Services.Vivox.ChannelSession:HandleParticipantAdded(vx_evt_base_t)
Unity.Services.Vivox.VxClient:InstanceOnMainLoopRun(Boolean&)
Unity.Services.Vivox.Client:RunOnce()
Unity.Services.Vivox.<VivoxUnityRun>d__7:MoveNext()
UnityEngine.SetupCoroutine:InvokeMoveNext(IEnumerator, IntPtr)

Unloading 6 Unused Serialized files (Serialized files now loaded: 0)
UnloadTime: 4.949100 ms
Unloading 493 unused Assets to reduce memory usage. Loaded Objects now: 6174.
Total: 116.024500 ms (FindLiveObjects: 1.157600 ms CreateObjectMapping: 0.697400 ms MarkObjects: 111.620300 ms  DeleteObjects: 2.547400 ms)

Unloading 5 Unused Serialized files (Serialized files now loaded: 0)
UnloadTime: 7.242100 ms
WindowsVideoMedia error 0xc00d36bb while reading Z:/home/evan/dwn/fnaf-online-0.9.52-alpha/FNAF Online_Data/sharedassets3.resource

Context: CreateObjectFromByteStream
Error details: Unexpected error.

Track types:
WindowsVideoMedia error 0xc00d36bb while reading Z:/home/evan/dwn/fnaf-online-0.9.52-alpha/FNAF Online_Data/sharedassets3.resource

Context: CreateObjectFromByteStream
Error details: Unexpected error.

Track types:
Unloading 58 unused Assets to reduce memory usage. Loaded Objects now: 25570.
Total: 100.825600 ms (FindLiveObjects: 3.047600 ms CreateObjectMapping: 0.438800 ms MarkObjects: 97.113000 ms  DeleteObjects: 0.224800 ms)

Joined channel: PrivateChat_aec20e60
UnityEngine.DebugLogHandler:Internal_Log(LogType, LogOption, String, Object)
UnityEngine.Logger:Log(LogType, Object)
UnityEngine.Debug:Log(Object)
<SetActiveAudioChannel>d__27:MoveNext()
System.Threading.ExecutionContext:RunInternal(ExecutionContext, ContextCallback, Object, Boolean)
System.Runtime.CompilerServices.MoveNextRunner:Run()
System.Threading.Tasks.AwaitTaskContinuation:RunCallback(ContextCallback, Object, Task&)
System.Threading.Tasks.SynchronizationContextAwaitTaskContinuation:Run(Task, Boolean)
System.Threading.Tasks.Task:FinishContinuations()
System.Threading.Tasks.Task`1:TrySetResult(TResult)
System.Runtime.CompilerServices.AsyncTaskMethodBuilder`1:SetResult(TResult)
Unity.Services.Vivox.<JoinGroupChannelAsync>d__199:MoveNext()
System.Threading.ExecutionContext:RunInternal(ExecutionContext, ContextCallback, Object, Boolean)
System.Runtime.CompilerServices.MoveNextRunner:Run()
System.Threading.Tasks.AwaitTaskContinuation:RunCallback(ContextCallback, Object, Task&)
System.Threading.Tasks.SynchronizationContextAwaitTaskContinuation:Run(Task, Boolean)
System.Threading.Tasks.Task:FinishContinuations()
System.Threading.Tasks.Task`1:TrySetResult(TResult)
System.Runtime.CompilerServices.AsyncTaskMethodBuilder`1:SetResult(TResult)
Unity.Services.Vivox.<JoinChannelAsync>d__202:MoveNext()
System.Threading.ExecutionContext:RunInternal(ExecutionContext, ContextCallback, Object, Boolean)
System.Runtime.CompilerServices.MoveNextRunner:Run()
System.Threading.Tasks.AwaitTaskContinuation:RunCallback(ContextCallback, Object, Task&)
System.Threading.Tasks.SynchronizationContextAwaitTaskContinuation:Run(Task, Boolean)
System.Threading.Tasks.Task:FinishContinuations()
System.Threading.Tasks.Task`1:TrySetResult(TResult)
System.Runtime.CompilerServices.AsyncTaskMethodBuilder`1:SetResult(TResult)
Unity.Services.Vivox.<ConnectAsync>d__45:MoveNext()
System.Threading.ExecutionContext:RunInternal(ExecutionContext, ContextCallback, Object, Boolean)
System.Runtime.CompilerServices.MoveNextRunner:Run()
System.Threading.Tasks.AwaitTaskContinuation:RunCallback(ContextCallback, Object, Task&)
System.Threading.Tasks.SynchronizationContextAwaitTaskContinuation:Run(Task, Boolean)
System.Threading.Tasks.Task:FinishContinuations()
System.Threading.Tasks.Task`1:TrySetResult(TResult)
System.Threading.Tasks.TaskCompletionSource`1:TrySetResult(TResult)
Unity.Services.Vivox.ChannelSession:CheckSessionConnection()
Unity.Services.Vivox.ChannelSession:HandleParticipantAdded(vx_evt_base_t)
Unity.Services.Vivox.VxClient:InstanceOnMainLoopRun(Boolean&)
Unity.Services.Vivox.Client:RunOnce()
Unity.Services.Vivox.<VivoxUnityRun>d__7:MoveNext()
UnityEngine.SetupCoroutine:InvokeMoveNext(IEnumerator, IntPtr)

Zap is not being watched: freezing at frame: 0
UnityEngine.DebugLogHandler:Internal_Log(LogType, LogOption, String, Object)
UnityEngine.Logger:Log(LogType, Object)
UnityEngine.Debug:Log(Object)
<WaitThenSetFrame>d__26:MoveNext()
UnityEngine.SetupCoroutine:InvokeMoveNext(IEnumerator, IntPtr)

Zap is not being watched: freezing at frame: 10
UnityEngine.DebugLogHandler:Internal_Log(LogType, LogOption, String, Object)
UnityEngine.Logger:Log(LogType, Object)
UnityEngine.Debug:Log(Object)
<WaitThenSetFrame>d__26:MoveNext()
UnityEngine.SetupCoroutine:InvokeMoveNext(IEnumerator, IntPtr)

Zap is not being watched: freezing at frame: 10
UnityEngine.DebugLogHandler:Internal_Log(LogType, LogOption, String, Object)
UnityEngine.Logger:Log(LogType, Object)
UnityEngine.Debug:Log(Object)
<WaitThenSetFrame>d__26:MoveNext()
UnityEngine.SetupCoroutine:InvokeMoveNext(IEnumerator, IntPtr)

Zap is not being watched: freezing at frame: 30
UnityEngine.DebugLogHandler:Internal_Log(LogType, LogOption, String, Object)
UnityEngine.Logger:Log(LogType, Object)
UnityEngine.Debug:Log(Object)
<WaitThenSetFrame>d__26:MoveNext()
UnityEngine.SetupCoroutine:InvokeMoveNext(IEnumerator, IntPtr)

Zap is not being watched: freezing at frame: 0
UnityEngine.DebugLogHandler:Internal_Log(LogType, LogOption, String, Object)
UnityEngine.Logger:Log(LogType, Object)
UnityEngine.Debug:Log(Object)
<WaitThenSetFrame>d__26:MoveNext()
UnityEngine.SetupCoroutine:InvokeMoveNext(IEnumerator, IntPtr)

Zap is not being watched: freezing at frame: 45
UnityEngine.DebugLogHandler:Internal_Log(LogType, LogOption, String, Object)
UnityEngine.Logger:Log(LogType, Object)
UnityEngine.Debug:Log(Object)
<WaitThenSetFrame>d__26:MoveNext()
UnityEngine.SetupCoroutine:InvokeMoveNext(IEnumerator, IntPtr)

Zap is not being watched: freezing at frame: 20
UnityEngine.DebugLogHandler:Internal_Log(LogType, LogOption, String, Object)
UnityEngine.Logger:Log(LogType, Object)
UnityEngine.Debug:Log(Object)
<WaitThenSetFrame>d__26:MoveNext()
UnityEngine.SetupCoroutine:InvokeMoveNext(IEnumerator, IntPtr)

Zap is not being watched: freezing at frame: 10
UnityEngine.DebugLogHandler:Internal_Log(LogType, LogOption, String, Object)
UnityEngine.Logger:Log(LogType, Object)
UnityEngine.Debug:Log(Object)
<WaitThenSetFrame>d__26:MoveNext()
UnityEngine.SetupCoroutine:InvokeMoveNext(IEnumerator, IntPtr)

Zap is not being watched: freezing at frame: 45
UnityEngine.DebugLogHandler:Internal_Log(LogType, LogOption, String, Object)
UnityEngine.Logger:Log(LogType, Object)
UnityEngine.Debug:Log(Object)
<WaitThenSetFrame>d__26:MoveNext()
UnityEngine.SetupCoroutine:InvokeMoveNext(IEnumerator, IntPtr)

5 to 0.18
UnityEngine.DebugLogHandler:Internal_Log(LogType, LogOption, String, Object)
UnityEngine.Logger:Log(LogType, Object)
UnityEngine.Debug:Log(Object)
Freddy:HandleMovementAudio(Boolean)
Animatronic:SetNodeClientRpc(Int32, Boolean, Boolean)
Animatronic:__rpc_handler_1908766251(NetworkBehaviour, FastBufferReader, __RpcParams)
Unity.Netcode.RpcMessageHelpers:Handle(NetworkContext&, RpcMetadata&, FastBufferReader&, __RpcParams&)
Unity.Netcode.ClientRpcMessage:Handle(NetworkContext&)
Unity.Netcode.MessagingSystem:ReceiveMessage(FastBufferReader, NetworkContext&, MessagingSystem)
Unity.Netcode.MessagingSystem:HandleMessage(MessageHeader&, FastBufferReader, UInt64, Single, Int32)
Unity.Netcode.MessagingSystem:ProcessIncomingMessageQueue()
Unity.Netcode.NetworkManager:NetworkUpdate(NetworkUpdateStage)
Unity.Netcode.NetworkUpdateLoop:RunNetworkUpdateStage(NetworkUpdateStage)

Joined channel: QK8CNJ_GameChat
UnityEngine.DebugLogHandler:Internal_Log(LogType, LogOption, String, Object)
UnityEngine.Logger:Log(LogType, Object)
UnityEngine.Debug:Log(Object)
<SetActiveAudioChannel>d__27:MoveNext()
System.Threading.ExecutionContext:RunInternal(ExecutionContext, ContextCallback, Object, Boolean)
System.Runtime.CompilerServices.MoveNextRunner:Run()
System.Threading.Tasks.AwaitTaskContinuation:RunCallback(ContextCallback, Object, Task&)
System.Threading.Tasks.SynchronizationContextAwaitTaskContinuation:Run(Task, Boolean)
System.Threading.Tasks.Task:FinishContinuations()
System.Threading.Tasks.Task`1:TrySetResult(TResult)
System.Runtime.CompilerServices.AsyncTaskMethodBuilder`1:SetResult(TResult)
Unity.Services.Vivox.<JoinGroupChannelAsync>d__199:MoveNext()
System.Threading.ExecutionContext:RunInternal(ExecutionContext, ContextCallback, Object, Boolean)
System.Runtime.CompilerServices.MoveNextRunner:Run()
System.Threading.Tasks.AwaitTaskContinuation:RunCallback(ContextCallback, Object, Task&)
System.Threading.Tasks.SynchronizationContextAwaitTaskContinuation:Run(Task, Boolean)
System.Threading.Tasks.Task:FinishContinuations()
System.Threading.Tasks.Task`1:TrySetResult(TResult)
System.Runtime.CompilerServices.AsyncTaskMethodBuilder`1:SetResult(TResult)
Unity.Services.Vivox.<JoinChannelAsync>d__202:MoveNext()
System.Threading.ExecutionContext:RunInternal(ExecutionContext, ContextCallback, Object, Boolean)
System.Runtime.CompilerServices.MoveNextRunner:Run()
System.Threading.Tasks.AwaitTaskContinuation:RunCallback(ContextCallback, Object, Task&)
System.Threading.Tasks.SynchronizationContextAwaitTaskContinuation:Run(Task, Boolean)
System.Threading.Tasks.Task:FinishContinuations()
System.Threading.Tasks.Task`1:TrySetResult(TResult)
System.Runtime.CompilerServices.AsyncTaskMethodBuilder`1:SetResult(TResult)
Unity.Services.Vivox.<ConnectAsync>d__45:MoveNext()
System.Threading.ExecutionContext:RunInternal(ExecutionContext, ContextCallback, Object, Boolean)
System.Runtime.CompilerServices.MoveNextRunner:Run()
System.Threading.Tasks.AwaitTaskContinuation:RunCallback(ContextCallback, Object, Task&)
System.Threading.Tasks.SynchronizationContextAwaitTaskContinuation:Run(Task, Boolean)
System.Threading.Tasks.Task:FinishContinuations()
System.Threading.Tasks.Task`1:TrySetResult(TResult)
System.Threading.Tasks.TaskCompletionSource`1:TrySetResult(TResult)
Unity.Services.Vivox.ChannelSession:CheckSessionConnection()
Unity.Services.Vivox.ChannelSession:HandleParticipantAdded(vx_evt_base_t)
Unity.Services.Vivox.VxClient:InstanceOnMainLoopRun(Boolean&)
Unity.Services.Vivox.Client:RunOnce()
Unity.Services.Vivox.<VivoxUnityRun>d__7:MoveNext()
UnityEngine.SetupCoroutine:InvokeMoveNext(IEnumerator, IntPtr)

Zap is not being watched: freezing at frame: 45
UnityEngine.DebugLogHandler:Internal_Log(LogType, LogOption, String, Object)
UnityEngine.Logger:Log(LogType, Object)
UnityEngine.Debug:Log(Object)
<WaitThenSetFrame>d__26:MoveNext()
UnityEngine.SetupCoroutine:InvokeMoveNext(IEnumerator, IntPtr)

Zap is not being watched: freezing at frame: 15
UnityEngine.DebugLogHandler:Internal_Log(LogType, LogOption, String, Object)
UnityEngine.Logger:Log(LogType, Object)
UnityEngine.Debug:Log(Object)
<WaitThenSetFrame>d__26:MoveNext()
UnityEngine.SetupCoroutine:InvokeMoveNext(IEnumerator, IntPtr)

Zap is not being watched: freezing at frame: 25
UnityEngine.DebugLogHandler:Internal_Log(LogType, LogOption, String, Object)
UnityEngine.Logger:Log(LogType, Object)
UnityEngine.Debug:Log(Object)
<WaitThenSetFrame>d__26:MoveNext()
UnityEngine.SetupCoroutine:InvokeMoveNext(IEnumerator, IntPtr)

Zap is not being watched: freezing at frame: 15
UnityEngine.DebugLogHandler:Internal_Log(LogType, LogOption, String, Object)
UnityEngine.Logger:Log(LogType, Object)
UnityEngine.Debug:Log(Object)
<WaitThenSetFrame>d__26:MoveNext()
UnityEngine.SetupCoroutine:InvokeMoveNext(IEnumerator, IntPtr)

4 to 0.32
UnityEngine.DebugLogHandler:Internal_Log(LogType, LogOption, String, Object)
UnityEngine.Logger:Log(LogType, Object)
UnityEngine.Debug:Log(Object)
Freddy:HandleMovementAudio(Boolean)
Animatronic:SetNodeClientRpc(Int32, Boolean, Boolean)
Animatronic:__rpc_handler_1908766251(NetworkBehaviour, FastBufferReader, __RpcParams)
Unity.Netcode.RpcMessageHelpers:Handle(NetworkContext&, RpcMetadata&, FastBufferReader&, __RpcParams&)
Unity.Netcode.ClientRpcMessage:Handle(NetworkContext&)
Unity.Netcode.MessagingSystem:ReceiveMessage(FastBufferReader, NetworkContext&, MessagingSystem)
Unity.Netcode.MessagingSystem:HandleMessage(MessageHeader&, FastBufferReader, UInt64, Single, Int32)
Unity.Netcode.MessagingSystem:ProcessIncomingMessageQueue()
Unity.Netcode.NetworkManager:NetworkUpdate(NetworkUpdateStage)
Unity.Netcode.NetworkUpdateLoop:RunNetworkUpdateStage(NetworkUpdateStage)

Zap is not being watched: freezing at frame: 20
UnityEngine.DebugLogHandler:Internal_Log(LogType, LogOption, String, Object)
UnityEngine.Logger:Log(LogType, Object)
UnityEngine.Debug:Log(Object)
<WaitThenSetFrame>d__26:MoveNext()
UnityEngine.SetupCoroutine:InvokeMoveNext(IEnumerator, IntPtr)

Zap is not being watched: freezing at frame: 15
UnityEngine.DebugLogHandler:Internal_Log(LogType, LogOption, String, Object)
UnityEngine.Logger:Log(LogType, Object)
UnityEngine.Debug:Log(Object)
<WaitThenSetFrame>d__26:MoveNext()
UnityEngine.SetupCoroutine:InvokeMoveNext(IEnumerator, IntPtr)

Zap is not being watched: freezing at frame: 10
UnityEngine.DebugLogHandler:Internal_Log(LogType, LogOption, String, Object)
UnityEngine.Logger:Log(LogType, Object)
UnityEngine.Debug:Log(Object)
<WaitThenSetFrame>d__26:MoveNext()
UnityEngine.SetupCoroutine:InvokeMoveNext(IEnumerator, IntPtr)

Zap is not being watched: freezing at frame: 5
UnityEngine.DebugLogHandler:Internal_Log(LogType, LogOption, String, Object)
UnityEngine.Logger:Log(LogType, Object)
UnityEngine.Debug:Log(Object)
<WaitThenSetFrame>d__26:MoveNext()
UnityEngine.SetupCoroutine:InvokeMoveNext(IEnumerator, IntPtr)

Zap is not being watched: freezing at frame: 5
UnityEngine.DebugLogHandler:Internal_Log(LogType, LogOption, String, Object)
UnityEngine.Logger:Log(LogType, Object)
UnityEngine.Debug:Log(Object)
<WaitThenSetFrame>d__26:MoveNext()
UnityEngine.SetupCoroutine:InvokeMoveNext(IEnumerator, IntPtr)

Zap is not being watched: freezing at frame: 45
UnityEngine.DebugLogHandler:Internal_Log(LogType, LogOption, String, Object)
UnityEngine.Logger:Log(LogType, Object)
UnityEngine.Debug:Log(Object)
<WaitThenSetFrame>d__26:MoveNext()
UnityEngine.SetupCoroutine:InvokeMoveNext(IEnumerator, IntPtr)

Zap is not being watched: freezing at frame: 45
UnityEngine.DebugLogHandler:Internal_Log(LogType, LogOption, String, Object)
UnityEngine.Logger:Log(LogType, Object)
UnityEngine.Debug:Log(Object)
<WaitThenSetFrame>d__26:MoveNext()
UnityEngine.SetupCoroutine:InvokeMoveNext(IEnumerator, IntPtr)

3 to 0.5
UnityEngine.DebugLogHandler:Internal_Log(LogType, LogOption, String, Object)
UnityEngine.Logger:Log(LogType, Object)
UnityEngine.Debug:Log(Object)
Freddy:HandleMovementAudio(Boolean)
Animatronic:SetNodeClientRpc(Int32, Boolean, Boolean)
Animatronic:__rpc_handler_1908766251(NetworkBehaviour, FastBufferReader, __RpcParams)
Unity.Netcode.RpcMessageHelpers:Handle(NetworkContext&, RpcMetadata&, FastBufferReader&, __RpcParams&)
Unity.Netcode.ClientRpcMessage:Handle(NetworkContext&)
Unity.Netcode.MessagingSystem:ReceiveMessage(FastBufferReader, NetworkContext&, MessagingSystem)
Unity.Netcode.MessagingSystem:HandleMessage(MessageHeader&, FastBufferReader, UInt64, Single, Int32)
Unity.Netcode.MessagingSystem:ProcessIncomingMessageQueue()
Unity.Netcode.NetworkManager:NetworkUpdate(NetworkUpdateStage)
Unity.Netcode.NetworkUpdateLoop:RunNetworkUpdateStage(NetworkUpdateStage)

Zap is not being watched: freezing at frame: 25
UnityEngine.DebugLogHandler:Internal_Log(LogType, LogOption, String, Object)
UnityEngine.Logger:Log(LogType, Object)
UnityEngine.Debug:Log(Object)
<WaitThenSetFrame>d__26:MoveNext()
UnityEngine.SetupCoroutine:InvokeMoveNext(IEnumerator, IntPtr)

Zap is not being watched: freezing at frame: 45
UnityEngine.DebugLogHandler:Internal_Log(LogType, LogOption, String, Object)
UnityEngine.Logger:Log(LogType, Object)
UnityEngine.Debug:Log(Object)
<WaitThenSetFrame>d__26:MoveNext()
UnityEngine.SetupCoroutine:InvokeMoveNext(IEnumerator, IntPtr)

Zap is not being watched: freezing at frame: 20
UnityEngine.DebugLogHandler:Internal_Log(LogType, LogOption, String, Object)
UnityEngine.Logger:Log(LogType, Object)
UnityEngine.Debug:Log(Object)
<WaitThenSetFrame>d__26:MoveNext()
UnityEngine.SetupCoroutine:InvokeMoveNext(IEnumerator, IntPtr)

Zap is not being watched: freezing at frame: 20
UnityEngine.DebugLogHandler:Internal_Log(LogType, LogOption, String, Object)
UnityEngine.Logger:Log(LogType, Object)
UnityEngine.Debug:Log(Object)
<WaitThenSetFrame>d__26:MoveNext()
UnityEngine.SetupCoroutine:InvokeMoveNext(IEnumerator, IntPtr)

Zap is not being watched: freezing at frame: 0
UnityEngine.DebugLogHandler:Internal_Log(LogType, LogOption, String, Object)
UnityEngine.Logger:Log(LogType, Object)
UnityEngine.Debug:Log(Object)
<WaitThenSetFrame>d__26:MoveNext()
UnityEngine.SetupCoroutine:InvokeMoveNext(IEnumerator, IntPtr)

Zap is not being watched: freezing at frame: 5
UnityEngine.DebugLogHandler:Internal_Log(LogType, LogOption, String, Object)
UnityEngine.Logger:Log(LogType, Object)
UnityEngine.Debug:Log(Object)
<WaitThenSetFrame>d__26:MoveNext()
UnityEngine.SetupCoroutine:InvokeMoveNext(IEnumerator, IntPtr)

2 to 0.72
UnityEngine.DebugLogHandler:Internal_Log(LogType, LogOption, String, Object)
UnityEngine.Logger:Log(LogType, Object)
UnityEngine.Debug:Log(Object)
Freddy:HandleMovementAudio(Boolean)
Animatronic:SetNodeClientRpc(Int32, Boolean, Boolean)
Animatronic:__rpc_handler_1908766251(NetworkBehaviour, FastBufferReader, __RpcParams)
Unity.Netcode.RpcMessageHelpers:Handle(NetworkContext&, RpcMetadata&, FastBufferReader&, __RpcParams&)
Unity.Netcode.ClientRpcMessage:Handle(NetworkContext&)
Unity.Netcode.MessagingSystem:ReceiveMessage(FastBufferReader, NetworkContext&, MessagingSystem)
Unity.Netcode.MessagingSystem:HandleMessage(MessageHeader&, FastBufferReader, UInt64, Single, Int32)
Unity.Netcode.MessagingSystem:ProcessIncomingMessageQueue()
Unity.Netcode.NetworkManager:NetworkUpdate(NetworkUpdateStage)
Unity.Netcode.NetworkUpdateLoop:RunNetworkUpdateStage(NetworkUpdateStage)

Zap is not being watched: freezing at frame: 25
UnityEngine.DebugLogHandler:Internal_Log(LogType, LogOption, String, Object)
UnityEngine.Logger:Log(LogType, Object)
UnityEngine.Debug:Log(Object)
<WaitThenSetFrame>d__26:MoveNext()
UnityEngine.SetupCoroutine:InvokeMoveNext(IEnumerator, IntPtr)

Zap is not being watched: freezing at frame: 25
UnityEngine.DebugLogHandler:Internal_Log(LogType, LogOption, String, Object)
UnityEngine.Logger:Log(LogType, Object)
UnityEngine.Debug:Log(Object)
<WaitThenSetFrame>d__26:MoveNext()
UnityEngine.SetupCoroutine:InvokeMoveNext(IEnumerator, IntPtr)

Zap is not being watched: freezing at frame: 45
UnityEngine.DebugLogHandler:Internal_Log(LogType, LogOption, String, Object)
UnityEngine.Logger:Log(LogType, Object)
UnityEngine.Debug:Log(Object)
<WaitThenSetFrame>d__26:MoveNext()
UnityEngine.SetupCoroutine:InvokeMoveNext(IEnumerator, IntPtr)

1 to 0.98
UnityEngine.DebugLogHandler:Internal_Log(LogType, LogOption, String, Object)
UnityEngine.Logger:Log(LogType, Object)
UnityEngine.Debug:Log(Object)
Freddy:HandleMovementAudio(Boolean)
Animatronic:SetNodeClientRpc(Int32, Boolean, Boolean)
Animatronic:__rpc_handler_1908766251(NetworkBehaviour, FastBufferReader, __RpcParams)
Unity.Netcode.RpcMessageHelpers:Handle(NetworkContext&, RpcMetadata&, FastBufferReader&, __RpcParams&)
Unity.Netcode.ClientRpcMessage:Handle(NetworkContext&)
Unity.Netcode.MessagingSystem:ReceiveMessage(FastBufferReader, NetworkContext&, MessagingSystem)
Unity.Netcode.MessagingSystem:HandleMessage(MessageHeader&, FastBufferReader, UInt64, Single, Int32)
Unity.Netcode.MessagingSystem:ProcessIncomingMessageQueue()
Unity.Netcode.NetworkManager:NetworkUpdate(NetworkUpdateStage)
Unity.Netcode.NetworkUpdateLoop:RunNetworkUpdateStage(NetworkUpdateStage)

Zap is not being watched: freezing at frame: 45
UnityEngine.DebugLogHandler:Internal_Log(LogType, LogOption, String, Object)
UnityEngine.Logger:Log(LogType, Object)
UnityEngine.Debug:Log(Object)
<WaitThenSetFrame>d__26:MoveNext()
UnityEngine.SetupCoroutine:InvokeMoveNext(IEnumerator, IntPtr)

Zap is not being watched: freezing at frame: 15
UnityEngine.DebugLogHandler:Internal_Log(LogType, LogOption, String, Object)
UnityEngine.Logger:Log(LogType, Object)
UnityEngine.Debug:Log(Object)
<WaitThenSetFrame>d__26:MoveNext()
UnityEngine.SetupCoroutine:InvokeMoveNext(IEnumerator, IntPtr)

Zap is not being watched: freezing at frame: 10
UnityEngine.DebugLogHandler:Internal_Log(LogType, LogOption, String, Object)
UnityEngine.Logger:Log(LogType, Object)
UnityEngine.Debug:Log(Object)
<WaitThenSetFrame>d__26:MoveNext()
UnityEngine.SetupCoroutine:InvokeMoveNext(IEnumerator, IntPtr)

Zap is not being watched: freezing at frame: 20
UnityEngine.DebugLogHandler:Internal_Log(LogType, LogOption, String, Object)
UnityEngine.Logger:Log(LogType, Object)
UnityEngine.Debug:Log(Object)
<WaitThenSetFrame>d__26:MoveNext()
UnityEngine.SetupCoroutine:InvokeMoveNext(IEnumerator, IntPtr)

Zap is not being watched: freezing at frame: 20
UnityEngine.DebugLogHandler:Internal_Log(LogType, LogOption, String, Object)
UnityEngine.Logger:Log(LogType, Object)
UnityEngine.Debug:Log(Object)
<WaitThenSetFrame>d__26:MoveNext()
UnityEngine.SetupCoroutine:InvokeMoveNext(IEnumerator, IntPtr)

Zap is not being watched: freezing at frame: 15
UnityEngine.DebugLogHandler:Internal_Log(LogType, LogOption, String, Object)
UnityEngine.Logger:Log(LogType, Object)
UnityEngine.Debug:Log(Object)
<WaitThenSetFrame>d__26:MoveNext()
UnityEngine.SetupCoroutine:InvokeMoveNext(IEnumerator, IntPtr)

Zap is not being watched: freezing at frame: 10
UnityEngine.DebugLogHandler:Internal_Log(LogType, LogOption, String, Object)
UnityEngine.Logger:Log(LogType, Object)
UnityEngine.Debug:Log(Object)
<WaitThenSetFrame>d__26:MoveNext()
UnityEngine.SetupCoroutine:InvokeMoveNext(IEnumerator, IntPtr)

Zap is not being watched: freezing at frame: 5
UnityEngine.DebugLogHandler:Internal_Log(LogType, LogOption, String, Object)
UnityEngine.Logger:Log(LogType, Object)
UnityEngine.Debug:Log(Object)
<WaitThenSetFrame>d__26:MoveNext()
UnityEngine.SetupCoroutine:InvokeMoveNext(IEnumerator, IntPtr)

Zap is not being watched: freezing at frame: 10
UnityEngine.DebugLogHandler:Internal_Log(LogType, LogOption, String, Object)
UnityEngine.Logger:Log(LogType, Object)
UnityEngine.Debug:Log(Object)
<WaitThenSetFrame>d__26:MoveNext()
UnityEngine.SetupCoroutine:InvokeMoveNext(IEnumerator, IntPtr)

Zap is not being watched: freezing at frame: 5
UnityEngine.DebugLogHandler:Internal_Log(LogType, LogOption, String, Object)
UnityEngine.Logger:Log(LogType, Object)
UnityEngine.Debug:Log(Object)
<WaitThenSetFrame>d__26:MoveNext()
UnityEngine.SetupCoroutine:InvokeMoveNext(IEnumerator, IntPtr)

Zap is not being watched: freezing at frame: 10
UnityEngine.DebugLogHandler:Internal_Log(LogType, LogOption, String, Object)
UnityEngine.Logger:Log(LogType, Object)
UnityEngine.Debug:Log(Object)
<WaitThenSetFrame>d__26:MoveNext()
UnityEngine.SetupCoroutine:InvokeMoveNext(IEnumerator, IntPtr)

Joined channel: PrivateChat_aec20e60
UnityEngine.DebugLogHandler:Internal_Log(LogType, LogOption, String, Object)
UnityEngine.Logger:Log(LogType, Object)
UnityEngine.Debug:Log(Object)
<SetActiveAudioChannel>d__27:MoveNext()
System.Threading.ExecutionContext:RunInternal(ExecutionContext, ContextCallback, Object, Boolean)
System.Runtime.CompilerServices.MoveNextRunner:Run()
System.Threading.Tasks.AwaitTaskContinuation:RunCallback(ContextCallback, Object, Task&)
System.Threading.Tasks.SynchronizationContextAwaitTaskContinuation:Run(Task, Boolean)
System.Threading.Tasks.Task:FinishContinuations()
System.Threading.Tasks.Task`1:TrySetResult(TResult)
System.Runtime.CompilerServices.AsyncTaskMethodBuilder`1:SetResult(TResult)
Unity.Services.Vivox.<JoinGroupChannelAsync>d__199:MoveNext()
System.Threading.ExecutionContext:RunInternal(ExecutionContext, ContextCallback, Object, Boolean)
System.Runtime.CompilerServices.MoveNextRunner:Run()
System.Threading.Tasks.AwaitTaskContinuation:RunCallback(ContextCallback, Object, Task&)
System.Threading.Tasks.SynchronizationContextAwaitTaskContinuation:Run(Task, Boolean)
System.Threading.Tasks.Task:FinishContinuations()
System.Threading.Tasks.Task`1:TrySetResult(TResult)
System.Runtime.CompilerServices.AsyncTaskMethodBuilder`1:SetResult(TResult)
Unity.Services.Vivox.<JoinChannelAsync>d__202:MoveNext()
System.Threading.ExecutionContext:RunInternal(ExecutionContext, ContextCallback, Object, Boolean)
System.Runtime.CompilerServices.MoveNextRunner:Run()
System.Threading.Tasks.AwaitTaskContinuation:RunCallback(ContextCallback, Object, Task&)
System.Threading.Tasks.SynchronizationContextAwaitTaskContinuation:Run(Task, Boolean)
System.Threading.Tasks.Task:FinishContinuations()
System.Threading.Tasks.Task`1:TrySetResult(TResult)
System.Runtime.CompilerServices.AsyncTaskMethodBuilder`1:SetResult(TResult)
Unity.Services.Vivox.<ConnectAsync>d__45:MoveNext()
System.Threading.ExecutionContext:RunInternal(ExecutionContext, ContextCallback, Object, Boolean)
System.Runtime.CompilerServices.MoveNextRunner:Run()
System.Threading.Tasks.AwaitTaskContinuation:RunCallback(ContextCallback, Object, Task&)
System.Threading.Tasks.SynchronizationContextAwaitTaskContinuation:Run(Task, Boolean)
System.Threading.Tasks.Task:FinishContinuations()
System.Threading.Tasks.Task`1:TrySetResult(TResult)
System.Threading.Tasks.TaskCompletionSource`1:TrySetResult(TResult)
Unity.Services.Vivox.ChannelSession:CheckSessionConnection()
Unity.Services.Vivox.ChannelSession:HandleParticipantAdded(vx_evt_base_t)
Unity.Services.Vivox.VxClient:InstanceOnMainLoopRun(Boolean&)
Unity.Services.Vivox.Client:RunOnce()
Unity.Services.Vivox.<VivoxUnityRun>d__7:MoveNext()
UnityEngine.SetupCoroutine:InvokeMoveNext(IEnumerator, IntPtr)

Joined channel: QK8CNJ_LobbyChat
UnityEngine.DebugLogHandler:Internal_Log(LogType, LogOption, String, Object)
UnityEngine.Logger:Log(LogType, Object)
UnityEngine.Debug:Log(Object)
<SetActiveAudioChannel>d__27:MoveNext()
System.Threading.ExecutionContext:RunInternal(ExecutionContext, ContextCallback, Object, Boolean)
System.Runtime.CompilerServices.MoveNextRunner:Run()
System.Threading.Tasks.AwaitTaskContinuation:RunCallback(ContextCallback, Object, Task&)
System.Threading.Tasks.SynchronizationContextAwaitTaskContinuation:Run(Task, Boolean)
System.Threading.Tasks.Task:FinishContinuations()
System.Threading.Tasks.Task`1:TrySetResult(TResult)
System.Runtime.CompilerServices.AsyncTaskMethodBuilder`1:SetResult(TResult)
Unity.Services.Vivox.<JoinGroupChannelAsync>d__199:MoveNext()
System.Threading.ExecutionContext:RunInternal(ExecutionContext, ContextCallback, Object, Boolean)
System.Runtime.CompilerServices.MoveNextRunner:Run()
System.Threading.Tasks.AwaitTaskContinuation:RunCallback(ContextCallback, Object, Task&)
System.Threading.Tasks.SynchronizationContextAwaitTaskContinuation:Run(Task, Boolean)
System.Threading.Tasks.Task:FinishContinuations()
System.Threading.Tasks.Task`1:TrySetResult(TResult)
System.Runtime.CompilerServices.AsyncTaskMethodBuilder`1:SetResult(TResult)
Unity.Services.Vivox.<JoinChannelAsync>d__202:MoveNext()
System.Threading.ExecutionContext:RunInternal(ExecutionContext, ContextCallback, Object, Boolean)
System.Runtime.CompilerServices.MoveNextRunner:Run()
System.Threading.Tasks.AwaitTaskContinuation:RunCallback(ContextCallback, Object, Task&)
System.Threading.Tasks.SynchronizationContextAwaitTaskContinuation:Run(Task, Boolean)
System.Threading.Tasks.Task:FinishContinuations()
System.Threading.Tasks.Task`1:TrySetResult(TResult)
System.Runtime.CompilerServices.AsyncTaskMethodBuilder`1:SetResult(TResult)
Unity.Services.Vivox.<ConnectAsync>d__45:MoveNext()
System.Threading.ExecutionContext:RunInternal(ExecutionContext, ContextCallback, Object, Boolean)
System.Runtime.CompilerServices.MoveNextRunner:Run()
System.Threading.Tasks.AwaitTaskContinuation:RunCallback(ContextCallback, Object, Task&)
System.Threading.Tasks.SynchronizationContextAwaitTaskContinuation:Run(Task, Boolean)
System.Threading.Tasks.Task:FinishContinuations()
System.Threading.Tasks.Task`1:TrySetResult(TResult)
System.Threading.Tasks.TaskCompletionSource`1:TrySetResult(TResult)
Unity.Services.Vivox.ChannelSession:CheckSessionConnection()
Unity.Services.Vivox.ChannelSession:HandleParticipantAdded(vx_evt_base_t)
Unity.Services.Vivox.VxClient:InstanceOnMainLoopRun(Boolean&)
Unity.Services.Vivox.Client:RunOnce()
Unity.Services.Vivox.<VivoxUnityRun>d__7:MoveNext()
UnityEngine.SetupCoroutine:InvokeMoveNext(IEnumerator, IntPtr)

Unloading 6 Unused Serialized files (Serialized files now loaded: 0)
UnloadTime: 3.231100 ms
Unloading 493 unused Assets to reduce memory usage. Loaded Objects now: 6180.
Total: 120.301300 ms (FindLiveObjects: 0.395400 ms CreateObjectMapping: 0.114500 ms MarkObjects: 118.421700 ms  DeleteObjects: 1.368600 ms)

Unloading 5 Unused Serialized files (Serialized files now loaded: 0)
UnloadTime: 4.653700 ms
WindowsVideoMedia error 0xc00d36bb while reading Z:/home/evan/dwn/fnaf-online-0.9.52-alpha/FNAF Online_Data/sharedassets3.resource

Context: CreateObjectFromByteStream
Error details: Unexpected error.

Track types:
WindowsVideoMedia error 0xc00d36bb while reading Z:/home/evan/dwn/fnaf-online-0.9.52-alpha/FNAF Online_Data/sharedassets3.resource

Context: CreateObjectFromByteStream
Error details: Unexpected error.

Track types:
Unloading 59 unused Assets to reduce memory usage. Loaded Objects now: 25570.
Total: 114.487300 ms (FindLiveObjects: 1.680000 ms CreateObjectMapping: 0.298400 ms MarkObjects: 112.270800 ms  DeleteObjects: 0.236800 ms)

Joined channel: PrivateChat_aec20e60
UnityEngine.DebugLogHandler:Internal_Log(LogType, LogOption, String, Object)
UnityEngine.Logger:Log(LogType, Object)
UnityEngine.Debug:Log(Object)
<SetActiveAudioChannel>d__27:MoveNext()
System.Threading.ExecutionContext:RunInternal(ExecutionContext, ContextCallback, Object, Boolean)
System.Runtime.CompilerServices.MoveNextRunner:Run()
System.Threading.Tasks.AwaitTaskContinuation:RunCallback(ContextCallback, Object, Task&)
System.Threading.Tasks.SynchronizationContextAwaitTaskContinuation:Run(Task, Boolean)
System.Threading.Tasks.Task:FinishContinuations()
System.Threading.Tasks.Task`1:TrySetResult(TResult)
System.Runtime.CompilerServices.AsyncTaskMethodBuilder`1:SetResult(TResult)
Unity.Services.Vivox.<JoinGroupChannelAsync>d__199:MoveNext()
System.Threading.ExecutionContext:RunInternal(ExecutionContext, ContextCallback, Object, Boolean)
System.Runtime.CompilerServices.MoveNextRunner:Run()
System.Threading.Tasks.AwaitTaskContinuation:RunCallback(ContextCallback, Object, Task&)
System.Threading.Tasks.SynchronizationContextAwaitTaskContinuation:Run(Task, Boolean)
System.Threading.Tasks.Task:FinishContinuations()
System.Threading.Tasks.Task`1:TrySetResult(TResult)
System.Runtime.CompilerServices.AsyncTaskMethodBuilder`1:SetResult(TResult)
Unity.Services.Vivox.<JoinChannelAsync>d__202:MoveNext()
System.Threading.ExecutionContext:RunInternal(ExecutionContext, ContextCallback, Object, Boolean)
System.Runtime.CompilerServices.MoveNextRunner:Run()
System.Threading.Tasks.AwaitTaskContinuation:RunCallback(ContextCallback, Object, Task&)
System.Threading.Tasks.SynchronizationContextAwaitTaskContinuation:Run(Task, Boolean)
System.Threading.Tasks.Task:FinishContinuations()
System.Threading.Tasks.Task`1:TrySetResult(TResult)
System.Runtime.CompilerServices.AsyncTaskMethodBuilder`1:SetResult(TResult)
Unity.Services.Vivox.<ConnectAsync>d__45:MoveNext()
System.Threading.ExecutionContext:RunInternal(ExecutionContext, ContextCallback, Object, Boolean)
System.Runtime.CompilerServices.MoveNextRunner:Run()
System.Threading.Tasks.AwaitTaskContinuation:RunCallback(ContextCallback, Object, Task&)
System.Threading.Tasks.SynchronizationContextAwaitTaskContinuation:Run(Task, Boolean)
System.Threading.Tasks.Task:FinishContinuations()
System.Threading.Tasks.Task`1:TrySetResult(TResult)
System.Threading.Tasks.TaskCompletionSource`1:TrySetResult(TResult)
Unity.Services.Vivox.ChannelSession:CheckSessionConnection()
Unity.Services.Vivox.ChannelSession:HandleParticipantAdded(vx_evt_base_t)
Unity.Services.Vivox.VxClient:InstanceOnMainLoopRun(Boolean&)
Unity.Services.Vivox.Client:RunOnce()
Unity.Services.Vivox.<VivoxUnityRun>d__7:MoveNext()
UnityEngine.SetupCoroutine:InvokeMoveNext(IEnumerator, IntPtr)

Zap is not being watched: freezing at frame: 0
UnityEngine.DebugLogHandler:Internal_Log(LogType, LogOption, String, Object)
UnityEngine.Logger:Log(LogType, Object)
UnityEngine.Debug:Log(Object)
<WaitThenSetFrame>d__26:MoveNext()
UnityEngine.SetupCoroutine:InvokeMoveNext(IEnumerator, IntPtr)

Zap is not being watched: freezing at frame: 0
UnityEngine.DebugLogHandler:Internal_Log(LogType, LogOption, String, Object)
UnityEngine.Logger:Log(LogType, Object)
UnityEngine.Debug:Log(Object)
<WaitThenSetFrame>d__26:MoveNext()
UnityEngine.SetupCoroutine:InvokeMoveNext(IEnumerator, IntPtr)

Zap is not being watched: freezing at frame: 5
UnityEngine.DebugLogHandler:Internal_Log(LogType, LogOption, String, Object)
UnityEngine.Logger:Log(LogType, Object)
UnityEngine.Debug:Log(Object)
<WaitThenSetFrame>d__26:MoveNext()
UnityEngine.SetupCoroutine:InvokeMoveNext(IEnumerator, IntPtr)

Joined channel: QK8CNJ_GameChat
UnityEngine.DebugLogHandler:Internal_Log(LogType, LogOption, String, Object)
UnityEngine.Logger:Log(LogType, Object)
UnityEngine.Debug:Log(Object)
<SetActiveAudioChannel>d__27:MoveNext()
System.Threading.ExecutionContext:RunInternal(ExecutionContext, ContextCallback, Object, Boolean)
System.Runtime.CompilerServices.MoveNextRunner:Run()
System.Threading.Tasks.AwaitTaskContinuation:RunCallback(ContextCallback, Object, Task&)
System.Threading.Tasks.SynchronizationContextAwaitTaskContinuation:Run(Task, Boolean)
System.Threading.Tasks.Task:FinishContinuations()
System.Threading.Tasks.Task`1:TrySetResult(TResult)
System.Runtime.CompilerServices.AsyncTaskMethodBuilder`1:SetResult(TResult)
Unity.Services.Vivox.<JoinGroupChannelAsync>d__199:MoveNext()
System.Threading.ExecutionContext:RunInternal(ExecutionContext, ContextCallback, Object, Boolean)
System.Runtime.CompilerServices.MoveNextRunner:Run()
System.Threading.Tasks.AwaitTaskContinuation:RunCallback(ContextCallback, Object, Task&)
System.Threading.Tasks.SynchronizationContextAwaitTaskContinuation:Run(Task, Boolean)
System.Threading.Tasks.Task:FinishContinuations()
System.Threading.Tasks.Task`1:TrySetResult(TResult)
System.Runtime.CompilerServices.AsyncTaskMethodBuilder`1:SetResult(TResult)
Unity.Services.Vivox.<JoinChannelAsync>d__202:MoveNext()
System.Threading.ExecutionContext:RunInternal(ExecutionContext, ContextCallback, Object, Boolean)
System.Runtime.CompilerServices.MoveNextRunner:Run()
System.Threading.Tasks.AwaitTaskContinuation:RunCallback(ContextCallback, Object, Task&)
System.Threading.Tasks.SynchronizationContextAwaitTaskContinuation:Run(Task, Boolean)
System.Threading.Tasks.Task:FinishContinuations()
System.Threading.Tasks.Task`1:TrySetResult(TResult)
System.Runtime.CompilerServices.AsyncTaskMethodBuilder`1:SetResult(TResult)
Unity.Services.Vivox.<ConnectAsync>d__45:MoveNext()
System.Threading.ExecutionContext:RunInternal(ExecutionContext, ContextCallback, Object, Boolean)
System.Runtime.CompilerServices.MoveNextRunner:Run()
System.Threading.Tasks.AwaitTaskContinuation:RunCallback(ContextCallback, Object, Task&)
System.Threading.Tasks.SynchronizationContextAwaitTaskContinuation:Run(Task, Boolean)
System.Threading.Tasks.Task:FinishContinuations()
System.Threading.Tasks.Task`1:TrySetResult(TResult)
System.Threading.Tasks.TaskCompletionSource`1:TrySetResult(TResult)
Unity.Services.Vivox.ChannelSession:CheckSessionConnection()
Unity.Services.Vivox.ChannelSession:HandleParticipantAdded(vx_evt_base_t)
Unity.Services.Vivox.VxClient:InstanceOnMainLoopRun(Boolean&)
Unity.Services.Vivox.Client:RunOnce()
Unity.Services.Vivox.<VivoxUnityRun>d__7:MoveNext()
UnityEngine.SetupCoroutine:InvokeMoveNext(IEnumerator, IntPtr)

Zap is not being watched: freezing at frame: 15
UnityEngine.DebugLogHandler:Internal_Log(LogType, LogOption, String, Object)
UnityEngine.Logger:Log(LogType, Object)
UnityEngine.Debug:Log(Object)
<WaitThenSetFrame>d__26:MoveNext()
UnityEngine.SetupCoroutine:InvokeMoveNext(IEnumerator, IntPtr)

Zap is not being watched: freezing at frame: 15
UnityEngine.DebugLogHandler:Internal_Log(LogType, LogOption, String, Object)
UnityEngine.Logger:Log(LogType, Object)
UnityEngine.Debug:Log(Object)
<WaitThenSetFrame>d__26:MoveNext()
UnityEngine.SetupCoroutine:InvokeMoveNext(IEnumerator, IntPtr)

Zap is not being watched: freezing at frame: 20
UnityEngine.DebugLogHandler:Internal_Log(LogType, LogOption, String, Object)
UnityEngine.Logger:Log(LogType, Object)
UnityEngine.Debug:Log(Object)
<WaitThenSetFrame>d__26:MoveNext()
UnityEngine.SetupCoroutine:InvokeMoveNext(IEnumerator, IntPtr)

Zap is not being watched: freezing at frame: 15
UnityEngine.DebugLogHandler:Internal_Log(LogType, LogOption, String, Object)
UnityEngine.Logger:Log(LogType, Object)
UnityEngine.Debug:Log(Object)
<WaitThenSetFrame>d__26:MoveNext()
UnityEngine.SetupCoroutine:InvokeMoveNext(IEnumerator, IntPtr)

Zap is not being watched: freezing at frame: 10
UnityEngine.DebugLogHandler:Internal_Log(LogType, LogOption, String, Object)
UnityEngine.Logger:Log(LogType, Object)
UnityEngine.Debug:Log(Object)
<WaitThenSetFrame>d__26:MoveNext()
UnityEngine.SetupCoroutine:InvokeMoveNext(IEnumerator, IntPtr)

Zap is not being watched: freezing at frame: 20
UnityEngine.DebugLogHandler:Internal_Log(LogType, LogOption, String, Object)
UnityEngine.Logger:Log(LogType, Object)
UnityEngine.Debug:Log(Object)
<WaitThenSetFrame>d__26:MoveNext()
UnityEngine.SetupCoroutine:InvokeMoveNext(IEnumerator, IntPtr)

Zap is not being watched: freezing at frame: 5
UnityEngine.DebugLogHandler:Internal_Log(LogType, LogOption, String, Object)
UnityEngine.Logger:Log(LogType, Object)
UnityEngine.Debug:Log(Object)
<WaitThenSetFrame>d__26:MoveNext()
UnityEngine.SetupCoroutine:InvokeMoveNext(IEnumerator, IntPtr)

Zap is not being watched: freezing at frame: 5
UnityEngine.DebugLogHandler:Internal_Log(LogType, LogOption, String, Object)
UnityEngine.Logger:Log(LogType, Object)
UnityEngine.Debug:Log(Object)
<WaitThenSetFrame>d__26:MoveNext()
UnityEngine.SetupCoroutine:InvokeMoveNext(IEnumerator, IntPtr)

Zap is not being watched: freezing at frame: 5
UnityEngine.DebugLogHandler:Internal_Log(LogType, LogOption, String, Object)
UnityEngine.Logger:Log(LogType, Object)
UnityEngine.Debug:Log(Object)
<WaitThenSetFrame>d__26:MoveNext()
UnityEngine.SetupCoroutine:InvokeMoveNext(IEnumerator, IntPtr)

Zap is not being watched: freezing at frame: 5
UnityEngine.DebugLogHandler:Internal_Log(LogType, LogOption, String, Object)
UnityEngine.Logger:Log(LogType, Object)
UnityEngine.Debug:Log(Object)
<WaitThenSetFrame>d__26:MoveNext()
UnityEngine.SetupCoroutine:InvokeMoveNext(IEnumerator, IntPtr)

Zap is not being watched: freezing at frame: 5
UnityEngine.DebugLogHandler:Internal_Log(LogType, LogOption, String, Object)
UnityEngine.Logger:Log(LogType, Object)
UnityEngine.Debug:Log(Object)
<WaitThenSetFrame>d__26:MoveNext()
UnityEngine.SetupCoroutine:InvokeMoveNext(IEnumerator, IntPtr)

Zap is not being watched: freezing at frame: 10
UnityEngine.DebugLogHandler:Internal_Log(LogType, LogOption, String, Object)
UnityEngine.Logger:Log(LogType, Object)
UnityEngine.Debug:Log(Object)
<WaitThenSetFrame>d__26:MoveNext()
UnityEngine.SetupCoroutine:InvokeMoveNext(IEnumerator, IntPtr)

Zap is not being watched: freezing at frame: 15
UnityEngine.DebugLogHandler:Internal_Log(LogType, LogOption, String, Object)
UnityEngine.Logger:Log(LogType, Object)
UnityEngine.Debug:Log(Object)
<WaitThenSetFrame>d__26:MoveNext()
UnityEngine.SetupCoroutine:InvokeMoveNext(IEnumerator, IntPtr)

Zap is not being watched: freezing at frame: 15
UnityEngine.DebugLogHandler:Internal_Log(LogType, LogOption, String, Object)
UnityEngine.Logger:Log(LogType, Object)
UnityEngine.Debug:Log(Object)
<WaitThenSetFrame>d__26:MoveNext()
UnityEngine.SetupCoroutine:InvokeMoveNext(IEnumerator, IntPtr)

Zap is not being watched: freezing at frame: 10
UnityEngine.DebugLogHandler:Internal_Log(LogType, LogOption, String, Object)
UnityEngine.Logger:Log(LogType, Object)
UnityEngine.Debug:Log(Object)
<WaitThenSetFrame>d__26:MoveNext()
UnityEngine.SetupCoroutine:InvokeMoveNext(IEnumerator, IntPtr)

Zap is not being watched: freezing at frame: 5
UnityEngine.DebugLogHandler:Internal_Log(LogType, LogOption, String, Object)
UnityEngine.Logger:Log(LogType, Object)
UnityEngine.Debug:Log(Object)
<WaitThenSetFrame>d__26:MoveNext()
UnityEngine.SetupCoroutine:InvokeMoveNext(IEnumerator, IntPtr)

Zap is not being watched: freezing at frame: 5
UnityEngine.DebugLogHandler:Internal_Log(LogType, LogOption, String, Object)
UnityEngine.Logger:Log(LogType, Object)
UnityEngine.Debug:Log(Object)
<WaitThenSetFrame>d__26:MoveNext()
UnityEngine.SetupCoroutine:InvokeMoveNext(IEnumerator, IntPtr)

Zap is not being watched: freezing at frame: 15
UnityEngine.DebugLogHandler:Internal_Log(LogType, LogOption, String, Object)
UnityEngine.Logger:Log(LogType, Object)
UnityEngine.Debug:Log(Object)
<WaitThenSetFrame>d__26:MoveNext()
UnityEngine.SetupCoroutine:InvokeMoveNext(IEnumerator, IntPtr)

Zap is not being watched: freezing at frame: 25
UnityEngine.DebugLogHandler:Internal_Log(LogType, LogOption, String, Object)
UnityEngine.Logger:Log(LogType, Object)
UnityEngine.Debug:Log(Object)
<WaitThenSetFrame>d__26:MoveNext()
UnityEngine.SetupCoroutine:InvokeMoveNext(IEnumerator, IntPtr)

Zap is not being watched: freezing at frame: 45
UnityEngine.DebugLogHandler:Internal_Log(LogType, LogOption, String, Object)
UnityEngine.Logger:Log(LogType, Object)
UnityEngine.Debug:Log(Object)
<WaitThenSetFrame>d__26:MoveNext()
UnityEngine.SetupCoroutine:InvokeMoveNext(IEnumerator, IntPtr)

Zap is not being watched: freezing at frame: 20
UnityEngine.DebugLogHandler:Internal_Log(LogType, LogOption, String, Object)
UnityEngine.Logger:Log(LogType, Object)
UnityEngine.Debug:Log(Object)
<WaitThenSetFrame>d__26:MoveNext()
UnityEngine.SetupCoroutine:InvokeMoveNext(IEnumerator, IntPtr)

Zap is not being watched: freezing at frame: 10
UnityEngine.DebugLogHandler:Internal_Log(LogType, LogOption, String, Object)
UnityEngine.Logger:Log(LogType, Object)
UnityEngine.Debug:Log(Object)
<WaitThenSetFrame>d__26:MoveNext()
UnityEngine.SetupCoroutine:InvokeMoveNext(IEnumerator, IntPtr)

Zap is not being watched: freezing at frame: 10
UnityEngine.DebugLogHandler:Internal_Log(LogType, LogOption, String, Object)
UnityEngine.Logger:Log(LogType, Object)
UnityEngine.Debug:Log(Object)
<WaitThenSetFrame>d__26:MoveNext()
UnityEngine.SetupCoroutine:InvokeMoveNext(IEnumerator, IntPtr)

Zap is not being watched: freezing at frame: 15
UnityEngine.DebugLogHandler:Internal_Log(LogType, LogOption, String, Object)
UnityEngine.Logger:Log(LogType, Object)
UnityEngine.Debug:Log(Object)
<WaitThenSetFrame>d__26:MoveNext()
UnityEngine.SetupCoroutine:InvokeMoveNext(IEnumerator, IntPtr)

Zap is not being watched: freezing at frame: 15
UnityEngine.DebugLogHandler:Internal_Log(LogType, LogOption, String, Object)
UnityEngine.Logger:Log(LogType, Object)
UnityEngine.Debug:Log(Object)
<WaitThenSetFrame>d__26:MoveNext()
UnityEngine.SetupCoroutine:InvokeMoveNext(IEnumerator, IntPtr)

Zap is not being watched: freezing at frame: 5
UnityEngine.DebugLogHandler:Internal_Log(LogType, LogOption, String, Object)
UnityEngine.Logger:Log(LogType, Object)
UnityEngine.Debug:Log(Object)
<WaitThenSetFrame>d__26:MoveNext()
UnityEngine.SetupCoroutine:InvokeMoveNext(IEnumerator, IntPtr)

Zap is not being watched: freezing at frame: 5
UnityEngine.DebugLogHandler:Internal_Log(LogType, LogOption, String, Object)
UnityEngine.Logger:Log(LogType, Object)
UnityEngine.Debug:Log(Object)
<WaitThenSetFrame>d__26:MoveNext()
UnityEngine.SetupCoroutine:InvokeMoveNext(IEnumerator, IntPtr)

Zap is not being watched: freezing at frame: 5
UnityEngine.DebugLogHandler:Internal_Log(LogType, LogOption, String, Object)
UnityEngine.Logger:Log(LogType, Object)
UnityEngine.Debug:Log(Object)
<WaitThenSetFrame>d__26:MoveNext()
UnityEngine.SetupCoroutine:InvokeMoveNext(IEnumerator, IntPtr)

Zap is not being watched: freezing at frame: 5
UnityEngine.DebugLogHandler:Internal_Log(LogType, LogOption, String, Object)
UnityEngine.Logger:Log(LogType, Object)
UnityEngine.Debug:Log(Object)
<WaitThenSetFrame>d__26:MoveNext()
UnityEngine.SetupCoroutine:InvokeMoveNext(IEnumerator, IntPtr)

Zap is not being watched: freezing at frame: 20
UnityEngine.DebugLogHandler:Internal_Log(LogType, LogOption, String, Object)
UnityEngine.Logger:Log(LogType, Object)
UnityEngine.Debug:Log(Object)
<WaitThenSetFrame>d__26:MoveNext()
UnityEngine.SetupCoroutine:InvokeMoveNext(IEnumerator, IntPtr)

Zap is not being watched: freezing at frame: 15
UnityEngine.DebugLogHandler:Internal_Log(LogType, LogOption, String, Object)
UnityEngine.Logger:Log(LogType, Object)
UnityEngine.Debug:Log(Object)
<WaitThenSetFrame>d__26:MoveNext()
UnityEngine.SetupCoroutine:InvokeMoveNext(IEnumerator, IntPtr)

Zap is not being watched: freezing at frame: 5
UnityEngine.DebugLogHandler:Internal_Log(LogType, LogOption, String, Object)
UnityEngine.Logger:Log(LogType, Object)
UnityEngine.Debug:Log(Object)
<WaitThenSetFrame>d__26:MoveNext()
UnityEngine.SetupCoroutine:InvokeMoveNext(IEnumerator, IntPtr)

Zap is not being watched: freezing at frame: 30
UnityEngine.DebugLogHandler:Internal_Log(LogType, LogOption, String, Object)
UnityEngine.Logger:Log(LogType, Object)
UnityEngine.Debug:Log(Object)
<WaitThenSetFrame>d__26:MoveNext()
UnityEngine.SetupCoroutine:InvokeMoveNext(IEnumerator, IntPtr)

Zap is not being watched: freezing at frame: 15
UnityEngine.DebugLogHandler:Internal_Log(LogType, LogOption, String, Object)
UnityEngine.Logger:Log(LogType, Object)
UnityEngine.Debug:Log(Object)
<WaitThenSetFrame>d__26:MoveNext()
UnityEngine.SetupCoroutine:InvokeMoveNext(IEnumerator, IntPtr)

Zap is not being watched: freezing at frame: 25
UnityEngine.DebugLogHandler:Internal_Log(LogType, LogOption, String, Object)
UnityEngine.Logger:Log(LogType, Object)
UnityEngine.Debug:Log(Object)
<WaitThenSetFrame>d__26:MoveNext()
UnityEngine.SetupCoroutine:InvokeMoveNext(IEnumerator, IntPtr)

4 to 0.32
UnityEngine.DebugLogHandler:Internal_Log(LogType, LogOption, String, Object)
UnityEngine.Logger:Log(LogType, Object)
UnityEngine.Debug:Log(Object)
Freddy:HandleMovementAudio(Boolean)
Animatronic:SetNodeClientRpc(Int32, Boolean, Boolean)
Animatronic:__rpc_handler_1908766251(NetworkBehaviour, FastBufferReader, __RpcParams)
Unity.Netcode.RpcMessageHelpers:Handle(NetworkContext&, RpcMetadata&, FastBufferReader&, __RpcParams&)
Unity.Netcode.ClientRpcMessage:Handle(NetworkContext&)
Unity.Netcode.MessagingSystem:ReceiveMessage(FastBufferReader, NetworkContext&, MessagingSystem)
Unity.Netcode.MessagingSystem:HandleMessage(MessageHeader&, FastBufferReader, UInt64, Single, Int32)
Unity.Netcode.MessagingSystem:ProcessIncomingMessageQueue()
Unity.Netcode.NetworkManager:NetworkUpdate(NetworkUpdateStage)
Unity.Netcode.NetworkUpdateLoop:RunNetworkUpdateStage(NetworkUpdateStage)

Joined channel: PrivateChat_aec20e60
UnityEngine.DebugLogHandler:Internal_Log(LogType, LogOption, String, Object)
UnityEngine.Logger:Log(LogType, Object)
UnityEngine.Debug:Log(Object)
<SetActiveAudioChannel>d__27:MoveNext()
System.Threading.ExecutionContext:RunInternal(ExecutionContext, ContextCallback, Object, Boolean)
System.Runtime.CompilerServices.MoveNextRunner:Run()
System.Threading.Tasks.AwaitTaskContinuation:RunCallback(ContextCallback, Object, Task&)
System.Threading.Tasks.SynchronizationContextAwaitTaskContinuation:Run(Task, Boolean)
System.Threading.Tasks.Task:FinishContinuations()
System.Threading.Tasks.Task`1:TrySetResult(TResult)
System.Runtime.CompilerServices.AsyncTaskMethodBuilder`1:SetResult(TResult)
Unity.Services.Vivox.<JoinGroupChannelAsync>d__199:MoveNext()
System.Threading.ExecutionContext:RunInternal(ExecutionContext, ContextCallback, Object, Boolean)
System.Runtime.CompilerServices.MoveNextRunner:Run()
System.Threading.Tasks.AwaitTaskContinuation:RunCallback(ContextCallback, Object, Task&)
System.Threading.Tasks.SynchronizationContextAwaitTaskContinuation:Run(Task, Boolean)
System.Threading.Tasks.Task:FinishContinuations()
System.Threading.Tasks.Task`1:TrySetResult(TResult)
System.Runtime.CompilerServices.AsyncTaskMethodBuilder`1:SetResult(TResult)
Unity.Services.Vivox.<JoinChannelAsync>d__202:MoveNext()
System.Threading.ExecutionContext:RunInternal(ExecutionContext, ContextCallback, Object, Boolean)
System.Runtime.CompilerServices.MoveNextRunner:Run()
System.Threading.Tasks.AwaitTaskContinuation:RunCallback(ContextCallback, Object, Task&)
System.Threading.Tasks.SynchronizationContextAwaitTaskContinuation:Run(Task, Boolean)
System.Threading.Tasks.Task:FinishContinuations()
System.Threading.Tasks.Task`1:TrySetResult(TResult)
System.Runtime.CompilerServices.AsyncTaskMethodBuilder`1:SetResult(TResult)
Unity.Services.Vivox.<ConnectAsync>d__45:MoveNext()
System.Threading.ExecutionContext:RunInternal(ExecutionContext, ContextCallback, Object, Boolean)
System.Runtime.CompilerServices.MoveNextRunner:Run()
System.Threading.Tasks.AwaitTaskContinuation:RunCallback(ContextCallback, Object, Task&)
System.Threading.Tasks.SynchronizationContextAwaitTaskContinuation:Run(Task, Boolean)
System.Threading.Tasks.Task:FinishContinuations()
System.Threading.Tasks.Task`1:TrySetResult(TResult)
System.Threading.Tasks.TaskCompletionSource`1:TrySetResult(TResult)
Unity.Services.Vivox.ChannelSession:CheckSessionConnection()
Unity.Services.Vivox.ChannelSession:HandleParticipantAdded(vx_evt_base_t)
Unity.Services.Vivox.VxClient:InstanceOnMainLoopRun(Boolean&)
Unity.Services.Vivox.Client:RunOnce()
Unity.Services.Vivox.<VivoxUnityRun>d__7:MoveNext()
UnityEngine.SetupCoroutine:InvokeMoveNext(IEnumerator, IntPtr)

Zap is not being watched: freezing at frame: 0
UnityEngine.DebugLogHandler:Internal_Log(LogType, LogOption, String, Object)
UnityEngine.Logger:Log(LogType, Object)
UnityEngine.Debug:Log(Object)
<WaitThenSetFrame>d__26:MoveNext()
UnityEngine.SetupCoroutine:InvokeMoveNext(IEnumerator, IntPtr)

Zap is not being watched: freezing at frame: 25
UnityEngine.DebugLogHandler:Internal_Log(LogType, LogOption, String, Object)
UnityEngine.Logger:Log(LogType, Object)
UnityEngine.Debug:Log(Object)
<WaitThenSetFrame>d__26:MoveNext()
UnityEngine.SetupCoroutine:InvokeMoveNext(IEnumerator, IntPtr)

Zap is not being watched: freezing at frame: 15
UnityEngine.DebugLogHandler:Internal_Log(LogType, LogOption, String, Object)
UnityEngine.Logger:Log(LogType, Object)
UnityEngine.Debug:Log(Object)
<WaitThenSetFrame>d__26:MoveNext()
UnityEngine.SetupCoroutine:InvokeMoveNext(IEnumerator, IntPtr)

Zap is not being watched: freezing at frame: 20
UnityEngine.DebugLogHandler:Internal_Log(LogType, LogOption, String, Object)
UnityEngine.Logger:Log(LogType, Object)
UnityEngine.Debug:Log(Object)
<WaitThenSetFrame>d__26:MoveNext()
UnityEngine.SetupCoroutine:InvokeMoveNext(IEnumerator, IntPtr)

Joined channel: QK8CNJ_GameChat
UnityEngine.DebugLogHandler:Internal_Log(LogType, LogOption, String, Object)
UnityEngine.Logger:Log(LogType, Object)
UnityEngine.Debug:Log(Object)
<SetActiveAudioChannel>d__27:MoveNext()
System.Threading.ExecutionContext:RunInternal(ExecutionContext, ContextCallback, Object, Boolean)
System.Runtime.CompilerServices.MoveNextRunner:Run()
System.Threading.Tasks.AwaitTaskContinuation:RunCallback(ContextCallback, Object, Task&)
System.Threading.Tasks.SynchronizationContextAwaitTaskContinuation:Run(Task, Boolean)
System.Threading.Tasks.Task:FinishContinuations()
System.Threading.Tasks.Task`1:TrySetResult(TResult)
System.Runtime.CompilerServices.AsyncTaskMethodBuilder`1:SetResult(TResult)
Unity.Services.Vivox.<JoinGroupChannelAsync>d__199:MoveNext()
System.Threading.ExecutionContext:RunInternal(ExecutionContext, ContextCallback, Object, Boolean)
System.Runtime.CompilerServices.MoveNextRunner:Run()
System.Threading.Tasks.AwaitTaskContinuation:RunCallback(ContextCallback, Object, Task&)
System.Threading.Tasks.SynchronizationContextAwaitTaskContinuation:Run(Task, Boolean)
System.Threading.Tasks.Task:FinishContinuations()
System.Threading.Tasks.Task`1:TrySetResult(TResult)
System.Runtime.CompilerServices.AsyncTaskMethodBuilder`1:SetResult(TResult)
Unity.Services.Vivox.<JoinChannelAsync>d__202:MoveNext()
System.Threading.ExecutionContext:RunInternal(ExecutionContext, ContextCallback, Object, Boolean)
System.Runtime.CompilerServices.MoveNextRunner:Run()
System.Threading.Tasks.AwaitTaskContinuation:RunCallback(ContextCallback, Object, Task&)
System.Threading.Tasks.SynchronizationContextAwaitTaskContinuation:Run(Task, Boolean)
System.Threading.Tasks.Task:FinishContinuations()
System.Threading.Tasks.Task`1:TrySetResult(TResult)
System.Runtime.CompilerServices.AsyncTaskMethodBuilder`1:SetResult(TResult)
Unity.Services.Vivox.<ConnectAsync>d__45:MoveNext()
System.Threading.ExecutionContext:RunInternal(ExecutionContext, ContextCallback, Object, Boolean)
System.Runtime.CompilerServices.MoveNextRunner:Run()
System.Threading.Tasks.AwaitTaskContinuation:RunCallback(ContextCallback, Object, Task&)
System.Threading.Tasks.SynchronizationContextAwaitTaskContinuation:Run(Task, Boolean)
System.Threading.Tasks.Task:FinishContinuations()
System.Threading.Tasks.Task`1:TrySetResult(TResult)
System.Threading.Tasks.TaskCompletionSource`1:TrySetResult(TResult)
Unity.Services.Vivox.ChannelSession:CheckSessionConnection()
Unity.Services.Vivox.ChannelSession:HandleParticipantAdded(vx_evt_base_t)
Unity.Services.Vivox.VxClient:InstanceOnMainLoopRun(Boolean&)
Unity.Services.Vivox.Client:RunOnce()
Unity.Services.Vivox.<VivoxUnityRun>d__7:MoveNext()
UnityEngine.SetupCoroutine:InvokeMoveNext(IEnumerator, IntPtr)

Zap is not being watched: freezing at frame: 15
UnityEngine.DebugLogHandler:Internal_Log(LogType, LogOption, String, Object)
UnityEngine.Logger:Log(LogType, Object)
UnityEngine.Debug:Log(Object)
<WaitThenSetFrame>d__26:MoveNext()
UnityEngine.SetupCoroutine:InvokeMoveNext(IEnumerator, IntPtr)

Zap is not being watched: freezing at frame: 10
UnityEngine.DebugLogHandler:Internal_Log(LogType, LogOption, String, Object)
UnityEngine.Logger:Log(LogType, Object)
UnityEngine.Debug:Log(Object)
<WaitThenSetFrame>d__26:MoveNext()
UnityEngine.SetupCoroutine:InvokeMoveNext(IEnumerator, IntPtr)

Zap is not being watched: freezing at frame: 20
UnityEngine.DebugLogHandler:Internal_Log(LogType, LogOption, String, Object)
UnityEngine.Logger:Log(LogType, Object)
UnityEngine.Debug:Log(Object)
<WaitThenSetFrame>d__26:MoveNext()
UnityEngine.SetupCoroutine:InvokeMoveNext(IEnumerator, IntPtr)

Zap is not being watched: freezing at frame: 25
UnityEngine.DebugLogHandler:Internal_Log(LogType, LogOption, String, Object)
UnityEngine.Logger:Log(LogType, Object)
UnityEngine.Debug:Log(Object)
<WaitThenSetFrame>d__26:MoveNext()
UnityEngine.SetupCoroutine:InvokeMoveNext(IEnumerator, IntPtr)

Zap is not being watched: freezing at frame: 20
UnityEngine.DebugLogHandler:Internal_Log(LogType, LogOption, String, Object)
UnityEngine.Logger:Log(LogType, Object)
UnityEngine.Debug:Log(Object)
<WaitThenSetFrame>d__26:MoveNext()
UnityEngine.SetupCoroutine:InvokeMoveNext(IEnumerator, IntPtr)

Zap is not being watched: freezing at frame: 10
UnityEngine.DebugLogHandler:Internal_Log(LogType, LogOption, String, Object)
UnityEngine.Logger:Log(LogType, Object)
UnityEngine.Debug:Log(Object)
<WaitThenSetFrame>d__26:MoveNext()
UnityEngine.SetupCoroutine:InvokeMoveNext(IEnumerator, IntPtr)

Zap is not being watched: freezing at frame: 45
UnityEngine.DebugLogHandler:Internal_Log(LogType, LogOption, String, Object)
UnityEngine.Logger:Log(LogType, Object)
UnityEngine.Debug:Log(Object)
<WaitThenSetFrame>d__26:MoveNext()
UnityEngine.SetupCoroutine:InvokeMoveNext(IEnumerator, IntPtr)

Zap is not being watched: freezing at frame: 10
UnityEngine.DebugLogHandler:Internal_Log(LogType, LogOption, String, Object)
UnityEngine.Logger:Log(LogType, Object)
UnityEngine.Debug:Log(Object)
<WaitThenSetFrame>d__26:MoveNext()
UnityEngine.SetupCoroutine:InvokeMoveNext(IEnumerator, IntPtr)

Zap is not being watched: freezing at frame: 25
UnityEngine.DebugLogHandler:Internal_Log(LogType, LogOption, String, Object)
UnityEngine.Logger:Log(LogType, Object)
UnityEngine.Debug:Log(Object)
<WaitThenSetFrame>d__26:MoveNext()
UnityEngine.SetupCoroutine:InvokeMoveNext(IEnumerator, IntPtr)

Zap is not being watched: freezing at frame: 10
UnityEngine.DebugLogHandler:Internal_Log(LogType, LogOption, String, Object)
UnityEngine.Logger:Log(LogType, Object)
UnityEngine.Debug:Log(Object)
<WaitThenSetFrame>d__26:MoveNext()
UnityEngine.SetupCoroutine:InvokeMoveNext(IEnumerator, IntPtr)

Zap is not being watched: freezing at frame: 20
UnityEngine.DebugLogHandler:Internal_Log(LogType, LogOption, String, Object)
UnityEngine.Logger:Log(LogType, Object)
UnityEngine.Debug:Log(Object)
<WaitThenSetFrame>d__26:MoveNext()
UnityEngine.SetupCoroutine:InvokeMoveNext(IEnumerator, IntPtr)

Zap is not being watched: freezing at frame: 15
UnityEngine.DebugLogHandler:Internal_Log(LogType, LogOption, String, Object)
UnityEngine.Logger:Log(LogType, Object)
UnityEngine.Debug:Log(Object)
<WaitThenSetFrame>d__26:MoveNext()
UnityEngine.SetupCoroutine:InvokeMoveNext(IEnumerator, IntPtr)

Zap is not being watched: freezing at frame: 10
UnityEngine.DebugLogHandler:Internal_Log(LogType, LogOption, String, Object)
UnityEngine.Logger:Log(LogType, Object)
UnityEngine.Debug:Log(Object)
<WaitThenSetFrame>d__26:MoveNext()
UnityEngine.SetupCoroutine:InvokeMoveNext(IEnumerator, IntPtr)

Zap is not being watched: freezing at frame: 15
UnityEngine.DebugLogHandler:Internal_Log(LogType, LogOption, String, Object)
UnityEngine.Logger:Log(LogType, Object)
UnityEngine.Debug:Log(Object)
<WaitThenSetFrame>d__26:MoveNext()
UnityEngine.SetupCoroutine:InvokeMoveNext(IEnumerator, IntPtr)

Zap is not being watched: freezing at frame: 5
UnityEngine.DebugLogHandler:Internal_Log(LogType, LogOption, String, Object)
UnityEngine.Logger:Log(LogType, Object)
UnityEngine.Debug:Log(Object)
<WaitThenSetFrame>d__26:MoveNext()
UnityEngine.SetupCoroutine:InvokeMoveNext(IEnumerator, IntPtr)

Zap is not being watched: freezing at frame: 10
UnityEngine.DebugLogHandler:Internal_Log(LogType, LogOption, String, Object)
UnityEngine.Logger:Log(LogType, Object)
UnityEngine.Debug:Log(Object)
<WaitThenSetFrame>d__26:MoveNext()
UnityEngine.SetupCoroutine:InvokeMoveNext(IEnumerator, IntPtr)

Zap is not being watched: freezing at frame: 20
UnityEngine.DebugLogHandler:Internal_Log(LogType, LogOption, String, Object)
UnityEngine.Logger:Log(LogType, Object)
UnityEngine.Debug:Log(Object)
<WaitThenSetFrame>d__26:MoveNext()
UnityEngine.SetupCoroutine:InvokeMoveNext(IEnumerator, IntPtr)

Zap is not being watched: freezing at frame: 35
UnityEngine.DebugLogHandler:Internal_Log(LogType, LogOption, String, Object)
UnityEngine.Logger:Log(LogType, Object)
UnityEngine.Debug:Log(Object)
<WaitThenSetFrame>d__26:MoveNext()
UnityEngine.SetupCoroutine:InvokeMoveNext(IEnumerator, IntPtr)

Zap is not being watched: freezing at frame: 30
UnityEngine.DebugLogHandler:Internal_Log(LogType, LogOption, String, Object)
UnityEngine.Logger:Log(LogType, Object)
UnityEngine.Debug:Log(Object)
<WaitThenSetFrame>d__26:MoveNext()
UnityEngine.SetupCoroutine:InvokeMoveNext(IEnumerator, IntPtr)

Zap is not being watched: freezing at frame: 5
UnityEngine.DebugLogHandler:Internal_Log(LogType, LogOption, String, Object)
UnityEngine.Logger:Log(LogType, Object)
UnityEngine.Debug:Log(Object)
<WaitThenSetFrame>d__26:MoveNext()
UnityEngine.SetupCoroutine:InvokeMoveNext(IEnumerator, IntPtr)

Zap is not being watched: freezing at frame: 10
UnityEngine.DebugLogHandler:Internal_Log(LogType, LogOption, String, Object)
UnityEngine.Logger:Log(LogType, Object)
UnityEngine.Debug:Log(Object)
<WaitThenSetFrame>d__26:MoveNext()
UnityEngine.SetupCoroutine:InvokeMoveNext(IEnumerator, IntPtr)

Zap is not being watched: freezing at frame: 30
UnityEngine.DebugLogHandler:Internal_Log(LogType, LogOption, String, Object)
UnityEngine.Logger:Log(LogType, Object)
UnityEngine.Debug:Log(Object)
<WaitThenSetFrame>d__26:MoveNext()
UnityEngine.SetupCoroutine:InvokeMoveNext(IEnumerator, IntPtr)

Zap is not being watched: freezing at frame: 15
UnityEngine.DebugLogHandler:Internal_Log(LogType, LogOption, String, Object)
UnityEngine.Logger:Log(LogType, Object)
UnityEngine.Debug:Log(Object)
<WaitThenSetFrame>d__26:MoveNext()
UnityEngine.SetupCoroutine:InvokeMoveNext(IEnumerator, IntPtr)

Zap is not being watched: freezing at frame: 35
UnityEngine.DebugLogHandler:Internal_Log(LogType, LogOption, String, Object)
UnityEngine.Logger:Log(LogType, Object)
UnityEngine.Debug:Log(Object)
<WaitThenSetFrame>d__26:MoveNext()
UnityEngine.SetupCoroutine:InvokeMoveNext(IEnumerator, IntPtr)

Zap is not being watched: freezing at frame: 0
UnityEngine.DebugLogHandler:Internal_Log(LogType, LogOption, String, Object)
UnityEngine.Logger:Log(LogType, Object)
UnityEngine.Debug:Log(Object)
<WaitThenSetFrame>d__26:MoveNext()
UnityEngine.SetupCoroutine:InvokeMoveNext(IEnumerator, IntPtr)

Zap is not being watched: freezing at frame: 10
UnityEngine.DebugLogHandler:Internal_Log(LogType, LogOption, String, Object)
UnityEngine.Logger:Log(LogType, Object)
UnityEngine.Debug:Log(Object)
<WaitThenSetFrame>d__26:MoveNext()
UnityEngine.SetupCoroutine:InvokeMoveNext(IEnumerator, IntPtr)

Zap is not being watched: freezing at frame: 25
UnityEngine.DebugLogHandler:Internal_Log(LogType, LogOption, String, Object)
UnityEngine.Logger:Log(LogType, Object)
UnityEngine.Debug:Log(Object)
<WaitThenSetFrame>d__26:MoveNext()
UnityEngine.SetupCoroutine:InvokeMoveNext(IEnumerator, IntPtr)

Zap is not being watched: freezing at frame: 5
UnityEngine.DebugLogHandler:Internal_Log(LogType, LogOption, String, Object)
UnityEngine.Logger:Log(LogType, Object)
UnityEngine.Debug:Log(Object)
<WaitThenSetFrame>d__26:MoveNext()
UnityEngine.SetupCoroutine:InvokeMoveNext(IEnumerator, IntPtr)

Zap is not being watched: freezing at frame: 15
UnityEngine.DebugLogHandler:Internal_Log(LogType, LogOption, String, Object)
UnityEngine.Logger:Log(LogType, Object)
UnityEngine.Debug:Log(Object)
<WaitThenSetFrame>d__26:MoveNext()
UnityEngine.SetupCoroutine:InvokeMoveNext(IEnumerator, IntPtr)

Zap is not being watched: freezing at frame: 5
UnityEngine.DebugLogHandler:Internal_Log(LogType, LogOption, String, Object)
UnityEngine.Logger:Log(LogType, Object)
UnityEngine.Debug:Log(Object)
<WaitThenSetFrame>d__26:MoveNext()
UnityEngine.SetupCoroutine:InvokeMoveNext(IEnumerator, IntPtr)

Zap is not being watched: freezing at frame: 45
UnityEngine.DebugLogHandler:Internal_Log(LogType, LogOption, String, Object)
UnityEngine.Logger:Log(LogType, Object)
UnityEngine.Debug:Log(Object)
<WaitThenSetFrame>d__26:MoveNext()
UnityEngine.SetupCoroutine:InvokeMoveNext(IEnumerator, IntPtr)

Zap is not being watched: freezing at frame: 45
UnityEngine.DebugLogHandler:Internal_Log(LogType, LogOption, String, Object)
UnityEngine.Logger:Log(LogType, Object)
UnityEngine.Debug:Log(Object)
<WaitThenSetFrame>d__26:MoveNext()
UnityEngine.SetupCoroutine:InvokeMoveNext(IEnumerator, IntPtr)

Zap is not being watched: freezing at frame: 20
UnityEngine.DebugLogHandler:Internal_Log(LogType, LogOption, String, Object)
UnityEngine.Logger:Log(LogType, Object)
UnityEngine.Debug:Log(Object)
<WaitThenSetFrame>d__26:MoveNext()
UnityEngine.SetupCoroutine:InvokeMoveNext(IEnumerator, IntPtr)

Zap is not being watched: freezing at frame: 45
UnityEngine.DebugLogHandler:Internal_Log(LogType, LogOption, String, Object)
UnityEngine.Logger:Log(LogType, Object)
UnityEngine.Debug:Log(Object)
<WaitThenSetFrame>d__26:MoveNext()
UnityEngine.SetupCoroutine:InvokeMoveNext(IEnumerator, IntPtr)

Zap is not being watched: freezing at frame: 15
UnityEngine.DebugLogHandler:Internal_Log(LogType, LogOption, String, Object)
UnityEngine.Logger:Log(LogType, Object)
UnityEngine.Debug:Log(Object)
<WaitThenSetFrame>d__26:MoveNext()
UnityEngine.SetupCoroutine:InvokeMoveNext(IEnumerator, IntPtr)

Zap is not being watched: freezing at frame: 45
UnityEngine.DebugLogHandler:Internal_Log(LogType, LogOption, String, Object)
UnityEngine.Logger:Log(LogType, Object)
UnityEngine.Debug:Log(Object)
<WaitThenSetFrame>d__26:MoveNext()
UnityEngine.SetupCoroutine:InvokeMoveNext(IEnumerator, IntPtr)

Zap is not being watched: freezing at frame: 20
UnityEngine.DebugLogHandler:Internal_Log(LogType, LogOption, String, Object)
UnityEngine.Logger:Log(LogType, Object)
UnityEngine.Debug:Log(Object)
<WaitThenSetFrame>d__26:MoveNext()
UnityEngine.SetupCoroutine:InvokeMoveNext(IEnumerator, IntPtr)

Zap is not being watched: freezing at frame: 25
UnityEngine.DebugLogHandler:Internal_Log(LogType, LogOption, String, Object)
UnityEngine.Logger:Log(LogType, Object)
UnityEngine.Debug:Log(Object)
<WaitThenSetFrame>d__26:MoveNext()
UnityEngine.SetupCoroutine:InvokeMoveNext(IEnumerator, IntPtr)

4 to 0.32
UnityEngine.DebugLogHandler:Internal_Log(LogType, LogOption, String, Object)
UnityEngine.Logger:Log(LogType, Object)
UnityEngine.Debug:Log(Object)
Freddy:HandleMovementAudio(Boolean)
Animatronic:SetNodeClientRpc(Int32, Boolean, Boolean)
Animatronic:__rpc_handler_1908766251(NetworkBehaviour, FastBufferReader, __RpcParams)
Unity.Netcode.RpcMessageHelpers:Handle(NetworkContext&, RpcMetadata&, FastBufferReader&, __RpcParams&)
Unity.Netcode.ClientRpcMessage:Handle(NetworkContext&)
Unity.Netcode.MessagingSystem:ReceiveMessage(FastBufferReader, NetworkContext&, MessagingSystem)
Unity.Netcode.MessagingSystem:HandleMessage(MessageHeader&, FastBufferReader, UInt64, Single, Int32)
Unity.Netcode.MessagingSystem:ProcessIncomingMessageQueue()
Unity.Netcode.NetworkManager:NetworkUpdate(NetworkUpdateStage)
Unity.Netcode.NetworkUpdateLoop:RunNetworkUpdateStage(NetworkUpdateStage)

Zap is not being watched: freezing at frame: 25
UnityEngine.DebugLogHandler:Internal_Log(LogType, LogOption, String, Object)
UnityEngine.Logger:Log(LogType, Object)
UnityEngine.Debug:Log(Object)
<WaitThenSetFrame>d__26:MoveNext()
UnityEngine.SetupCoroutine:InvokeMoveNext(IEnumerator, IntPtr)

Zap is not being watched: freezing at frame: 20
UnityEngine.DebugLogHandler:Internal_Log(LogType, LogOption, String, Object)
UnityEngine.Logger:Log(LogType, Object)
UnityEngine.Debug:Log(Object)
<WaitThenSetFrame>d__26:MoveNext()
UnityEngine.SetupCoroutine:InvokeMoveNext(IEnumerator, IntPtr)

Zap is not being watched: freezing at frame: 15
UnityEngine.DebugLogHandler:Internal_Log(LogType, LogOption, String, Object)
UnityEngine.Logger:Log(LogType, Object)
UnityEngine.Debug:Log(Object)
<WaitThenSetFrame>d__26:MoveNext()
UnityEngine.SetupCoroutine:InvokeMoveNext(IEnumerator, IntPtr)

Zap is not being watched: freezing at frame: 20
UnityEngine.DebugLogHandler:Internal_Log(LogType, LogOption, String, Object)
UnityEngine.Logger:Log(LogType, Object)
UnityEngine.Debug:Log(Object)
<WaitThenSetFrame>d__26:MoveNext()
UnityEngine.SetupCoroutine:InvokeMoveNext(IEnumerator, IntPtr)

Zap is not being watched: freezing at frame: 10
UnityEngine.DebugLogHandler:Internal_Log(LogType, LogOption, String, Object)
UnityEngine.Logger:Log(LogType, Object)
UnityEngine.Debug:Log(Object)
<WaitThenSetFrame>d__26:MoveNext()
UnityEngine.SetupCoroutine:InvokeMoveNext(IEnumerator, IntPtr)

Zap is not being watched: freezing at frame: 20
UnityEngine.DebugLogHandler:Internal_Log(LogType, LogOption, String, Object)
UnityEngine.Logger:Log(LogType, Object)
UnityEngine.Debug:Log(Object)
<WaitThenSetFrame>d__26:MoveNext()
UnityEngine.SetupCoroutine:InvokeMoveNext(IEnumerator, IntPtr)

Zap is not being watched: freezing at frame: 5
UnityEngine.DebugLogHandler:Internal_Log(LogType, LogOption, String, Object)
UnityEngine.Logger:Log(LogType, Object)
UnityEngine.Debug:Log(Object)
<WaitThenSetFrame>d__26:MoveNext()
UnityEngine.SetupCoroutine:InvokeMoveNext(IEnumerator, IntPtr)

Zap is not being watched: freezing at frame: 5
UnityEngine.DebugLogHandler:Internal_Log(LogType, LogOption, String, Object)
UnityEngine.Logger:Log(LogType, Object)
UnityEngine.Debug:Log(Object)
<WaitThenSetFrame>d__26:MoveNext()
UnityEngine.SetupCoroutine:InvokeMoveNext(IEnumerator, IntPtr)

Zap is not being watched: freezing at frame: 25
UnityEngine.DebugLogHandler:Internal_Log(LogType, LogOption, String, Object)
UnityEngine.Logger:Log(LogType, Object)
UnityEngine.Debug:Log(Object)
<WaitThenSetFrame>d__26:MoveNext()
UnityEngine.SetupCoroutine:InvokeMoveNext(IEnumerator, IntPtr)

Zap is not being watched: freezing at frame: 20
UnityEngine.DebugLogHandler:Internal_Log(LogType, LogOption, String, Object)
UnityEngine.Logger:Log(LogType, Object)
UnityEngine.Debug:Log(Object)
<WaitThenSetFrame>d__26:MoveNext()
UnityEngine.SetupCoroutine:InvokeMoveNext(IEnumerator, IntPtr)

Zap is not being watched: freezing at frame: 30
UnityEngine.DebugLogHandler:Internal_Log(LogType, LogOption, String, Object)
UnityEngine.Logger:Log(LogType, Object)
UnityEngine.Debug:Log(Object)
<WaitThenSetFrame>d__26:MoveNext()
UnityEngine.SetupCoroutine:InvokeMoveNext(IEnumerator, IntPtr)

Zap is not being watched: freezing at frame: 35
UnityEngine.DebugLogHandler:Internal_Log(LogType, LogOption, String, Object)
UnityEngine.Logger:Log(LogType, Object)
UnityEngine.Debug:Log(Object)
<WaitThenSetFrame>d__26:MoveNext()
UnityEngine.SetupCoroutine:InvokeMoveNext(IEnumerator, IntPtr)

Zap is not being watched: freezing at frame: 35
UnityEngine.DebugLogHandler:Internal_Log(LogType, LogOption, String, Object)
UnityEngine.Logger:Log(LogType, Object)
UnityEngine.Debug:Log(Object)
<WaitThenSetFrame>d__26:MoveNext()
UnityEngine.SetupCoroutine:InvokeMoveNext(IEnumerator, IntPtr)

Zap is not being watched: freezing at frame: 30
UnityEngine.DebugLogHandler:Internal_Log(LogType, LogOption, String, Object)
UnityEngine.Logger:Log(LogType, Object)
UnityEngine.Debug:Log(Object)
<WaitThenSetFrame>d__26:MoveNext()
UnityEngine.SetupCoroutine:InvokeMoveNext(IEnumerator, IntPtr)

Zap is not being watched: freezing at frame: 25
UnityEngine.DebugLogHandler:Internal_Log(LogType, LogOption, String, Object)
UnityEngine.Logger:Log(LogType, Object)
UnityEngine.Debug:Log(Object)
<WaitThenSetFrame>d__26:MoveNext()
UnityEngine.SetupCoroutine:InvokeMoveNext(IEnumerator, IntPtr)

Zap is not being watched: freezing at frame: 10
UnityEngine.DebugLogHandler:Internal_Log(LogType, LogOption, String, Object)
UnityEngine.Logger:Log(LogType, Object)
UnityEngine.Debug:Log(Object)
<WaitThenSetFrame>d__26:MoveNext()
UnityEngine.SetupCoroutine:InvokeMoveNext(IEnumerator, IntPtr)

Zap is not being watched: freezing at frame: 0
UnityEngine.DebugLogHandler:Internal_Log(LogType, LogOption, String, Object)
UnityEngine.Logger:Log(LogType, Object)
UnityEngine.Debug:Log(Object)
<WaitThenSetFrame>d__26:MoveNext()
UnityEngine.SetupCoroutine:InvokeMoveNext(IEnumerator, IntPtr)

Zap is not being watched: freezing at frame: 15
UnityEngine.DebugLogHandler:Internal_Log(LogType, LogOption, String, Object)
UnityEngine.Logger:Log(LogType, Object)
UnityEngine.Debug:Log(Object)
<WaitThenSetFrame>d__26:MoveNext()
UnityEngine.SetupCoroutine:InvokeMoveNext(IEnumerator, IntPtr)

Zap is not being watched: freezing at frame: 0
UnityEngine.DebugLogHandler:Internal_Log(LogType, LogOption, String, Object)
UnityEngine.Logger:Log(LogType, Object)
UnityEngine.Debug:Log(Object)
<WaitThenSetFrame>d__26:MoveNext()
UnityEngine.SetupCoroutine:InvokeMoveNext(IEnumerator, IntPtr)

Zap is not being watched: freezing at frame: 30
UnityEngine.DebugLogHandler:Internal_Log(LogType, LogOption, String, Object)
UnityEngine.Logger:Log(LogType, Object)
UnityEngine.Debug:Log(Object)
<WaitThenSetFrame>d__26:MoveNext()
UnityEngine.SetupCoroutine:InvokeMoveNext(IEnumerator, IntPtr)

Zap is not being watched: freezing at frame: 30
UnityEngine.DebugLogHandler:Internal_Log(LogType, LogOption, String, Object)
UnityEngine.Logger:Log(LogType, Object)
UnityEngine.Debug:Log(Object)
<WaitThenSetFrame>d__26:MoveNext()
UnityEngine.SetupCoroutine:InvokeMoveNext(IEnumerator, IntPtr)

Zap is not being watched: freezing at frame: 5
UnityEngine.DebugLogHandler:Internal_Log(LogType, LogOption, String, Object)
UnityEngine.Logger:Log(LogType, Object)
UnityEngine.Debug:Log(Object)
<WaitThenSetFrame>d__26:MoveNext()
UnityEngine.SetupCoroutine:InvokeMoveNext(IEnumerator, IntPtr)

Zap is not being watched: freezing at frame: 0
UnityEngine.DebugLogHandler:Internal_Log(LogType, LogOption, String, Object)
UnityEngine.Logger:Log(LogType, Object)
UnityEngine.Debug:Log(Object)
<WaitThenSetFrame>d__26:MoveNext()
UnityEngine.SetupCoroutine:InvokeMoveNext(IEnumerator, IntPtr)

Zap is not being watched: freezing at frame: 20
UnityEngine.DebugLogHandler:Internal_Log(LogType, LogOption, String, Object)
UnityEngine.Logger:Log(LogType, Object)
UnityEngine.Debug:Log(Object)
<WaitThenSetFrame>d__26:MoveNext()
UnityEngine.SetupCoroutine:InvokeMoveNext(IEnumerator, IntPtr)

Zap is not being watched: freezing at frame: 30
UnityEngine.DebugLogHandler:Internal_Log(LogType, LogOption, String, Object)
UnityEngine.Logger:Log(LogType, Object)
UnityEngine.Debug:Log(Object)
<WaitThenSetFrame>d__26:MoveNext()
UnityEngine.SetupCoroutine:InvokeMoveNext(IEnumerator, IntPtr)

Zap is not being watched: freezing at frame: 25
UnityEngine.DebugLogHandler:Internal_Log(LogType, LogOption, String, Object)
UnityEngine.Logger:Log(LogType, Object)
UnityEngine.Debug:Log(Object)
<WaitThenSetFrame>d__26:MoveNext()
UnityEngine.SetupCoroutine:InvokeMoveNext(IEnumerator, IntPtr)

Zap is not being watched: freezing at frame: 15
UnityEngine.DebugLogHandler:Internal_Log(LogType, LogOption, String, Object)
UnityEngine.Logger:Log(LogType, Object)
UnityEngine.Debug:Log(Object)
<WaitThenSetFrame>d__26:MoveNext()
UnityEngine.SetupCoroutine:InvokeMoveNext(IEnumerator, IntPtr)

Zap is not being watched: freezing at frame: 10
UnityEngine.DebugLogHandler:Internal_Log(LogType, LogOption, String, Object)
UnityEngine.Logger:Log(LogType, Object)
UnityEngine.Debug:Log(Object)
<WaitThenSetFrame>d__26:MoveNext()
UnityEngine.SetupCoroutine:InvokeMoveNext(IEnumerator, IntPtr)

Zap is not being watched: freezing at frame: 45
UnityEngine.DebugLogHandler:Internal_Log(LogType, LogOption, String, Object)
UnityEngine.Logger:Log(LogType, Object)
UnityEngine.Debug:Log(Object)
<WaitThenSetFrame>d__26:MoveNext()
UnityEngine.SetupCoroutine:InvokeMoveNext(IEnumerator, IntPtr)

Zap is not being watched: freezing at frame: 25
UnityEngine.DebugLogHandler:Internal_Log(LogType, LogOption, String, Object)
UnityEngine.Logger:Log(LogType, Object)
UnityEngine.Debug:Log(Object)
<WaitThenSetFrame>d__26:MoveNext()
UnityEngine.SetupCoroutine:InvokeMoveNext(IEnumerator, IntPtr)

Zap is not being watched: freezing at frame: 45
UnityEngine.DebugLogHandler:Internal_Log(LogType, LogOption, String, Object)
UnityEngine.Logger:Log(LogType, Object)
UnityEngine.Debug:Log(Object)
<WaitThenSetFrame>d__26:MoveNext()
UnityEngine.SetupCoroutine:InvokeMoveNext(IEnumerator, IntPtr)

Zap is not being watched: freezing at frame: 15
UnityEngine.DebugLogHandler:Internal_Log(LogType, LogOption, String, Object)
UnityEngine.Logger:Log(LogType, Object)
UnityEngine.Debug:Log(Object)
<WaitThenSetFrame>d__26:MoveNext()
UnityEngine.SetupCoroutine:InvokeMoveNext(IEnumerator, IntPtr)

Zap is not being watched: freezing at frame: 45
UnityEngine.DebugLogHandler:Internal_Log(LogType, LogOption, String, Object)
UnityEngine.Logger:Log(LogType, Object)
UnityEngine.Debug:Log(Object)
<WaitThenSetFrame>d__26:MoveNext()
UnityEngine.SetupCoroutine:InvokeMoveNext(IEnumerator, IntPtr)

Zap is not being watched: freezing at frame: 10
UnityEngine.DebugLogHandler:Internal_Log(LogType, LogOption, String, Object)
UnityEngine.Logger:Log(LogType, Object)
UnityEngine.Debug:Log(Object)
<WaitThenSetFrame>d__26:MoveNext()
UnityEngine.SetupCoroutine:InvokeMoveNext(IEnumerator, IntPtr)

Zap is not being watched: freezing at frame: 25
UnityEngine.DebugLogHandler:Internal_Log(LogType, LogOption, String, Object)
UnityEngine.Logger:Log(LogType, Object)
UnityEngine.Debug:Log(Object)
<WaitThenSetFrame>d__26:MoveNext()
UnityEngine.SetupCoroutine:InvokeMoveNext(IEnumerator, IntPtr)

Zap is not being watched: freezing at frame: 10
UnityEngine.DebugLogHandler:Internal_Log(LogType, LogOption, String, Object)
UnityEngine.Logger:Log(LogType, Object)
UnityEngine.Debug:Log(Object)
<WaitThenSetFrame>d__26:MoveNext()
UnityEngine.SetupCoroutine:InvokeMoveNext(IEnumerator, IntPtr)

Zap is not being watched: freezing at frame: 20
UnityEngine.DebugLogHandler:Internal_Log(LogType, LogOption, String, Object)
UnityEngine.Logger:Log(LogType, Object)
UnityEngine.Debug:Log(Object)
<WaitThenSetFrame>d__26:MoveNext()
UnityEngine.SetupCoroutine:InvokeMoveNext(IEnumerator, IntPtr)

Zap is not being watched: freezing at frame: 20
UnityEngine.DebugLogHandler:Internal_Log(LogType, LogOption, String, Object)
UnityEngine.Logger:Log(LogType, Object)
UnityEngine.Debug:Log(Object)
<WaitThenSetFrame>d__26:MoveNext()
UnityEngine.SetupCoroutine:InvokeMoveNext(IEnumerator, IntPtr)

Zap is not being watched: freezing at frame: 45
UnityEngine.DebugLogHandler:Internal_Log(LogType, LogOption, String, Object)
UnityEngine.Logger:Log(LogType, Object)
UnityEngine.Debug:Log(Object)
<WaitThenSetFrame>d__26:MoveNext()
UnityEngine.SetupCoroutine:InvokeMoveNext(IEnumerator, IntPtr)

Zap is not being watched: freezing at frame: 25
UnityEngine.DebugLogHandler:Internal_Log(LogType, LogOption, String, Object)
UnityEngine.Logger:Log(LogType, Object)
UnityEngine.Debug:Log(Object)
<WaitThenSetFrame>d__26:MoveNext()
UnityEngine.SetupCoroutine:InvokeMoveNext(IEnumerator, IntPtr)

Zap is not being watched: freezing at frame: 10
UnityEngine.DebugLogHandler:Internal_Log(LogType, LogOption, String, Object)
UnityEngine.Logger:Log(LogType, Object)
UnityEngine.Debug:Log(Object)
<WaitThenSetFrame>d__26:MoveNext()
UnityEngine.SetupCoroutine:InvokeMoveNext(IEnumerator, IntPtr)

Zap is not being watched: freezing at frame: 45
UnityEngine.DebugLogHandler:Internal_Log(LogType, LogOption, String, Object)
UnityEngine.Logger:Log(LogType, Object)
UnityEngine.Debug:Log(Object)
<WaitThenSetFrame>d__26:MoveNext()
UnityEngine.SetupCoroutine:InvokeMoveNext(IEnumerator, IntPtr)

Zap is not being watched: freezing at frame: 15
UnityEngine.DebugLogHandler:Internal_Log(LogType, LogOption, String, Object)
UnityEngine.Logger:Log(LogType, Object)
UnityEngine.Debug:Log(Object)
<WaitThenSetFrame>d__26:MoveNext()
UnityEngine.SetupCoroutine:InvokeMoveNext(IEnumerator, IntPtr)

Zap is not being watched: freezing at frame: 20
UnityEngine.DebugLogHandler:Internal_Log(LogType, LogOption, String, Object)
UnityEngine.Logger:Log(LogType, Object)
UnityEngine.Debug:Log(Object)
<WaitThenSetFrame>d__26:MoveNext()
UnityEngine.SetupCoroutine:InvokeMoveNext(IEnumerator, IntPtr)

Zap is not being watched: freezing at frame: 45
UnityEngine.DebugLogHandler:Internal_Log(LogType, LogOption, String, Object)
UnityEngine.Logger:Log(LogType, Object)
UnityEngine.Debug:Log(Object)
<WaitThenSetFrame>d__26:MoveNext()
UnityEngine.SetupCoroutine:InvokeMoveNext(IEnumerator, IntPtr)

Zap is not being watched: freezing at frame: 20
UnityEngine.DebugLogHandler:Internal_Log(LogType, LogOption, String, Object)
UnityEngine.Logger:Log(LogType, Object)
UnityEngine.Debug:Log(Object)
<WaitThenSetFrame>d__26:MoveNext()
UnityEngine.SetupCoroutine:InvokeMoveNext(IEnumerator, IntPtr)

Zap is not being watched: freezing at frame: 45
UnityEngine.DebugLogHandler:Internal_Log(LogType, LogOption, String, Object)
UnityEngine.Logger:Log(LogType, Object)
UnityEngine.Debug:Log(Object)
<WaitThenSetFrame>d__26:MoveNext()
UnityEngine.SetupCoroutine:InvokeMoveNext(IEnumerator, IntPtr)

Zap is not being watched: freezing at frame: 15
UnityEngine.DebugLogHandler:Internal_Log(LogType, LogOption, String, Object)
UnityEngine.Logger:Log(LogType, Object)
UnityEngine.Debug:Log(Object)
<WaitThenSetFrame>d__26:MoveNext()
UnityEngine.SetupCoroutine:InvokeMoveNext(IEnumerator, IntPtr)

Zap is not being watched: freezing at frame: 20
UnityEngine.DebugLogHandler:Internal_Log(LogType, LogOption, String, Object)
UnityEngine.Logger:Log(LogType, Object)
UnityEngine.Debug:Log(Object)
<WaitThenSetFrame>d__26:MoveNext()
UnityEngine.SetupCoroutine:InvokeMoveNext(IEnumerator, IntPtr)

Zap is not being watched: freezing at frame: 20
UnityEngine.DebugLogHandler:Internal_Log(LogType, LogOption, String, Object)
UnityEngine.Logger:Log(LogType, Object)
UnityEngine.Debug:Log(Object)
<WaitThenSetFrame>d__26:MoveNext()
UnityEngine.SetupCoroutine:InvokeMoveNext(IEnumerator, IntPtr)

Zap is not being watched: freezing at frame: 45
UnityEngine.DebugLogHandler:Internal_Log(LogType, LogOption, String, Object)
UnityEngine.Logger:Log(LogType, Object)
UnityEngine.Debug:Log(Object)
<WaitThenSetFrame>d__26:MoveNext()
UnityEngine.SetupCoroutine:InvokeMoveNext(IEnumerator, IntPtr)

Zap is not being watched: freezing at frame: 45
UnityEngine.DebugLogHandler:Internal_Log(LogType, LogOption, String, Object)
UnityEngine.Logger:Log(LogType, Object)
UnityEngine.Debug:Log(Object)
<WaitThenSetFrame>d__26:MoveNext()
UnityEngine.SetupCoroutine:InvokeMoveNext(IEnumerator, IntPtr)

Zap is not being watched: freezing at frame: 20
UnityEngine.DebugLogHandler:Internal_Log(LogType, LogOption, String, Object)
UnityEngine.Logger:Log(LogType, Object)
UnityEngine.Debug:Log(Object)
<WaitThenSetFrame>d__26:MoveNext()
UnityEngine.SetupCoroutine:InvokeMoveNext(IEnumerator, IntPtr)

Zap is not being watched: freezing at frame: 10
UnityEngine.DebugLogHandler:Internal_Log(LogType, LogOption, String, Object)
UnityEngine.Logger:Log(LogType, Object)
UnityEngine.Debug:Log(Object)
<WaitThenSetFrame>d__26:MoveNext()
UnityEngine.SetupCoroutine:InvokeMoveNext(IEnumerator, IntPtr)

Zap is not being watched: freezing at frame: 20
UnityEngine.DebugLogHandler:Internal_Log(LogType, LogOption, String, Object)
UnityEngine.Logger:Log(LogType, Object)
UnityEngine.Debug:Log(Object)
<WaitThenSetFrame>d__26:MoveNext()
UnityEngine.SetupCoroutine:InvokeMoveNext(IEnumerator, IntPtr)

Zap is not being watched: freezing at frame: 15
UnityEngine.DebugLogHandler:Internal_Log(LogType, LogOption, String, Object)
UnityEngine.Logger:Log(LogType, Object)
UnityEngine.Debug:Log(Object)
<WaitThenSetFrame>d__26:MoveNext()
UnityEngine.SetupCoroutine:InvokeMoveNext(IEnumerator, IntPtr)

Zap is not being watched: freezing at frame: 25
UnityEngine.DebugLogHandler:Internal_Log(LogType, LogOption, String, Object)
UnityEngine.Logger:Log(LogType, Object)
UnityEngine.Debug:Log(Object)
<WaitThenSetFrame>d__26:MoveNext()
UnityEngine.SetupCoroutine:InvokeMoveNext(IEnumerator, IntPtr)

Zap is not being watched: freezing at frame: 20
UnityEngine.DebugLogHandler:Internal_Log(LogType, LogOption, String, Object)
UnityEngine.Logger:Log(LogType, Object)
UnityEngine.Debug:Log(Object)
<WaitThenSetFrame>d__26:MoveNext()
UnityEngine.SetupCoroutine:InvokeMoveNext(IEnumerator, IntPtr)

Zap is not being watched: freezing at frame: 20
UnityEngine.DebugLogHandler:Internal_Log(LogType, LogOption, String, Object)
UnityEngine.Logger:Log(LogType, Object)
UnityEngine.Debug:Log(Object)
<WaitThenSetFrame>d__26:MoveNext()
UnityEngine.SetupCoroutine:InvokeMoveNext(IEnumerator, IntPtr)

Zap is not being watched: freezing at frame: 10
UnityEngine.DebugLogHandler:Internal_Log(LogType, LogOption, String, Object)
UnityEngine.Logger:Log(LogType, Object)
UnityEngine.Debug:Log(Object)
<WaitThenSetFrame>d__26:MoveNext()
UnityEngine.SetupCoroutine:InvokeMoveNext(IEnumerator, IntPtr)

Zap is not being watched: freezing at frame: 15
UnityEngine.DebugLogHandler:Internal_Log(LogType, LogOption, String, Object)
UnityEngine.Logger:Log(LogType, Object)
UnityEngine.Debug:Log(Object)
<WaitThenSetFrame>d__26:MoveNext()
UnityEngine.SetupCoroutine:InvokeMoveNext(IEnumerator, IntPtr)

Zap is not being watched: freezing at frame: 10
UnityEngine.DebugLogHandler:Internal_Log(LogType, LogOption, String, Object)
UnityEngine.Logger:Log(LogType, Object)
UnityEngine.Debug:Log(Object)
<WaitThenSetFrame>d__26:MoveNext()
UnityEngine.SetupCoroutine:InvokeMoveNext(IEnumerator, IntPtr)

Zap is not being watched: freezing at frame: 10
UnityEngine.DebugLogHandler:Internal_Log(LogType, LogOption, String, Object)
UnityEngine.Logger:Log(LogType, Object)
UnityEngine.Debug:Log(Object)
<WaitThenSetFrame>d__26:MoveNext()
UnityEngine.SetupCoroutine:InvokeMoveNext(IEnumerator, IntPtr)

Zap is not being watched: freezing at frame: 10
UnityEngine.DebugLogHandler:Internal_Log(LogType, LogOption, String, Object)
UnityEngine.Logger:Log(LogType, Object)
UnityEngine.Debug:Log(Object)
<WaitThenSetFrame>d__26:MoveNext()
UnityEngine.SetupCoroutine:InvokeMoveNext(IEnumerator, IntPtr)

Zap is not being watched: freezing at frame: 10
UnityEngine.DebugLogHandler:Internal_Log(LogType, LogOption, String, Object)
UnityEngine.Logger:Log(LogType, Object)
UnityEngine.Debug:Log(Object)
<WaitThenSetFrame>d__26:MoveNext()
UnityEngine.SetupCoroutine:InvokeMoveNext(IEnumerator, IntPtr)

Zap is not being watched: freezing at frame: 15
UnityEngine.DebugLogHandler:Internal_Log(LogType, LogOption, String, Object)
UnityEngine.Logger:Log(LogType, Object)
UnityEngine.Debug:Log(Object)
<WaitThenSetFrame>d__26:MoveNext()
UnityEngine.SetupCoroutine:InvokeMoveNext(IEnumerator, IntPtr)

Zap is not being watched: freezing at frame: 10
UnityEngine.DebugLogHandler:Internal_Log(LogType, LogOption, String, Object)
UnityEngine.Logger:Log(LogType, Object)
UnityEngine.Debug:Log(Object)
<WaitThenSetFrame>d__26:MoveNext()
UnityEngine.SetupCoroutine:InvokeMoveNext(IEnumerator, IntPtr)

Zap is not being watched: freezing at frame: 15
UnityEngine.DebugLogHandler:Internal_Log(LogType, LogOption, String, Object)
UnityEngine.Logger:Log(LogType, Object)
UnityEngine.Debug:Log(Object)
<WaitThenSetFrame>d__26:MoveNext()
UnityEngine.SetupCoroutine:InvokeMoveNext(IEnumerator, IntPtr)

Zap is not being watched: freezing at frame: 5
UnityEngine.DebugLogHandler:Internal_Log(LogType, LogOption, String, Object)
UnityEngine.Logger:Log(LogType, Object)
UnityEngine.Debug:Log(Object)
<WaitThenSetFrame>d__26:MoveNext()
UnityEngine.SetupCoroutine:InvokeMoveNext(IEnumerator, IntPtr)

Zap is not being watched: freezing at frame: 5
UnityEngine.DebugLogHandler:Internal_Log(LogType, LogOption, String, Object)
UnityEngine.Logger:Log(LogType, Object)
UnityEngine.Debug:Log(Object)
<WaitThenSetFrame>d__26:MoveNext()
UnityEngine.SetupCoroutine:InvokeMoveNext(IEnumerator, IntPtr)

Zap is not being watched: freezing at frame: 5
UnityEngine.DebugLogHandler:Internal_Log(LogType, LogOption, String, Object)
UnityEngine.Logger:Log(LogType, Object)
UnityEngine.Debug:Log(Object)
<WaitThenSetFrame>d__26:MoveNext()
UnityEngine.SetupCoroutine:InvokeMoveNext(IEnumerator, IntPtr)

Zap is not being watched: freezing at frame: 5
UnityEngine.DebugLogHandler:Internal_Log(LogType, LogOption, String, Object)
UnityEngine.Logger:Log(LogType, Object)
UnityEngine.Debug:Log(Object)
<WaitThenSetFrame>d__26:MoveNext()
UnityEngine.SetupCoroutine:InvokeMoveNext(IEnumerator, IntPtr)

Zap is not being watched: freezing at frame: 5
UnityEngine.DebugLogHandler:Internal_Log(LogType, LogOption, String, Object)
UnityEngine.Logger:Log(LogType, Object)
UnityEngine.Debug:Log(Object)
<WaitThenSetFrame>d__26:MoveNext()
UnityEngine.SetupCoroutine:InvokeMoveNext(IEnumerator, IntPtr)

Zap is not being watched: freezing at frame: 5
UnityEngine.DebugLogHandler:Internal_Log(LogType, LogOption, String, Object)
UnityEngine.Logger:Log(LogType, Object)
UnityEngine.Debug:Log(Object)
<WaitThenSetFrame>d__26:MoveNext()
UnityEngine.SetupCoroutine:InvokeMoveNext(IEnumerator, IntPtr)

Zap is not being watched: freezing at frame: 20
UnityEngine.DebugLogHandler:Internal_Log(LogType, LogOption, String, Object)
UnityEngine.Logger:Log(LogType, Object)
UnityEngine.Debug:Log(Object)
<WaitThenSetFrame>d__26:MoveNext()
UnityEngine.SetupCoroutine:InvokeMoveNext(IEnumerator, IntPtr)

Zap is not being watched: freezing at frame: 45
UnityEngine.DebugLogHandler:Internal_Log(LogType, LogOption, String, Object)
UnityEngine.Logger:Log(LogType, Object)
UnityEngine.Debug:Log(Object)
<WaitThenSetFrame>d__26:MoveNext()
UnityEngine.SetupCoroutine:InvokeMoveNext(IEnumerator, IntPtr)

Zap is not being watched: freezing at frame: 45
UnityEngine.DebugLogHandler:Internal_Log(LogType, LogOption, String, Object)
UnityEngine.Logger:Log(LogType, Object)
UnityEngine.Debug:Log(Object)
<WaitThenSetFrame>d__26:MoveNext()
UnityEngine.SetupCoroutine:InvokeMoveNext(IEnumerator, IntPtr)

Zap is not being watched: freezing at frame: 15
UnityEngine.DebugLogHandler:Internal_Log(LogType, LogOption, String, Object)
UnityEngine.Logger:Log(LogType, Object)
UnityEngine.Debug:Log(Object)
<WaitThenSetFrame>d__26:MoveNext()
UnityEngine.SetupCoroutine:InvokeMoveNext(IEnumerator, IntPtr)

Zap is not being watched: freezing at frame: 30
UnityEngine.DebugLogHandler:Internal_Log(LogType, LogOption, String, Object)
UnityEngine.Logger:Log(LogType, Object)
UnityEngine.Debug:Log(Object)
<WaitThenSetFrame>d__26:MoveNext()
UnityEngine.SetupCoroutine:InvokeMoveNext(IEnumerator, IntPtr)

Zap is not being watched: freezing at frame: 5
UnityEngine.DebugLogHandler:Internal_Log(LogType, LogOption, String, Object)
UnityEngine.Logger:Log(LogType, Object)
UnityEngine.Debug:Log(Object)
<WaitThenSetFrame>d__26:MoveNext()
UnityEngine.SetupCoroutine:InvokeMoveNext(IEnumerator, IntPtr)

Zap is not being watched: freezing at frame: 10
UnityEngine.DebugLogHandler:Internal_Log(LogType, LogOption, String, Object)
UnityEngine.Logger:Log(LogType, Object)
UnityEngine.Debug:Log(Object)
<WaitThenSetFrame>d__26:MoveNext()
UnityEngine.SetupCoroutine:InvokeMoveNext(IEnumerator, IntPtr)

Zap is not being watched: freezing at frame: 25
UnityEngine.DebugLogHandler:Internal_Log(LogType, LogOption, String, Object)
UnityEngine.Logger:Log(LogType, Object)
UnityEngine.Debug:Log(Object)
<WaitThenSetFrame>d__26:MoveNext()
UnityEngine.SetupCoroutine:InvokeMoveNext(IEnumerator, IntPtr)

Zap is not being watched: freezing at frame: 5
UnityEngine.DebugLogHandler:Internal_Log(LogType, LogOption, String, Object)
UnityEngine.Logger:Log(LogType, Object)
UnityEngine.Debug:Log(Object)
<WaitThenSetFrame>d__26:MoveNext()
UnityEngine.SetupCoroutine:InvokeMoveNext(IEnumerator, IntPtr)

Zap is not being watched: freezing at frame: 30
UnityEngine.DebugLogHandler:Internal_Log(LogType, LogOption, String, Object)
UnityEngine.Logger:Log(LogType, Object)
UnityEngine.Debug:Log(Object)
<WaitThenSetFrame>d__26:MoveNext()
UnityEngine.SetupCoroutine:InvokeMoveNext(IEnumerator, IntPtr)

Joined channel: QK8CNJ_LobbyChat
UnityEngine.DebugLogHandler:Internal_Log(LogType, LogOption, String, Object)
UnityEngine.Logger:Log(LogType, Object)
UnityEngine.Debug:Log(Object)
<SetActiveAudioChannel>d__27:MoveNext()
System.Threading.ExecutionContext:RunInternal(ExecutionContext, ContextCallback, Object, Boolean)
System.Runtime.CompilerServices.MoveNextRunner:Run()
System.Threading.Tasks.AwaitTaskContinuation:RunCallback(ContextCallback, Object, Task&)
System.Threading.Tasks.SynchronizationContextAwaitTaskContinuation:Run(Task, Boolean)
System.Threading.Tasks.Task:FinishContinuations()
System.Threading.Tasks.Task`1:TrySetResult(TResult)
System.Runtime.CompilerServices.AsyncTaskMethodBuilder`1:SetResult(TResult)
Unity.Services.Vivox.<JoinGroupChannelAsync>d__199:MoveNext()
System.Threading.ExecutionContext:RunInternal(ExecutionContext, ContextCallback, Object, Boolean)
System.Runtime.CompilerServices.MoveNextRunner:Run()
System.Threading.Tasks.AwaitTaskContinuation:RunCallback(ContextCallback, Object, Task&)
System.Threading.Tasks.SynchronizationContextAwaitTaskContinuation:Run(Task, Boolean)
System.Threading.Tasks.Task:FinishContinuations()
System.Threading.Tasks.Task`1:TrySetResult(TResult)
System.Runtime.CompilerServices.AsyncTaskMethodBuilder`1:SetResult(TResult)
Unity.Services.Vivox.<JoinChannelAsync>d__202:MoveNext()
System.Threading.ExecutionContext:RunInternal(ExecutionContext, ContextCallback, Object, Boolean)
System.Runtime.CompilerServices.MoveNextRunner:Run()
System.Threading.Tasks.AwaitTaskContinuation:RunCallback(ContextCallback, Object, Task&)
System.Threading.Tasks.SynchronizationContextAwaitTaskContinuation:Run(Task, Boolean)
System.Threading.Tasks.Task:FinishContinuations()
System.Threading.Tasks.Task`1:TrySetResult(TResult)
System.Runtime.CompilerServices.AsyncTaskMethodBuilder`1:SetResult(TResult)
Unity.Services.Vivox.<ConnectAsync>d__45:MoveNext()
System.Threading.ExecutionContext:RunInternal(ExecutionContext, ContextCallback, Object, Boolean)
System.Runtime.CompilerServices.MoveNextRunner:Run()
System.Threading.Tasks.AwaitTaskContinuation:RunCallback(ContextCallback, Object, Task&)
System.Threading.Tasks.SynchronizationContextAwaitTaskContinuation:Run(Task, Boolean)
System.Threading.Tasks.Task:FinishContinuations()
System.Threading.Tasks.Task`1:TrySetResult(TResult)
System.Threading.Tasks.TaskCompletionSource`1:TrySetResult(TResult)
Unity.Services.Vivox.ChannelSession:CheckSessionConnection()
Unity.Services.Vivox.ChannelSession:HandleParticipantAdded(vx_evt_base_t)
Unity.Services.Vivox.VxClient:InstanceOnMainLoopRun(Boolean&)
Unity.Services.Vivox.Client:RunOnce()
Unity.Services.Vivox.<VivoxUnityRun>d__7:MoveNext()
UnityEngine.SetupCoroutine:InvokeMoveNext(IEnumerator, IntPtr)

Unloading 6 Unused Serialized files (Serialized files now loaded: 0)
UnloadTime: 3.750500 ms
Unloading 494 unused Assets to reduce memory usage. Loaded Objects now: 6178.
Total: 144.989800 ms (FindLiveObjects: 0.602100 ms CreateObjectMapping: 0.286200 ms MarkObjects: 141.894900 ms  DeleteObjects: 2.204800 ms)

Unloading 5 Unused Serialized files (Serialized files now loaded: 0)
UnloadTime: 4.758300 ms
WindowsVideoMedia error 0xc00d36bb while reading Z:/home/evan/dwn/fnaf-online-0.9.52-alpha/FNAF Online_Data/sharedassets3.resource

Context: CreateObjectFromByteStream
Error details: Unexpected error.

Track types:
WindowsVideoMedia error 0xc00d36bb while reading Z:/home/evan/dwn/fnaf-online-0.9.52-alpha/FNAF Online_Data/sharedassets3.resource

Context: CreateObjectFromByteStream
Error details: Unexpected error.

Track types:
Unloading 57 unused Assets to reduce memory usage. Loaded Objects now: 25573.
Total: 135.905600 ms (FindLiveObjects: 2.364000 ms CreateObjectMapping: 0.523300 ms MarkObjects: 132.724300 ms  DeleteObjects: 0.292500 ms)

Joined channel: PrivateChat_aec20e60
UnityEngine.DebugLogHandler:Internal_Log(LogType, LogOption, String, Object)
UnityEngine.Logger:Log(LogType, Object)
UnityEngine.Debug:Log(Object)
<SetActiveAudioChannel>d__27:MoveNext()
System.Threading.ExecutionContext:RunInternal(ExecutionContext, ContextCallback, Object, Boolean)
System.Runtime.CompilerServices.MoveNextRunner:Run()
System.Threading.Tasks.AwaitTaskContinuation:RunCallback(ContextCallback, Object, Task&)
System.Threading.Tasks.SynchronizationContextAwaitTaskContinuation:Run(Task, Boolean)
System.Threading.Tasks.Task:FinishContinuations()
System.Threading.Tasks.Task`1:TrySetResult(TResult)
System.Runtime.CompilerServices.AsyncTaskMethodBuilder`1:SetResult(TResult)
Unity.Services.Vivox.<JoinGroupChannelAsync>d__199:MoveNext()
System.Threading.ExecutionContext:RunInternal(ExecutionContext, ContextCallback, Object, Boolean)
System.Runtime.CompilerServices.MoveNextRunner:Run()
System.Threading.Tasks.AwaitTaskContinuation:RunCallback(ContextCallback, Object, Task&)
System.Threading.Tasks.SynchronizationContextAwaitTaskContinuation:Run(Task, Boolean)
System.Threading.Tasks.Task:FinishContinuations()
System.Threading.Tasks.Task`1:TrySetResult(TResult)
System.Runtime.CompilerServices.AsyncTaskMethodBuilder`1:SetResult(TResult)
Unity.Services.Vivox.<JoinChannelAsync>d__202:MoveNext()
System.Threading.ExecutionContext:RunInternal(ExecutionContext, ContextCallback, Object, Boolean)
System.Runtime.CompilerServices.MoveNextRunner:Run()
System.Threading.Tasks.AwaitTaskContinuation:RunCallback(ContextCallback, Object, Task&)
System.Threading.Tasks.SynchronizationContextAwaitTaskContinuation:Run(Task, Boolean)
System.Threading.Tasks.Task:FinishContinuations()
System.Threading.Tasks.Task`1:TrySetResult(TResult)
System.Runtime.CompilerServices.AsyncTaskMethodBuilder`1:SetResult(TResult)
Unity.Services.Vivox.<ConnectAsync>d__45:MoveNext()
System.Threading.ExecutionContext:RunInternal(ExecutionContext, ContextCallback, Object, Boolean)
System.Runtime.CompilerServices.MoveNextRunner:Run()
System.Threading.Tasks.AwaitTaskContinuation:RunCallback(ContextCallback, Object, Task&)
System.Threading.Tasks.SynchronizationContextAwaitTaskContinuation:Run(Task, Boolean)
System.Threading.Tasks.Task:FinishContinuations()
System.Threading.Tasks.Task`1:TrySetResult(TResult)
System.Threading.Tasks.TaskCompletionSource`1:TrySetResult(TResult)
Unity.Services.Vivox.ChannelSession:CheckSessionConnection()
Unity.Services.Vivox.ChannelSession:HandleParticipantAdded(vx_evt_base_t)
Unity.Services.Vivox.VxClient:InstanceOnMainLoopRun(Boolean&)
Unity.Services.Vivox.Client:RunOnce()
Unity.Services.Vivox.<VivoxUnityRun>d__7:MoveNext()
UnityEngine.SetupCoroutine:InvokeMoveNext(IEnumerator, IntPtr)

Zap is not being watched: freezing at frame: 0
UnityEngine.DebugLogHandler:Internal_Log(LogType, LogOption, String, Object)
UnityEngine.Logger:Log(LogType, Object)
UnityEngine.Debug:Log(Object)
<WaitThenSetFrame>d__26:MoveNext()
UnityEngine.SetupCoroutine:InvokeMoveNext(IEnumerator, IntPtr)

Zap is not being watched: freezing at frame: 10
UnityEngine.DebugLogHandler:Internal_Log(LogType, LogOption, String, Object)
UnityEngine.Logger:Log(LogType, Object)
UnityEngine.Debug:Log(Object)
<WaitThenSetFrame>d__26:MoveNext()
UnityEngine.SetupCoroutine:InvokeMoveNext(IEnumerator, IntPtr)

Zap is not being watched: freezing at frame: 45
UnityEngine.DebugLogHandler:Internal_Log(LogType, LogOption, String, Object)
UnityEngine.Logger:Log(LogType, Object)
UnityEngine.Debug:Log(Object)
<WaitThenSetFrame>d__26:MoveNext()
UnityEngine.SetupCoroutine:InvokeMoveNext(IEnumerator, IntPtr)

Zap is not being watched: freezing at frame: 15
UnityEngine.DebugLogHandler:Internal_Log(LogType, LogOption, String, Object)
UnityEngine.Logger:Log(LogType, Object)
UnityEngine.Debug:Log(Object)
<WaitThenSetFrame>d__26:MoveNext()
UnityEngine.SetupCoroutine:InvokeMoveNext(IEnumerator, IntPtr)

Zap is not being watched: freezing at frame: 15
UnityEngine.DebugLogHandler:Internal_Log(LogType, LogOption, String, Object)
UnityEngine.Logger:Log(LogType, Object)
UnityEngine.Debug:Log(Object)
<WaitThenSetFrame>d__26:MoveNext()
UnityEngine.SetupCoroutine:InvokeMoveNext(IEnumerator, IntPtr)

Zap is not being watched: freezing at frame: 5
UnityEngine.DebugLogHandler:Internal_Log(LogType, LogOption, String, Object)
UnityEngine.Logger:Log(LogType, Object)
UnityEngine.Debug:Log(Object)
<WaitThenSetFrame>d__26:MoveNext()
UnityEngine.SetupCoroutine:InvokeMoveNext(IEnumerator, IntPtr)

Joined channel: QK8CNJ_GameChat
UnityEngine.DebugLogHandler:Internal_Log(LogType, LogOption, String, Object)
UnityEngine.Logger:Log(LogType, Object)
UnityEngine.Debug:Log(Object)
<SetActiveAudioChannel>d__27:MoveNext()
System.Threading.ExecutionContext:RunInternal(ExecutionContext, ContextCallback, Object, Boolean)
System.Runtime.CompilerServices.MoveNextRunner:Run()
System.Threading.Tasks.AwaitTaskContinuation:RunCallback(ContextCallback, Object, Task&)
System.Threading.Tasks.SynchronizationContextAwaitTaskContinuation:Run(Task, Boolean)
System.Threading.Tasks.Task:FinishContinuations()
System.Threading.Tasks.Task`1:TrySetResult(TResult)
System.Runtime.CompilerServices.AsyncTaskMethodBuilder`1:SetResult(TResult)
Unity.Services.Vivox.<JoinGroupChannelAsync>d__199:MoveNext()
System.Threading.ExecutionContext:RunInternal(ExecutionContext, ContextCallback, Object, Boolean)
System.Runtime.CompilerServices.MoveNextRunner:Run()
System.Threading.Tasks.AwaitTaskContinuation:RunCallback(ContextCallback, Object, Task&)
System.Threading.Tasks.SynchronizationContextAwaitTaskContinuation:Run(Task, Boolean)
System.Threading.Tasks.Task:FinishContinuations()
System.Threading.Tasks.Task`1:TrySetResult(TResult)
System.Runtime.CompilerServices.AsyncTaskMethodBuilder`1:SetResult(TResult)
Unity.Services.Vivox.<JoinChannelAsync>d__202:MoveNext()
System.Threading.ExecutionContext:RunInternal(ExecutionContext, ContextCallback, Object, Boolean)
System.Runtime.CompilerServices.MoveNextRunner:Run()
System.Threading.Tasks.AwaitTaskContinuation:RunCallback(ContextCallback, Object, Task&)
System.Threading.Tasks.SynchronizationContextAwaitTaskContinuation:Run(Task, Boolean)
System.Threading.Tasks.Task:FinishContinuations()
System.Threading.Tasks.Task`1:TrySetResult(TResult)
System.Runtime.CompilerServices.AsyncTaskMethodBuilder`1:SetResult(TResult)
Unity.Services.Vivox.<ConnectAsync>d__45:MoveNext()
System.Threading.ExecutionContext:RunInternal(ExecutionContext, ContextCallback, Object, Boolean)
System.Runtime.CompilerServices.MoveNextRunner:Run()
System.Threading.Tasks.AwaitTaskContinuation:RunCallback(ContextCallback, Object, Task&)
System.Threading.Tasks.SynchronizationContextAwaitTaskContinuation:Run(Task, Boolean)
System.Threading.Tasks.Task:FinishContinuations()
System.Threading.Tasks.Task`1:TrySetResult(TResult)
System.Threading.Tasks.TaskCompletionSource`1:TrySetResult(TResult)
Unity.Services.Vivox.ChannelSession:CheckSessionConnection()
Unity.Services.Vivox.ChannelSession:HandleParticipantAdded(vx_evt_base_t)
Unity.Services.Vivox.VxClient:InstanceOnMainLoopRun(Boolean&)
Unity.Services.Vivox.Client:RunOnce()
Unity.Services.Vivox.<VivoxUnityRun>d__7:MoveNext()
UnityEngine.SetupCoroutine:InvokeMoveNext(IEnumerator, IntPtr)

Zap is not being watched: freezing at frame: 45
UnityEngine.DebugLogHandler:Internal_Log(LogType, LogOption, String, Object)
UnityEngine.Logger:Log(LogType, Object)
UnityEngine.Debug:Log(Object)
<WaitThenSetFrame>d__26:MoveNext()
UnityEngine.SetupCoroutine:InvokeMoveNext(IEnumerator, IntPtr)

Zap is not being watched: freezing at frame: 15
UnityEngine.DebugLogHandler:Internal_Log(LogType, LogOption, String, Object)
UnityEngine.Logger:Log(LogType, Object)
UnityEngine.Debug:Log(Object)
<WaitThenSetFrame>d__26:MoveNext()
UnityEngine.SetupCoroutine:InvokeMoveNext(IEnumerator, IntPtr)

Guess must contain 'A'
UnityEngine.DebugLogHandler:Internal_Log(LogType, LogOption, String, Object)
UnityEngine.Logger:Log(LogType, Object)
UnityEngine.Debug:Log(Object)
PlayerWordleSystem:Wrong(String)
WordleSystem:OnInvalidGuessClientRpc(FixedString512Bytes)
WordleSystem:__rpc_handler_2238122202(NetworkBehaviour, FastBufferReader, __RpcParams)
Unity.Netcode.RpcMessageHelpers:Handle(NetworkContext&, RpcMetadata&, FastBufferReader&, __RpcParams&)
Unity.Netcode.ClientRpcMessage:Handle(NetworkContext&)
Unity.Netcode.MessagingSystem:ReceiveMessage(FastBufferReader, NetworkContext&, MessagingSystem)
Unity.Netcode.MessagingSystem:HandleMessage(MessageHeader&, FastBufferReader, UInt64, Single, Int32)
Unity.Netcode.MessagingSystem:ProcessIncomingMessageQueue()
Unity.Netcode.NetworkManager:NetworkUpdate(NetworkUpdateStage)
Unity.Netcode.NetworkUpdateLoop:RunNetworkUpdateStage(NetworkUpdateStage)

Not a valid word
UnityEngine.DebugLogHandler:Internal_Log(LogType, LogOption, String, Object)
UnityEngine.Logger:Log(LogType, Object)
UnityEngine.Debug:Log(Object)
PlayerWordleSystem:Wrong(String)
WordleSystem:OnInvalidGuessClientRpc(FixedString512Bytes)
WordleSystem:__rpc_handler_2238122202(NetworkBehaviour, FastBufferReader, __RpcParams)
Unity.Netcode.RpcMessageHelpers:Handle(NetworkContext&, RpcMetadata&, FastBufferReader&, __RpcParams&)
Unity.Netcode.ClientRpcMessage:Handle(NetworkContext&)
Unity.Netcode.MessagingSystem:ReceiveMessage(FastBufferReader, NetworkContext&, MessagingSystem)
Unity.Netcode.MessagingSystem:HandleMessage(MessageHeader&, FastBufferReader, UInt64, Single, Int32)
Unity.Netcode.MessagingSystem:ProcessIncomingMessageQueue()
Unity.Netcode.NetworkManager:NetworkUpdate(NetworkUpdateStage)
Unity.Netcode.NetworkUpdateLoop:RunNetworkUpdateStage(NetworkUpdateStage)

Zap is not being watched: freezing at frame: 15
UnityEngine.DebugLogHandler:Internal_Log(LogType, LogOption, String, Object)
UnityEngine.Logger:Log(LogType, Object)
UnityEngine.Debug:Log(Object)
<WaitThenSetFrame>d__26:MoveNext()
UnityEngine.SetupCoroutine:InvokeMoveNext(IEnumerator, IntPtr)

Zap is not being watched: freezing at frame: 45
UnityEngine.DebugLogHandler:Internal_Log(LogType, LogOption, String, Object)
UnityEngine.Logger:Log(LogType, Object)
UnityEngine.Debug:Log(Object)
<WaitThenSetFrame>d__26:MoveNext()
UnityEngine.SetupCoroutine:InvokeMoveNext(IEnumerator, IntPtr)

Zap is not being watched: freezing at frame: 15
UnityEngine.DebugLogHandler:Internal_Log(LogType, LogOption, String, Object)
UnityEngine.Logger:Log(LogType, Object)
UnityEngine.Debug:Log(Object)
<WaitThenSetFrame>d__26:MoveNext()
UnityEngine.SetupCoroutine:InvokeMoveNext(IEnumerator, IntPtr)

4 to 0.32
UnityEngine.DebugLogHandler:Internal_Log(LogType, LogOption, String, Object)
UnityEngine.Logger:Log(LogType, Object)
UnityEngine.Debug:Log(Object)
Freddy:HandleMovementAudio(Boolean)
Animatronic:SetNodeClientRpc(Int32, Boolean, Boolean)
Animatronic:__rpc_handler_1908766251(NetworkBehaviour, FastBufferReader, __RpcParams)
Unity.Netcode.RpcMessageHelpers:Handle(NetworkContext&, RpcMetadata&, FastBufferReader&, __RpcParams&)
Unity.Netcode.ClientRpcMessage:Handle(NetworkContext&)
Unity.Netcode.MessagingSystem:ReceiveMessage(FastBufferReader, NetworkContext&, MessagingSystem)
Unity.Netcode.MessagingSystem:HandleMessage(MessageHeader&, FastBufferReader, UInt64, Single, Int32)
Unity.Netcode.MessagingSystem:ProcessIncomingMessageQueue()
Unity.Netcode.NetworkManager:NetworkUpdate(NetworkUpdateStage)
Unity.Netcode.NetworkUpdateLoop:RunNetworkUpdateStage(NetworkUpdateStage)

Not a valid word
UnityEngine.DebugLogHandler:Internal_Log(LogType, LogOption, String, Object)
UnityEngine.Logger:Log(LogType, Object)
UnityEngine.Debug:Log(Object)
PlayerWordleSystem:Wrong(String)
WordleSystem:OnInvalidGuessClientRpc(FixedString512Bytes)
WordleSystem:__rpc_handler_2238122202(NetworkBehaviour, FastBufferReader, __RpcParams)
Unity.Netcode.RpcMessageHelpers:Handle(NetworkContext&, RpcMetadata&, FastBufferReader&, __RpcParams&)
Unity.Netcode.ClientRpcMessage:Handle(NetworkContext&)
Unity.Netcode.MessagingSystem:ReceiveMessage(FastBufferReader, NetworkContext&, MessagingSystem)
Unity.Netcode.MessagingSystem:HandleMessage(MessageHeader&, FastBufferReader, UInt64, Single, Int32)
Unity.Netcode.MessagingSystem:ProcessIncomingMessageQueue()
Unity.Netcode.NetworkManager:NetworkUpdate(NetworkUpdateStage)
Unity.Netcode.NetworkUpdateLoop:RunNetworkUpdateStage(NetworkUpdateStage)

Zap is not being watched: freezing at frame: 10
UnityEngine.DebugLogHandler:Internal_Log(LogType, LogOption, String, Object)
UnityEngine.Logger:Log(LogType, Object)
UnityEngine.Debug:Log(Object)
<WaitThenSetFrame>d__26:MoveNext()
UnityEngine.SetupCoroutine:InvokeMoveNext(IEnumerator, IntPtr)

Zap is not being watched: freezing at frame: 20
UnityEngine.DebugLogHandler:Internal_Log(LogType, LogOption, String, Object)
UnityEngine.Logger:Log(LogType, Object)
UnityEngine.Debug:Log(Object)
<WaitThenSetFrame>d__26:MoveNext()
UnityEngine.SetupCoroutine:InvokeMoveNext(IEnumerator, IntPtr)

Zap is not being watched: freezing at frame: 25
UnityEngine.DebugLogHandler:Internal_Log(LogType, LogOption, String, Object)
UnityEngine.Logger:Log(LogType, Object)
UnityEngine.Debug:Log(Object)
<WaitThenSetFrame>d__26:MoveNext()
UnityEngine.SetupCoroutine:InvokeMoveNext(IEnumerator, IntPtr)

Zap is not being watched: freezing at frame: 25
UnityEngine.DebugLogHandler:Internal_Log(LogType, LogOption, String, Object)
UnityEngine.Logger:Log(LogType, Object)
UnityEngine.Debug:Log(Object)
<WaitThenSetFrame>d__26:MoveNext()
UnityEngine.SetupCoroutine:InvokeMoveNext(IEnumerator, IntPtr)

Zap is not being watched: freezing at frame: 10
UnityEngine.DebugLogHandler:Internal_Log(LogType, LogOption, String, Object)
UnityEngine.Logger:Log(LogType, Object)
UnityEngine.Debug:Log(Object)
<WaitThenSetFrame>d__26:MoveNext()
UnityEngine.SetupCoroutine:InvokeMoveNext(IEnumerator, IntPtr)

Zap is not being watched: freezing at frame: 10
UnityEngine.DebugLogHandler:Internal_Log(LogType, LogOption, String, Object)
UnityEngine.Logger:Log(LogType, Object)
UnityEngine.Debug:Log(Object)
<WaitThenSetFrame>d__26:MoveNext()
UnityEngine.SetupCoroutine:InvokeMoveNext(IEnumerator, IntPtr)

Zap is not being watched: freezing at frame: 15
UnityEngine.DebugLogHandler:Internal_Log(LogType, LogOption, String, Object)
UnityEngine.Logger:Log(LogType, Object)
UnityEngine.Debug:Log(Object)
<WaitThenSetFrame>d__26:MoveNext()
UnityEngine.SetupCoroutine:InvokeMoveNext(IEnumerator, IntPtr)

Zap is not being watched: freezing at frame: 10
UnityEngine.DebugLogHandler:Internal_Log(LogType, LogOption, String, Object)
UnityEngine.Logger:Log(LogType, Object)
UnityEngine.Debug:Log(Object)
<WaitThenSetFrame>d__26:MoveNext()
UnityEngine.SetupCoroutine:InvokeMoveNext(IEnumerator, IntPtr)

Zap is not being watched: freezing at frame: 5
UnityEngine.DebugLogHandler:Internal_Log(LogType, LogOption, String, Object)
UnityEngine.Logger:Log(LogType, Object)
UnityEngine.Debug:Log(Object)
<WaitThenSetFrame>d__26:MoveNext()
UnityEngine.SetupCoroutine:InvokeMoveNext(IEnumerator, IntPtr)

Zap is not being watched: freezing at frame: 5
UnityEngine.DebugLogHandler:Internal_Log(LogType, LogOption, String, Object)
UnityEngine.Logger:Log(LogType, Object)
UnityEngine.Debug:Log(Object)
<WaitThenSetFrame>d__26:MoveNext()
UnityEngine.SetupCoroutine:InvokeMoveNext(IEnumerator, IntPtr)

4 to 0.32
UnityEngine.DebugLogHandler:Internal_Log(LogType, LogOption, String, Object)
UnityEngine.Logger:Log(LogType, Object)
UnityEngine.Debug:Log(Object)
Freddy:HandleMovementAudio(Boolean)
Animatronic:SetNodeClientRpc(Int32, Boolean, Boolean)
Animatronic:__rpc_handler_1908766251(NetworkBehaviour, FastBufferReader, __RpcParams)
Unity.Netcode.RpcMessageHelpers:Handle(NetworkContext&, RpcMetadata&, FastBufferReader&, __RpcParams&)
Unity.Netcode.ClientRpcMessage:Handle(NetworkContext&)
Unity.Netcode.MessagingSystem:ReceiveMessage(FastBufferReader, NetworkContext&, MessagingSystem)
Unity.Netcode.MessagingSystem:HandleMessage(MessageHeader&, FastBufferReader, UInt64, Single, Int32)
Unity.Netcode.MessagingSystem:ProcessIncomingMessageQueue()
Unity.Netcode.NetworkManager:NetworkUpdate(NetworkUpdateStage)
Unity.Netcode.NetworkUpdateLoop:RunNetworkUpdateStage(NetworkUpdateStage)

Zap is not being watched: freezing at frame: 35
UnityEngine.DebugLogHandler:Internal_Log(LogType, LogOption, String, Object)
UnityEngine.Logger:Log(LogType, Object)
UnityEngine.Debug:Log(Object)
<WaitThenSetFrame>d__26:MoveNext()
UnityEngine.SetupCoroutine:InvokeMoveNext(IEnumerator, IntPtr)

Zap is not being watched: freezing at frame: 5
UnityEngine.DebugLogHandler:Internal_Log(LogType, LogOption, String, Object)
UnityEngine.Logger:Log(LogType, Object)
UnityEngine.Debug:Log(Object)
<WaitThenSetFrame>d__26:MoveNext()
UnityEngine.SetupCoroutine:InvokeMoveNext(IEnumerator, IntPtr)

Zap is not being watched: freezing at frame: 20
UnityEngine.DebugLogHandler:Internal_Log(LogType, LogOption, String, Object)
UnityEngine.Logger:Log(LogType, Object)
UnityEngine.Debug:Log(Object)
<WaitThenSetFrame>d__26:MoveNext()
UnityEngine.SetupCoroutine:InvokeMoveNext(IEnumerator, IntPtr)

Zap is not being watched: freezing at frame: 30
UnityEngine.DebugLogHandler:Internal_Log(LogType, LogOption, String, Object)
UnityEngine.Logger:Log(LogType, Object)
UnityEngine.Debug:Log(Object)
<WaitThenSetFrame>d__26:MoveNext()
UnityEngine.SetupCoroutine:InvokeMoveNext(IEnumerator, IntPtr)

Zap is not being watched: freezing at frame: 15
UnityEngine.DebugLogHandler:Internal_Log(LogType, LogOption, String, Object)
UnityEngine.Logger:Log(LogType, Object)
UnityEngine.Debug:Log(Object)
<WaitThenSetFrame>d__26:MoveNext()
UnityEngine.SetupCoroutine:InvokeMoveNext(IEnumerator, IntPtr)

Zap is not being watched: freezing at frame: 0
UnityEngine.DebugLogHandler:Internal_Log(LogType, LogOption, String, Object)
UnityEngine.Logger:Log(LogType, Object)
UnityEngine.Debug:Log(Object)
<WaitThenSetFrame>d__26:MoveNext()
UnityEngine.SetupCoroutine:InvokeMoveNext(IEnumerator, IntPtr)

Zap is not being watched: freezing at frame: 20
UnityEngine.DebugLogHandler:Internal_Log(LogType, LogOption, String, Object)
UnityEngine.Logger:Log(LogType, Object)
UnityEngine.Debug:Log(Object)
<WaitThenSetFrame>d__26:MoveNext()
UnityEngine.SetupCoroutine:InvokeMoveNext(IEnumerator, IntPtr)

Zap is not being watched: freezing at frame: 5
UnityEngine.DebugLogHandler:Internal_Log(LogType, LogOption, String, Object)
UnityEngine.Logger:Log(LogType, Object)
UnityEngine.Debug:Log(Object)
<WaitThenSetFrame>d__26:MoveNext()
UnityEngine.SetupCoroutine:InvokeMoveNext(IEnumerator, IntPtr)

Zap is not being watched: freezing at frame: 5
UnityEngine.DebugLogHandler:Internal_Log(LogType, LogOption, String, Object)
UnityEngine.Logger:Log(LogType, Object)
UnityEngine.Debug:Log(Object)
<WaitThenSetFrame>d__26:MoveNext()
UnityEngine.SetupCoroutine:InvokeMoveNext(IEnumerator, IntPtr)

Zap is not being watched: freezing at frame: 5
UnityEngine.DebugLogHandler:Internal_Log(LogType, LogOption, String, Object)
UnityEngine.Logger:Log(LogType, Object)
UnityEngine.Debug:Log(Object)
<WaitThenSetFrame>d__26:MoveNext()
UnityEngine.SetupCoroutine:InvokeMoveNext(IEnumerator, IntPtr)

Zap is not being watched: freezing at frame: 10
UnityEngine.DebugLogHandler:Internal_Log(LogType, LogOption, String, Object)
UnityEngine.Logger:Log(LogType, Object)
UnityEngine.Debug:Log(Object)
<WaitThenSetFrame>d__26:MoveNext()
UnityEngine.SetupCoroutine:InvokeMoveNext(IEnumerator, IntPtr)

Zap is not being watched: freezing at frame: 30
UnityEngine.DebugLogHandler:Internal_Log(LogType, LogOption, String, Object)
UnityEngine.Logger:Log(LogType, Object)
UnityEngine.Debug:Log(Object)
<WaitThenSetFrame>d__26:MoveNext()
UnityEngine.SetupCoroutine:InvokeMoveNext(IEnumerator, IntPtr)

Zap is not being watched: freezing at frame: 15
UnityEngine.DebugLogHandler:Internal_Log(LogType, LogOption, String, Object)
UnityEngine.Logger:Log(LogType, Object)
UnityEngine.Debug:Log(Object)
<WaitThenSetFrame>d__26:MoveNext()
UnityEngine.SetupCoroutine:InvokeMoveNext(IEnumerator, IntPtr)

Waves Cleared. Ready for Reinitialization.
UnityEngine.DebugLogHandler:Internal_Log(LogType, LogOption, String, Object)
UnityEngine.Logger:Log(LogType, Object)
UnityEngine.Debug:Log(Object)
WaveAlignmentMinigame:InitialiseMinigame(Boolean)
<PlayMinigame>d__10:MoveNext()
UnityEngine.SetupCoroutine:InvokeMoveNext(IEnumerator, IntPtr)
Maintenance:<Initialise>b__25_1()
UnityEngine.Events.InvokableCall:Invoke(Object[])
UnityEngine.Events.UnityEvent:Invoke()
UnityEngine.EventSystems.ExecuteEvents:Execute(GameObject, BaseEventData, EventFunction`1)
UnityEngine.InputSystem.UI.InputSystemUIInputModule:ProcessPointerButton(ButtonState&, PointerEventData)
UnityEngine.InputSystem.UI.InputSystemUIInputModule:ProcessPointer(PointerModel&)
UnityEngine.InputSystem.UI.InputSystemUIInputModule:Process()
UnityEngine.EventSystems.EventSystem:Update()

New Target Wave: Amp=35.00, Freq=1.70, Speed=0.58
UnityEngine.DebugLogHandler:Internal_Log(LogType, LogOption, String, Object)
UnityEngine.Logger:Log(LogType, Object)
UnityEngine.Debug:Log(Object)
WaveAlignmentMinigame:SetRandomTargetValues()
WaveAlignmentMinigame:InitialiseMinigame(Boolean)
<PlayMinigame>d__10:MoveNext()
UnityEngine.SetupCoroutine:InvokeMoveNext(IEnumerator, IntPtr)
Maintenance:<Initialise>b__25_1()
UnityEngine.Events.InvokableCall:Invoke(Object[])
UnityEngine.Events.UnityEvent:Invoke()
UnityEngine.EventSystems.ExecuteEvents:Execute(GameObject, BaseEventData, EventFunction`1)
UnityEngine.InputSystem.UI.InputSystemUIInputModule:ProcessPointerButton(ButtonState&, PointerEventData)
UnityEngine.InputSystem.UI.InputSystemUIInputModule:ProcessPointer(PointerModel&)
UnityEngine.InputSystem.UI.InputSystemUIInputModule:Process()
UnityEngine.EventSystems.EventSystem:Update()

Minigame Restarted with new target values.
UnityEngine.DebugLogHandler:Internal_Log(LogType, LogOption, String, Object)
UnityEngine.Logger:Log(LogType, Object)
UnityEngine.Debug:Log(Object)
<PlayMinigame>d__10:MoveNext()
UnityEngine.SetupCoroutine:InvokeMoveNext(IEnumerator, IntPtr)
Maintenance:<Initialise>b__25_1()
UnityEngine.Events.InvokableCall:Invoke(Object[])
UnityEngine.Events.UnityEvent:Invoke()
UnityEngine.EventSystems.ExecuteEvents:Execute(GameObject, BaseEventData, EventFunction`1)
UnityEngine.InputSystem.UI.InputSystemUIInputModule:ProcessPointerButton(ButtonState&, PointerEventData)
UnityEngine.InputSystem.UI.InputSystemUIInputModule:ProcessPointer(PointerModel&)
UnityEngine.InputSystem.UI.InputSystemUIInputModule:Process()
UnityEngine.EventSystems.EventSystem:Update()

Zap is not being watched: freezing at frame: 10
UnityEngine.DebugLogHandler:Internal_Log(LogType, LogOption, String, Object)
UnityEngine.Logger:Log(LogType, Object)
UnityEngine.Debug:Log(Object)
<WaitThenSetFrame>d__26:MoveNext()
UnityEngine.SetupCoroutine:InvokeMoveNext(IEnumerator, IntPtr)

Zap is not being watched: freezing at frame: 20
UnityEngine.DebugLogHandler:Internal_Log(LogType, LogOption, String, Object)
UnityEngine.Logger:Log(LogType, Object)
UnityEngine.Debug:Log(Object)
<WaitThenSetFrame>d__26:MoveNext()
UnityEngine.SetupCoroutine:InvokeMoveNext(IEnumerator, IntPtr)

3 to 0.5
UnityEngine.DebugLogHandler:Internal_Log(LogType, LogOption, String, Object)
UnityEngine.Logger:Log(LogType, Object)
UnityEngine.Debug:Log(Object)
Freddy:HandleMovementAudio(Boolean)
Animatronic:SetNodeClientRpc(Int32, Boolean, Boolean)
Animatronic:__rpc_handler_1908766251(NetworkBehaviour, FastBufferReader, __RpcParams)
Unity.Netcode.RpcMessageHelpers:Handle(NetworkContext&, RpcMetadata&, FastBufferReader&, __RpcParams&)
Unity.Netcode.ClientRpcMessage:Handle(NetworkContext&)
Unity.Netcode.MessagingSystem:ReceiveMessage(FastBufferReader, NetworkContext&, MessagingSystem)
Unity.Netcode.MessagingSystem:HandleMessage(MessageHeader&, FastBufferReader, UInt64, Single, Int32)
Unity.Netcode.MessagingSystem:ProcessIncomingMessageQueue()
Unity.Netcode.NetworkManager:NetworkUpdate(NetworkUpdateStage)
Unity.Netcode.NetworkUpdateLoop:RunNetworkUpdateStage(NetworkUpdateStage)

Waves Cleared. Ready for Reinitialization.
UnityEngine.DebugLogHandler:Internal_Log(LogType, LogOption, String, Object)
UnityEngine.Logger:Log(LogType, Object)
UnityEngine.Debug:Log(Object)
WaveAlignmentMinigame:InitialiseMinigame(Boolean)
<PlayMinigame>d__10:MoveNext()
UnityEngine.SetupCoroutine:InvokeMoveNext(IEnumerator, IntPtr)
Maintenance:<Initialise>b__25_1()
UnityEngine.Events.InvokableCall:Invoke(Object[])
UnityEngine.Events.UnityEvent:Invoke()
UnityEngine.EventSystems.ExecuteEvents:Execute(GameObject, BaseEventData, EventFunction`1)
UnityEngine.InputSystem.UI.InputSystemUIInputModule:ProcessPointerButton(ButtonState&, PointerEventData)
UnityEngine.InputSystem.UI.InputSystemUIInputModule:ProcessPointer(PointerModel&)
UnityEngine.InputSystem.UI.InputSystemUIInputModule:Process()
UnityEngine.EventSystems.EventSystem:Update()

New Target Wave: Amp=225.00, Freq=3.10, Speed=0.58
UnityEngine.DebugLogHandler:Internal_Log(LogType, LogOption, String, Object)
UnityEngine.Logger:Log(LogType, Object)
UnityEngine.Debug:Log(Object)
WaveAlignmentMinigame:SetRandomTargetValues()
WaveAlignmentMinigame:InitialiseMinigame(Boolean)
<PlayMinigame>d__10:MoveNext()
UnityEngine.SetupCoroutine:InvokeMoveNext(IEnumerator, IntPtr)
Maintenance:<Initialise>b__25_1()
UnityEngine.Events.InvokableCall:Invoke(Object[])
UnityEngine.Events.UnityEvent:Invoke()
UnityEngine.EventSystems.ExecuteEvents:Execute(GameObject, BaseEventData, EventFunction`1)
UnityEngine.InputSystem.UI.InputSystemUIInputModule:ProcessPointerButton(ButtonState&, PointerEventData)
UnityEngine.InputSystem.UI.InputSystemUIInputModule:ProcessPointer(PointerModel&)
UnityEngine.InputSystem.UI.InputSystemUIInputModule:Process()
UnityEngine.EventSystems.EventSystem:Update()

Minigame Restarted with new target values.
UnityEngine.DebugLogHandler:Internal_Log(LogType, LogOption, String, Object)
UnityEngine.Logger:Log(LogType, Object)
UnityEngine.Debug:Log(Object)
<PlayMinigame>d__10:MoveNext()
UnityEngine.SetupCoroutine:InvokeMoveNext(IEnumerator, IntPtr)
Maintenance:<Initialise>b__25_1()
UnityEngine.Events.InvokableCall:Invoke(Object[])
UnityEngine.Events.UnityEvent:Invoke()
UnityEngine.EventSystems.ExecuteEvents:Execute(GameObject, BaseEventData, EventFunction`1)
UnityEngine.InputSystem.UI.InputSystemUIInputModule:ProcessPointerButton(ButtonState&, PointerEventData)
UnityEngine.InputSystem.UI.InputSystemUIInputModule:ProcessPointer(PointerModel&)
UnityEngine.InputSystem.UI.InputSystemUIInputModule:Process()
UnityEngine.EventSystems.EventSystem:Update()

Zap is not being watched: freezing at frame: 25
UnityEngine.DebugLogHandler:Internal_Log(LogType, LogOption, String, Object)
UnityEngine.Logger:Log(LogType, Object)
UnityEngine.Debug:Log(Object)
<WaitThenSetFrame>d__26:MoveNext()
UnityEngine.SetupCoroutine:InvokeMoveNext(IEnumerator, IntPtr)

Zap is not being watched: freezing at frame: 20
UnityEngine.DebugLogHandler:Internal_Log(LogType, LogOption, String, Object)
UnityEngine.Logger:Log(LogType, Object)
UnityEngine.Debug:Log(Object)
<WaitThenSetFrame>d__26:MoveNext()
UnityEngine.SetupCoroutine:InvokeMoveNext(IEnumerator, IntPtr)

Waves Cleared. Ready for Reinitialization.
UnityEngine.DebugLogHandler:Internal_Log(LogType, LogOption, String, Object)
UnityEngine.Logger:Log(LogType, Object)
UnityEngine.Debug:Log(Object)
WaveAlignmentMinigame:InitialiseMinigame(Boolean)
<PlayMinigame>d__10:MoveNext()
UnityEngine.SetupCoroutine:InvokeMoveNext(IEnumerator, IntPtr)
Maintenance:<Initialise>b__25_5()
UnityEngine.Events.InvokableCall:Invoke(Object[])
UnityEngine.Events.UnityEvent:Invoke()
UnityEngine.EventSystems.ExecuteEvents:Execute(GameObject, BaseEventData, EventFunction`1)
UnityEngine.InputSystem.UI.InputSystemUIInputModule:ProcessPointerButton(ButtonState&, PointerEventData)
UnityEngine.InputSystem.UI.InputSystemUIInputModule:ProcessPointer(PointerModel&)
UnityEngine.InputSystem.UI.InputSystemUIInputModule:Process()
UnityEngine.EventSystems.EventSystem:Update()

New Target Wave: Amp=240.00, Freq=2.10, Speed=5.76
UnityEngine.DebugLogHandler:Internal_Log(LogType, LogOption, String, Object)
UnityEngine.Logger:Log(LogType, Object)
UnityEngine.Debug:Log(Object)
WaveAlignmentMinigame:SetRandomTargetValues()
WaveAlignmentMinigame:InitialiseMinigame(Boolean)
<PlayMinigame>d__10:MoveNext()
UnityEngine.SetupCoroutine:InvokeMoveNext(IEnumerator, IntPtr)
Maintenance:<Initialise>b__25_5()
UnityEngine.Events.InvokableCall:Invoke(Object[])
UnityEngine.Events.UnityEvent:Invoke()
UnityEngine.EventSystems.ExecuteEvents:Execute(GameObject, BaseEventData, EventFunction`1)
UnityEngine.InputSystem.UI.InputSystemUIInputModule:ProcessPointerButton(ButtonState&, PointerEventData)
UnityEngine.InputSystem.UI.InputSystemUIInputModule:ProcessPointer(PointerModel&)
UnityEngine.InputSystem.UI.InputSystemUIInputModule:Process()
UnityEngine.EventSystems.EventSystem:Update()

Minigame Restarted with new target values.
UnityEngine.DebugLogHandler:Internal_Log(LogType, LogOption, String, Object)
UnityEngine.Logger:Log(LogType, Object)
UnityEngine.Debug:Log(Object)
<PlayMinigame>d__10:MoveNext()
UnityEngine.SetupCoroutine:InvokeMoveNext(IEnumerator, IntPtr)
Maintenance:<Initialise>b__25_5()
UnityEngine.Events.InvokableCall:Invoke(Object[])
UnityEngine.Events.UnityEvent:Invoke()
UnityEngine.EventSystems.ExecuteEvents:Execute(GameObject, BaseEventData, EventFunction`1)
UnityEngine.InputSystem.UI.InputSystemUIInputModule:ProcessPointerButton(ButtonState&, PointerEventData)
UnityEngine.InputSystem.UI.InputSystemUIInputModule:ProcessPointer(PointerModel&)
UnityEngine.InputSystem.UI.InputSystemUIInputModule:Process()
UnityEngine.EventSystems.EventSystem:Update()

Zap is not being watched: freezing at frame: 15
UnityEngine.DebugLogHandler:Internal_Log(LogType, LogOption, String, Object)
UnityEngine.Logger:Log(LogType, Object)
UnityEngine.Debug:Log(Object)
<WaitThenSetFrame>d__26:MoveNext()
UnityEngine.SetupCoroutine:InvokeMoveNext(IEnumerator, IntPtr)

Zap is not being watched: freezing at frame: 20
UnityEngine.DebugLogHandler:Internal_Log(LogType, LogOption, String, Object)
UnityEngine.Logger:Log(LogType, Object)
UnityEngine.Debug:Log(Object)
<WaitThenSetFrame>d__26:MoveNext()
UnityEngine.SetupCoroutine:InvokeMoveNext(IEnumerator, IntPtr)

Waves Cleared. Ready for Reinitialization.
UnityEngine.DebugLogHandler:Internal_Log(LogType, LogOption, String, Object)
UnityEngine.Logger:Log(LogType, Object)
UnityEngine.Debug:Log(Object)
WaveAlignmentMinigame:InitialiseMinigame(Boolean)
<PlayMinigame>d__10:MoveNext()
UnityEngine.SetupCoroutine:InvokeMoveNext(IEnumerator, IntPtr)
Maintenance:<Initialise>b__25_5()
UnityEngine.Events.InvokableCall:Invoke(Object[])
UnityEngine.Events.UnityEvent:Invoke()
UnityEngine.EventSystems.ExecuteEvents:Execute(GameObject, BaseEventData, EventFunction`1)
UnityEngine.InputSystem.UI.InputSystemUIInputModule:ProcessPointerButton(ButtonState&, PointerEventData)
UnityEngine.InputSystem.UI.InputSystemUIInputModule:ProcessPointer(PointerModel&)
UnityEngine.InputSystem.UI.InputSystemUIInputModule:Process()
UnityEngine.EventSystems.EventSystem:Update()

New Target Wave: Amp=270.00, Freq=1.60, Speed=5.76
UnityEngine.DebugLogHandler:Internal_Log(LogType, LogOption, String, Object)
UnityEngine.Logger:Log(LogType, Object)
UnityEngine.Debug:Log(Object)
WaveAlignmentMinigame:SetRandomTargetValues()
WaveAlignmentMinigame:InitialiseMinigame(Boolean)
<PlayMinigame>d__10:MoveNext()
UnityEngine.SetupCoroutine:InvokeMoveNext(IEnumerator, IntPtr)
Maintenance:<Initialise>b__25_5()
UnityEngine.Events.InvokableCall:Invoke(Object[])
UnityEngine.Events.UnityEvent:Invoke()
UnityEngine.EventSystems.ExecuteEvents:Execute(GameObject, BaseEventData, EventFunction`1)
UnityEngine.InputSystem.UI.InputSystemUIInputModule:ProcessPointerButton(ButtonState&, PointerEventData)
UnityEngine.InputSystem.UI.InputSystemUIInputModule:ProcessPointer(PointerModel&)
UnityEngine.InputSystem.UI.InputSystemUIInputModule:Process()
UnityEngine.EventSystems.EventSystem:Update()

Minigame Restarted with new target values.
UnityEngine.DebugLogHandler:Internal_Log(LogType, LogOption, String, Object)
UnityEngine.Logger:Log(LogType, Object)
UnityEngine.Debug:Log(Object)
<PlayMinigame>d__10:MoveNext()
UnityEngine.SetupCoroutine:InvokeMoveNext(IEnumerator, IntPtr)
Maintenance:<Initialise>b__25_5()
UnityEngine.Events.InvokableCall:Invoke(Object[])
UnityEngine.Events.UnityEvent:Invoke()
UnityEngine.EventSystems.ExecuteEvents:Execute(GameObject, BaseEventData, EventFunction`1)
UnityEngine.InputSystem.UI.InputSystemUIInputModule:ProcessPointerButton(ButtonState&, PointerEventData)
UnityEngine.InputSystem.UI.InputSystemUIInputModule:ProcessPointer(PointerModel&)
UnityEngine.InputSystem.UI.InputSystemUIInputModule:Process()
UnityEngine.EventSystems.EventSystem:Update()

2 to 0.72
UnityEngine.DebugLogHandler:Internal_Log(LogType, LogOption, String, Object)
UnityEngine.Logger:Log(LogType, Object)
UnityEngine.Debug:Log(Object)
Freddy:HandleMovementAudio(Boolean)
Animatronic:SetNodeClientRpc(Int32, Boolean, Boolean)
Animatronic:__rpc_handler_1908766251(NetworkBehaviour, FastBufferReader, __RpcParams)
Unity.Netcode.RpcMessageHelpers:Handle(NetworkContext&, RpcMetadata&, FastBufferReader&, __RpcParams&)
Unity.Netcode.ClientRpcMessage:Handle(NetworkContext&)
Unity.Netcode.MessagingSystem:ReceiveMessage(FastBufferReader, NetworkContext&, MessagingSystem)
Unity.Netcode.MessagingSystem:HandleMessage(MessageHeader&, FastBufferReader, UInt64, Single, Int32)
Unity.Netcode.MessagingSystem:ProcessIncomingMessageQueue()
Unity.Netcode.NetworkManager:NetworkUpdate(NetworkUpdateStage)
Unity.Netcode.NetworkUpdateLoop:RunNetworkUpdateStage(NetworkUpdateStage)

Zap is not being watched: freezing at frame: 5
UnityEngine.DebugLogHandler:Internal_Log(LogType, LogOption, String, Object)
UnityEngine.Logger:Log(LogType, Object)
UnityEngine.Debug:Log(Object)
<WaitThenSetFrame>d__26:MoveNext()
UnityEngine.SetupCoroutine:InvokeMoveNext(IEnumerator, IntPtr)

Joined channel: PrivateChat_aec20e60
UnityEngine.DebugLogHandler:Internal_Log(LogType, LogOption, String, Object)
UnityEngine.Logger:Log(LogType, Object)
UnityEngine.Debug:Log(Object)
<SetActiveAudioChannel>d__27:MoveNext()
System.Threading.ExecutionContext:RunInternal(ExecutionContext, ContextCallback, Object, Boolean)
System.Runtime.CompilerServices.MoveNextRunner:Run()
System.Threading.Tasks.AwaitTaskContinuation:RunCallback(ContextCallback, Object, Task&)
System.Threading.Tasks.SynchronizationContextAwaitTaskContinuation:Run(Task, Boolean)
System.Threading.Tasks.Task:FinishContinuations()
System.Threading.Tasks.Task`1:TrySetResult(TResult)
System.Runtime.CompilerServices.AsyncTaskMethodBuilder`1:SetResult(TResult)
Unity.Services.Vivox.<JoinGroupChannelAsync>d__199:MoveNext()
System.Threading.ExecutionContext:RunInternal(ExecutionContext, ContextCallback, Object, Boolean)
System.Runtime.CompilerServices.MoveNextRunner:Run()
System.Threading.Tasks.AwaitTaskContinuation:RunCallback(ContextCallback, Object, Task&)
System.Threading.Tasks.SynchronizationContextAwaitTaskContinuation:Run(Task, Boolean)
System.Threading.Tasks.Task:FinishContinuations()
System.Threading.Tasks.Task`1:TrySetResult(TResult)
System.Runtime.CompilerServices.AsyncTaskMethodBuilder`1:SetResult(TResult)
Unity.Services.Vivox.<JoinChannelAsync>d__202:MoveNext()
System.Threading.ExecutionContext:RunInternal(ExecutionContext, ContextCallback, Object, Boolean)
System.Runtime.CompilerServices.MoveNextRunner:Run()
System.Threading.Tasks.AwaitTaskContinuation:RunCallback(ContextCallback, Object, Task&)
System.Threading.Tasks.SynchronizationContextAwaitTaskContinuation:Run(Task, Boolean)
System.Threading.Tasks.Task:FinishContinuations()
System.Threading.Tasks.Task`1:TrySetResult(TResult)
System.Runtime.CompilerServices.AsyncTaskMethodBuilder`1:SetResult(TResult)
Unity.Services.Vivox.<ConnectAsync>d__45:MoveNext()
System.Threading.ExecutionContext:RunInternal(ExecutionContext, ContextCallback, Object, Boolean)
System.Runtime.CompilerServices.MoveNextRunner:Run()
System.Threading.Tasks.AwaitTaskContinuation:RunCallback(ContextCallback, Object, Task&)
System.Threading.Tasks.SynchronizationContextAwaitTaskContinuation:Run(Task, Boolean)
System.Threading.Tasks.Task:FinishContinuations()
System.Threading.Tasks.Task`1:TrySetResult(TResult)
System.Threading.Tasks.TaskCompletionSource`1:TrySetResult(TResult)
Unity.Services.Vivox.ChannelSession:CheckSessionConnection()
Unity.Services.Vivox.ChannelSession:HandleParticipantAdded(vx_evt_base_t)
Unity.Services.Vivox.VxClient:InstanceOnMainLoopRun(Boolean&)
Unity.Services.Vivox.Client:RunOnce()
Unity.Services.Vivox.<VivoxUnityRun>d__7:MoveNext()
UnityEngine.SetupCoroutine:InvokeMoveNext(IEnumerator, IntPtr)

Zap is not being watched: freezing at frame: 15
UnityEngine.DebugLogHandler:Internal_Log(LogType, LogOption, String, Object)
UnityEngine.Logger:Log(LogType, Object)
UnityEngine.Debug:Log(Object)
<WaitThenSetFrame>d__26:MoveNext()
UnityEngine.SetupCoroutine:InvokeMoveNext(IEnumerator, IntPtr)

Zap is not being watched: freezing at frame: 0
UnityEngine.DebugLogHandler:Internal_Log(LogType, LogOption, String, Object)
UnityEngine.Logger:Log(LogType, Object)
UnityEngine.Debug:Log(Object)
<WaitThenSetFrame>d__26:MoveNext()
UnityEngine.SetupCoroutine:InvokeMoveNext(IEnumerator, IntPtr)

Waves Cleared. Ready for Reinitialization.
UnityEngine.DebugLogHandler:Internal_Log(LogType, LogOption, String, Object)
UnityEngine.Logger:Log(LogType, Object)
UnityEngine.Debug:Log(Object)
WaveAlignmentMinigame:InitialiseMinigame(Boolean)
<PlayMinigame>d__10:MoveNext()
UnityEngine.SetupCoroutine:InvokeMoveNext(IEnumerator, IntPtr)
Maintenance:<Initialise>b__25_5()
UnityEngine.Events.InvokableCall:Invoke(Object[])
UnityEngine.Events.UnityEvent:Invoke()
UnityEngine.EventSystems.ExecuteEvents:Execute(GameObject, BaseEventData, EventFunction`1)
UnityEngine.InputSystem.UI.InputSystemUIInputModule:ProcessPointerButton(ButtonState&, PointerEventData)
UnityEngine.InputSystem.UI.InputSystemUIInputModule:ProcessPointer(PointerModel&)
UnityEngine.InputSystem.UI.InputSystemUIInputModule:Process()
UnityEngine.EventSystems.EventSystem:Update()

New Target Wave: Amp=265.00, Freq=7.30, Speed=5.76
UnityEngine.DebugLogHandler:Internal_Log(LogType, LogOption, String, Object)
UnityEngine.Logger:Log(LogType, Object)
UnityEngine.Debug:Log(Object)
WaveAlignmentMinigame:SetRandomTargetValues()
WaveAlignmentMinigame:InitialiseMinigame(Boolean)
<PlayMinigame>d__10:MoveNext()
UnityEngine.SetupCoroutine:InvokeMoveNext(IEnumerator, IntPtr)
Maintenance:<Initialise>b__25_5()
UnityEngine.Events.InvokableCall:Invoke(Object[])
UnityEngine.Events.UnityEvent:Invoke()
UnityEngine.EventSystems.ExecuteEvents:Execute(GameObject, BaseEventData, EventFunction`1)
UnityEngine.InputSystem.UI.InputSystemUIInputModule:ProcessPointerButton(ButtonState&, PointerEventData)
UnityEngine.InputSystem.UI.InputSystemUIInputModule:ProcessPointer(PointerModel&)
UnityEngine.InputSystem.UI.InputSystemUIInputModule:Process()
UnityEngine.EventSystems.EventSystem:Update()

Minigame Restarted with new target values.
UnityEngine.DebugLogHandler:Internal_Log(LogType, LogOption, String, Object)
UnityEngine.Logger:Log(LogType, Object)
UnityEngine.Debug:Log(Object)
<PlayMinigame>d__10:MoveNext()
UnityEngine.SetupCoroutine:InvokeMoveNext(IEnumerator, IntPtr)
Maintenance:<Initialise>b__25_5()
UnityEngine.Events.InvokableCall:Invoke(Object[])
UnityEngine.Events.UnityEvent:Invoke()
UnityEngine.EventSystems.ExecuteEvents:Execute(GameObject, BaseEventData, EventFunction`1)
UnityEngine.InputSystem.UI.InputSystemUIInputModule:ProcessPointerButton(ButtonState&, PointerEventData)
UnityEngine.InputSystem.UI.InputSystemUIInputModule:ProcessPointer(PointerModel&)
UnityEngine.InputSystem.UI.InputSystemUIInputModule:Process()
UnityEngine.EventSystems.EventSystem:Update()

1 to 0.98
UnityEngine.DebugLogHandler:Internal_Log(LogType, LogOption, String, Object)
UnityEngine.Logger:Log(LogType, Object)
UnityEngine.Debug:Log(Object)
Freddy:HandleMovementAudio(Boolean)
Animatronic:SetNodeClientRpc(Int32, Boolean, Boolean)
Animatronic:__rpc_handler_1908766251(NetworkBehaviour, FastBufferReader, __RpcParams)
Unity.Netcode.RpcMessageHelpers:Handle(NetworkContext&, RpcMetadata&, FastBufferReader&, __RpcParams&)
Unity.Netcode.ClientRpcMessage:Handle(NetworkContext&)
Unity.Netcode.MessagingSystem:ReceiveMessage(FastBufferReader, NetworkContext&, MessagingSystem)
Unity.Netcode.MessagingSystem:HandleMessage(MessageHeader&, FastBufferReader, UInt64, Single, Int32)
Unity.Netcode.MessagingSystem:ProcessIncomingMessageQueue()
Unity.Netcode.NetworkManager:NetworkUpdate(NetworkUpdateStage)
Unity.Netcode.NetworkUpdateLoop:RunNetworkUpdateStage(NetworkUpdateStage)

Zap is not being watched: freezing at frame: 5
UnityEngine.DebugLogHandler:Internal_Log(LogType, LogOption, String, Object)
UnityEngine.Logger:Log(LogType, Object)
UnityEngine.Debug:Log(Object)
<WaitThenSetFrame>d__26:MoveNext()
UnityEngine.SetupCoroutine:InvokeMoveNext(IEnumerator, IntPtr)

Zap is not being watched: freezing at frame: 5
UnityEngine.DebugLogHandler:Internal_Log(LogType, LogOption, String, Object)
UnityEngine.Logger:Log(LogType, Object)
UnityEngine.Debug:Log(Object)
<WaitThenSetFrame>d__26:MoveNext()
UnityEngine.SetupCoroutine:InvokeMoveNext(IEnumerator, IntPtr)

Zap is not being watched: freezing at frame: 25
UnityEngine.DebugLogHandler:Internal_Log(LogType, LogOption, String, Object)
UnityEngine.Logger:Log(LogType, Object)
UnityEngine.Debug:Log(Object)
<WaitThenSetFrame>d__26:MoveNext()
UnityEngine.SetupCoroutine:InvokeMoveNext(IEnumerator, IntPtr)

Zap is not being watched: freezing at frame: 30
UnityEngine.DebugLogHandler:Internal_Log(LogType, LogOption, String, Object)
UnityEngine.Logger:Log(LogType, Object)
UnityEngine.Debug:Log(Object)
<WaitThenSetFrame>d__26:MoveNext()
UnityEngine.SetupCoroutine:InvokeMoveNext(IEnumerator, IntPtr)

Waves Cleared. Ready for Reinitialization.
UnityEngine.DebugLogHandler:Internal_Log(LogType, LogOption, String, Object)
UnityEngine.Logger:Log(LogType, Object)
UnityEngine.Debug:Log(Object)
WaveAlignmentMinigame:InitialiseMinigame(Boolean)
<PlayMinigame>d__10:MoveNext()
UnityEngine.SetupCoroutine:InvokeMoveNext(IEnumerator, IntPtr)
Maintenance:<Initialise>b__25_5()
UnityEngine.Events.InvokableCall:Invoke(Object[])
UnityEngine.Events.UnityEvent:Invoke()
UnityEngine.EventSystems.ExecuteEvents:Execute(GameObject, BaseEventData, EventFunction`1)
UnityEngine.InputSystem.UI.InputSystemUIInputModule:ProcessPointerButton(ButtonState&, PointerEventData)
UnityEngine.InputSystem.UI.InputSystemUIInputModule:ProcessPointer(PointerModel&)
UnityEngine.InputSystem.UI.InputSystemUIInputModule:Process()
UnityEngine.EventSystems.EventSystem:Update()

New Target Wave: Amp=35.00, Freq=5.60, Speed=5.76
UnityEngine.DebugLogHandler:Internal_Log(LogType, LogOption, String, Object)
UnityEngine.Logger:Log(LogType, Object)
UnityEngine.Debug:Log(Object)
WaveAlignmentMinigame:SetRandomTargetValues()
WaveAlignmentMinigame:InitialiseMinigame(Boolean)
<PlayMinigame>d__10:MoveNext()
UnityEngine.SetupCoroutine:InvokeMoveNext(IEnumerator, IntPtr)
Maintenance:<Initialise>b__25_5()
UnityEngine.Events.InvokableCall:Invoke(Object[])
UnityEngine.Events.UnityEvent:Invoke()
UnityEngine.EventSystems.ExecuteEvents:Execute(GameObject, BaseEventData, EventFunction`1)
UnityEngine.InputSystem.UI.InputSystemUIInputModule:ProcessPointerButton(ButtonState&, PointerEventData)
UnityEngine.InputSystem.UI.InputSystemUIInputModule:ProcessPointer(PointerModel&)
UnityEngine.InputSystem.UI.InputSystemUIInputModule:Process()
UnityEngine.EventSystems.EventSystem:Update()

Minigame Restarted with new target values.
UnityEngine.DebugLogHandler:Internal_Log(LogType, LogOption, String, Object)
UnityEngine.Logger:Log(LogType, Object)
UnityEngine.Debug:Log(Object)
<PlayMinigame>d__10:MoveNext()
UnityEngine.SetupCoroutine:InvokeMoveNext(IEnumerator, IntPtr)
Maintenance:<Initialise>b__25_5()
UnityEngine.Events.InvokableCall:Invoke(Object[])
UnityEngine.Events.UnityEvent:Invoke()
UnityEngine.EventSystems.ExecuteEvents:Execute(GameObject, BaseEventData, EventFunction`1)
UnityEngine.InputSystem.UI.InputSystemUIInputModule:ProcessPointerButton(ButtonState&, PointerEventData)
UnityEngine.InputSystem.UI.InputSystemUIInputModule:ProcessPointer(PointerModel&)
UnityEngine.InputSystem.UI.InputSystemUIInputModule:Process()
UnityEngine.EventSystems.EventSystem:Update()

Zap is not being watched: freezing at frame: 45
UnityEngine.DebugLogHandler:Internal_Log(LogType, LogOption, String, Object)
UnityEngine.Logger:Log(LogType, Object)
UnityEngine.Debug:Log(Object)
<WaitThenSetFrame>d__26:MoveNext()
UnityEngine.SetupCoroutine:InvokeMoveNext(IEnumerator, IntPtr)

Zap is not being watched: freezing at frame: 15
UnityEngine.DebugLogHandler:Internal_Log(LogType, LogOption, String, Object)
UnityEngine.Logger:Log(LogType, Object)
UnityEngine.Debug:Log(Object)
<WaitThenSetFrame>d__26:MoveNext()
UnityEngine.SetupCoroutine:InvokeMoveNext(IEnumerator, IntPtr)

Joined channel: QK8CNJ_GameChat
UnityEngine.DebugLogHandler:Internal_Log(LogType, LogOption, String, Object)
UnityEngine.Logger:Log(LogType, Object)
UnityEngine.Debug:Log(Object)
<SetActiveAudioChannel>d__27:MoveNext()
System.Threading.ExecutionContext:RunInternal(ExecutionContext, ContextCallback, Object, Boolean)
System.Runtime.CompilerServices.MoveNextRunner:Run()
System.Threading.Tasks.AwaitTaskContinuation:RunCallback(ContextCallback, Object, Task&)
System.Threading.Tasks.SynchronizationContextAwaitTaskContinuation:Run(Task, Boolean)
System.Threading.Tasks.Task:FinishContinuations()
System.Threading.Tasks.Task`1:TrySetResult(TResult)
System.Runtime.CompilerServices.AsyncTaskMethodBuilder`1:SetResult(TResult)
Unity.Services.Vivox.<JoinGroupChannelAsync>d__199:MoveNext()
System.Threading.ExecutionContext:RunInternal(ExecutionContext, ContextCallback, Object, Boolean)
System.Runtime.CompilerServices.MoveNextRunner:Run()
System.Threading.Tasks.AwaitTaskContinuation:RunCallback(ContextCallback, Object, Task&)
System.Threading.Tasks.SynchronizationContextAwaitTaskContinuation:Run(Task, Boolean)
System.Threading.Tasks.Task:FinishContinuations()
System.Threading.Tasks.Task`1:TrySetResult(TResult)
System.Runtime.CompilerServices.AsyncTaskMethodBuilder`1:SetResult(TResult)
Unity.Services.Vivox.<JoinChannelAsync>d__202:MoveNext()
System.Threading.ExecutionContext:RunInternal(ExecutionContext, ContextCallback, Object, Boolean)
System.Runtime.CompilerServices.MoveNextRunner:Run()
System.Threading.Tasks.AwaitTaskContinuation:RunCallback(ContextCallback, Object, Task&)
System.Threading.Tasks.SynchronizationContextAwaitTaskContinuation:Run(Task, Boolean)
System.Threading.Tasks.Task:FinishContinuations()
System.Threading.Tasks.Task`1:TrySetResult(TResult)
System.Runtime.CompilerServices.AsyncTaskMethodBuilder`1:SetResult(TResult)
Unity.Services.Vivox.<ConnectAsync>d__45:MoveNext()
System.Threading.ExecutionContext:RunInternal(ExecutionContext, ContextCallback, Object, Boolean)
System.Runtime.CompilerServices.MoveNextRunner:Run()
System.Threading.Tasks.AwaitTaskContinuation:RunCallback(ContextCallback, Object, Task&)
System.Threading.Tasks.SynchronizationContextAwaitTaskContinuation:Run(Task, Boolean)
System.Threading.Tasks.Task:FinishContinuations()
System.Threading.Tasks.Task`1:TrySetResult(TResult)
System.Threading.Tasks.TaskCompletionSource`1:TrySetResult(TResult)
Unity.Services.Vivox.ChannelSession:CheckSessionConnection()
Unity.Services.Vivox.ChannelSession:HandleParticipantAdded(vx_evt_base_t)
Unity.Services.Vivox.VxClient:InstanceOnMainLoopRun(Boolean&)
Unity.Services.Vivox.Client:RunOnce()
Unity.Services.Vivox.<VivoxUnityRun>d__7:MoveNext()
UnityEngine.SetupCoroutine:InvokeMoveNext(IEnumerator, IntPtr)

Zap is not being watched: freezing at frame: 15
UnityEngine.DebugLogHandler:Internal_Log(LogType, LogOption, String, Object)
UnityEngine.Logger:Log(LogType, Object)
UnityEngine.Debug:Log(Object)
<WaitThenSetFrame>d__26:MoveNext()
UnityEngine.SetupCoroutine:InvokeMoveNext(IEnumerator, IntPtr)

Zap is not being watched: freezing at frame: 45
UnityEngine.DebugLogHandler:Internal_Log(LogType, LogOption, String, Object)
UnityEngine.Logger:Log(LogType, Object)
UnityEngine.Debug:Log(Object)
<WaitThenSetFrame>d__26:MoveNext()
UnityEngine.SetupCoroutine:InvokeMoveNext(IEnumerator, IntPtr)

Zap is not being watched: freezing at frame: 20
UnityEngine.DebugLogHandler:Internal_Log(LogType, LogOption, String, Object)
UnityEngine.Logger:Log(LogType, Object)
UnityEngine.Debug:Log(Object)
<WaitThenSetFrame>d__26:MoveNext()
UnityEngine.SetupCoroutine:InvokeMoveNext(IEnumerator, IntPtr)

Zap is not being watched: freezing at frame: 10
UnityEngine.DebugLogHandler:Internal_Log(LogType, LogOption, String, Object)
UnityEngine.Logger:Log(LogType, Object)
UnityEngine.Debug:Log(Object)
<WaitThenSetFrame>d__26:MoveNext()
UnityEngine.SetupCoroutine:InvokeMoveNext(IEnumerator, IntPtr)

Zap is not being watched: freezing at frame: 25
UnityEngine.DebugLogHandler:Internal_Log(LogType, LogOption, String, Object)
UnityEngine.Logger:Log(LogType, Object)
UnityEngine.Debug:Log(Object)
<WaitThenSetFrame>d__26:MoveNext()
UnityEngine.SetupCoroutine:InvokeMoveNext(IEnumerator, IntPtr)

Zap is not being watched: freezing at frame: 10
UnityEngine.DebugLogHandler:Internal_Log(LogType, LogOption, String, Object)
UnityEngine.Logger:Log(LogType, Object)
UnityEngine.Debug:Log(Object)
<WaitThenSetFrame>d__26:MoveNext()
UnityEngine.SetupCoroutine:InvokeMoveNext(IEnumerator, IntPtr)

Zap is not being watched: freezing at frame: 15
UnityEngine.DebugLogHandler:Internal_Log(LogType, LogOption, String, Object)
UnityEngine.Logger:Log(LogType, Object)
UnityEngine.Debug:Log(Object)
<WaitThenSetFrame>d__26:MoveNext()
UnityEngine.SetupCoroutine:InvokeMoveNext(IEnumerator, IntPtr)

Zap is not being watched: freezing at frame: 20
UnityEngine.DebugLogHandler:Internal_Log(LogType, LogOption, String, Object)
UnityEngine.Logger:Log(LogType, Object)
UnityEngine.Debug:Log(Object)
<WaitThenSetFrame>d__26:MoveNext()
UnityEngine.SetupCoroutine:InvokeMoveNext(IEnumerator, IntPtr)

Zap is not being watched: freezing at frame: 45
UnityEngine.DebugLogHandler:Internal_Log(LogType, LogOption, String, Object)
UnityEngine.Logger:Log(LogType, Object)
UnityEngine.Debug:Log(Object)
<WaitThenSetFrame>d__26:MoveNext()
UnityEngine.SetupCoroutine:InvokeMoveNext(IEnumerator, IntPtr)

Zap is not being watched: freezing at frame: 10
UnityEngine.DebugLogHandler:Internal_Log(LogType, LogOption, String, Object)
UnityEngine.Logger:Log(LogType, Object)
UnityEngine.Debug:Log(Object)
<WaitThenSetFrame>d__26:MoveNext()
UnityEngine.SetupCoroutine:InvokeMoveNext(IEnumerator, IntPtr)

Zap is not being watched: freezing at frame: 25
UnityEngine.DebugLogHandler:Internal_Log(LogType, LogOption, String, Object)
UnityEngine.Logger:Log(LogType, Object)
UnityEngine.Debug:Log(Object)
<WaitThenSetFrame>d__26:MoveNext()
UnityEngine.SetupCoroutine:InvokeMoveNext(IEnumerator, IntPtr)

Zap is not being watched: freezing at frame: 15
UnityEngine.DebugLogHandler:Internal_Log(LogType, LogOption, String, Object)
UnityEngine.Logger:Log(LogType, Object)
UnityEngine.Debug:Log(Object)
<WaitThenSetFrame>d__26:MoveNext()
UnityEngine.SetupCoroutine:InvokeMoveNext(IEnumerator, IntPtr)

Zap is not being watched: freezing at frame: 20
UnityEngine.DebugLogHandler:Internal_Log(LogType, LogOption, String, Object)
UnityEngine.Logger:Log(LogType, Object)
UnityEngine.Debug:Log(Object)
<WaitThenSetFrame>d__26:MoveNext()
UnityEngine.SetupCoroutine:InvokeMoveNext(IEnumerator, IntPtr)

Zap is not being watched: freezing at frame: 45
UnityEngine.DebugLogHandler:Internal_Log(LogType, LogOption, String, Object)
UnityEngine.Logger:Log(LogType, Object)
UnityEngine.Debug:Log(Object)
<WaitThenSetFrame>d__26:MoveNext()
UnityEngine.SetupCoroutine:InvokeMoveNext(IEnumerator, IntPtr)

Zap is not being watched: freezing at frame: 5
UnityEngine.DebugLogHandler:Internal_Log(LogType, LogOption, String, Object)
UnityEngine.Logger:Log(LogType, Object)
UnityEngine.Debug:Log(Object)
<WaitThenSetFrame>d__26:MoveNext()
UnityEngine.SetupCoroutine:InvokeMoveNext(IEnumerator, IntPtr)

Zap is not being watched: freezing at frame: 5
UnityEngine.DebugLogHandler:Internal_Log(LogType, LogOption, String, Object)
UnityEngine.Logger:Log(LogType, Object)
UnityEngine.Debug:Log(Object)
<WaitThenSetFrame>d__26:MoveNext()
UnityEngine.SetupCoroutine:InvokeMoveNext(IEnumerator, IntPtr)

Zap is not being watched: freezing at frame: 5
UnityEngine.DebugLogHandler:Internal_Log(LogType, LogOption, String, Object)
UnityEngine.Logger:Log(LogType, Object)
UnityEngine.Debug:Log(Object)
<WaitThenSetFrame>d__26:MoveNext()
UnityEngine.SetupCoroutine:InvokeMoveNext(IEnumerator, IntPtr)

Zap is not being watched: freezing at frame: 30
UnityEngine.DebugLogHandler:Internal_Log(LogType, LogOption, String, Object)
UnityEngine.Logger:Log(LogType, Object)
UnityEngine.Debug:Log(Object)
<WaitThenSetFrame>d__26:MoveNext()
UnityEngine.SetupCoroutine:InvokeMoveNext(IEnumerator, IntPtr)

Zap is not being watched: freezing at frame: 0
UnityEngine.DebugLogHandler:Internal_Log(LogType, LogOption, String, Object)
UnityEngine.Logger:Log(LogType, Object)
UnityEngine.Debug:Log(Object)
<WaitThenSetFrame>d__26:MoveNext()
UnityEngine.SetupCoroutine:InvokeMoveNext(IEnumerator, IntPtr)

Not a valid word
UnityEngine.DebugLogHandler:Internal_Log(LogType, LogOption, String, Object)
UnityEngine.Logger:Log(LogType, Object)
UnityEngine.Debug:Log(Object)
PlayerWordleSystem:Wrong(String)
WordleSystem:OnInvalidGuessClientRpc(FixedString512Bytes)
WordleSystem:__rpc_handler_2238122202(NetworkBehaviour, FastBufferReader, __RpcParams)
Unity.Netcode.RpcMessageHelpers:Handle(NetworkContext&, RpcMetadata&, FastBufferReader&, __RpcParams&)
Unity.Netcode.ClientRpcMessage:Handle(NetworkContext&)
Unity.Netcode.MessagingSystem:ReceiveMessage(FastBufferReader, NetworkContext&, MessagingSystem)
Unity.Netcode.MessagingSystem:HandleMessage(MessageHeader&, FastBufferReader, UInt64, Single, Int32)
Unity.Netcode.MessagingSystem:ProcessIncomingMessageQueue()
Unity.Netcode.NetworkManager:NetworkUpdate(NetworkUpdateStage)
Unity.Netcode.NetworkUpdateLoop:RunNetworkUpdateStage(NetworkUpdateStage)

Not a valid word
UnityEngine.DebugLogHandler:Internal_Log(LogType, LogOption, String, Object)
UnityEngine.Logger:Log(LogType, Object)
UnityEngine.Debug:Log(Object)
PlayerWordleSystem:Wrong(String)
WordleSystem:OnInvalidGuessClientRpc(FixedString512Bytes)
WordleSystem:__rpc_handler_2238122202(NetworkBehaviour, FastBufferReader, __RpcParams)
Unity.Netcode.RpcMessageHelpers:Handle(NetworkContext&, RpcMetadata&, FastBufferReader&, __RpcParams&)
Unity.Netcode.ClientRpcMessage:Handle(NetworkContext&)
Unity.Netcode.MessagingSystem:ReceiveMessage(FastBufferReader, NetworkContext&, MessagingSystem)
Unity.Netcode.MessagingSystem:HandleMessage(MessageHeader&, FastBufferReader, UInt64, Single, Int32)
Unity.Netcode.MessagingSystem:ProcessIncomingMessageQueue()
Unity.Netcode.NetworkManager:NetworkUpdate(NetworkUpdateStage)
Unity.Netcode.NetworkUpdateLoop:RunNetworkUpdateStage(NetworkUpdateStage)

Not a valid word
UnityEngine.DebugLogHandler:Internal_Log(LogType, LogOption, String, Object)
UnityEngine.Logger:Log(LogType, Object)
UnityEngine.Debug:Log(Object)
PlayerWordleSystem:Wrong(String)
WordleSystem:OnInvalidGuessClientRpc(FixedString512Bytes)
WordleSystem:__rpc_handler_2238122202(NetworkBehaviour, FastBufferReader, __RpcParams)
Unity.Netcode.RpcMessageHelpers:Handle(NetworkContext&, RpcMetadata&, FastBufferReader&, __RpcParams&)
Unity.Netcode.ClientRpcMessage:Handle(NetworkContext&)
Unity.Netcode.MessagingSystem:ReceiveMessage(FastBufferReader, NetworkContext&, MessagingSystem)
Unity.Netcode.MessagingSystem:HandleMessage(MessageHeader&, FastBufferReader, UInt64, Single, Int32)
Unity.Netcode.MessagingSystem:ProcessIncomingMessageQueue()
Unity.Netcode.NetworkManager:NetworkUpdate(NetworkUpdateStage)
Unity.Netcode.NetworkUpdateLoop:RunNetworkUpdateStage(NetworkUpdateStage)

Zap is not being watched: freezing at frame: 35
UnityEngine.DebugLogHandler:Internal_Log(LogType, LogOption, String, Object)
UnityEngine.Logger:Log(LogType, Object)
UnityEngine.Debug:Log(Object)
<WaitThenSetFrame>d__26:MoveNext()
UnityEngine.SetupCoroutine:InvokeMoveNext(IEnumerator, IntPtr)

Zap is not being watched: freezing at frame: 5
UnityEngine.DebugLogHandler:Internal_Log(LogType, LogOption, String, Object)
UnityEngine.Logger:Log(LogType, Object)
UnityEngine.Debug:Log(Object)
<WaitThenSetFrame>d__26:MoveNext()
UnityEngine.SetupCoroutine:InvokeMoveNext(IEnumerator, IntPtr)

Waves Cleared. Ready for Reinitialization.
UnityEngine.DebugLogHandler:Internal_Log(LogType, LogOption, String, Object)
UnityEngine.Logger:Log(LogType, Object)
UnityEngine.Debug:Log(Object)
WaveAlignmentMinigame:InitialiseMinigame(Boolean)
<PlayMinigame>d__10:MoveNext()
UnityEngine.SetupCoroutine:InvokeMoveNext(IEnumerator, IntPtr)
Maintenance:<Initialise>b__25_1()
UnityEngine.Events.InvokableCall:Invoke(Object[])
UnityEngine.Events.UnityEvent:Invoke()
UnityEngine.EventSystems.ExecuteEvents:Execute(GameObject, BaseEventData, EventFunction`1)
UnityEngine.InputSystem.UI.InputSystemUIInputModule:ProcessPointerButton(ButtonState&, PointerEventData)
UnityEngine.InputSystem.UI.InputSystemUIInputModule:ProcessPointer(PointerModel&)
UnityEngine.InputSystem.UI.InputSystemUIInputModule:Process()
UnityEngine.EventSystems.EventSystem:Update()

New Target Wave: Amp=35.00, Freq=2.10, Speed=0.58
UnityEngine.DebugLogHandler:Internal_Log(LogType, LogOption, String, Object)
UnityEngine.Logger:Log(LogType, Object)
UnityEngine.Debug:Log(Object)
WaveAlignmentMinigame:SetRandomTargetValues()
WaveAlignmentMinigame:InitialiseMinigame(Boolean)
<PlayMinigame>d__10:MoveNext()
UnityEngine.SetupCoroutine:InvokeMoveNext(IEnumerator, IntPtr)
Maintenance:<Initialise>b__25_1()
UnityEngine.Events.InvokableCall:Invoke(Object[])
UnityEngine.Events.UnityEvent:Invoke()
UnityEngine.EventSystems.ExecuteEvents:Execute(GameObject, BaseEventData, EventFunction`1)
UnityEngine.InputSystem.UI.InputSystemUIInputModule:ProcessPointerButton(ButtonState&, PointerEventData)
UnityEngine.InputSystem.UI.InputSystemUIInputModule:ProcessPointer(PointerModel&)
UnityEngine.InputSystem.UI.InputSystemUIInputModule:Process()
UnityEngine.EventSystems.EventSystem:Update()

Minigame Restarted with new target values.
UnityEngine.DebugLogHandler:Internal_Log(LogType, LogOption, String, Object)
UnityEngine.Logger:Log(LogType, Object)
UnityEngine.Debug:Log(Object)
<PlayMinigame>d__10:MoveNext()
UnityEngine.SetupCoroutine:InvokeMoveNext(IEnumerator, IntPtr)
Maintenance:<Initialise>b__25_1()
UnityEngine.Events.InvokableCall:Invoke(Object[])
UnityEngine.Events.UnityEvent:Invoke()
UnityEngine.EventSystems.ExecuteEvents:Execute(GameObject, BaseEventData, EventFunction`1)
UnityEngine.InputSystem.UI.InputSystemUIInputModule:ProcessPointerButton(ButtonState&, PointerEventData)
UnityEngine.InputSystem.UI.InputSystemUIInputModule:ProcessPointer(PointerModel&)
UnityEngine.InputSystem.UI.InputSystemUIInputModule:Process()
UnityEngine.EventSystems.EventSystem:Update()

Waves Cleared. Ready for Reinitialization.
UnityEngine.DebugLogHandler:Internal_Log(LogType, LogOption, String, Object)
UnityEngine.Logger:Log(LogType, Object)
UnityEngine.Debug:Log(Object)
WaveAlignmentMinigame:InitialiseMinigame(Boolean)
<PlayMinigame>d__10:MoveNext()
UnityEngine.SetupCoroutine:InvokeMoveNext(IEnumerator, IntPtr)
Maintenance:<Initialise>b__25_3()
UnityEngine.Events.InvokableCall:Invoke(Object[])
UnityEngine.Events.UnityEvent:Invoke()
UnityEngine.EventSystems.ExecuteEvents:Execute(GameObject, BaseEventData, EventFunction`1)
UnityEngine.InputSystem.UI.InputSystemUIInputModule:ProcessPointerButton(ButtonState&, PointerEventData)
UnityEngine.InputSystem.UI.InputSystemUIInputModule:ProcessPointer(PointerModel&)
UnityEngine.InputSystem.UI.InputSystemUIInputModule:Process()
UnityEngine.EventSystems.EventSystem:Update()

New Target Wave: Amp=80.00, Freq=1.90, Speed=0.58
UnityEngine.DebugLogHandler:Internal_Log(LogType, LogOption, String, Object)
UnityEngine.Logger:Log(LogType, Object)
UnityEngine.Debug:Log(Object)
WaveAlignmentMinigame:SetRandomTargetValues()
WaveAlignmentMinigame:InitialiseMinigame(Boolean)
<PlayMinigame>d__10:MoveNext()
UnityEngine.SetupCoroutine:InvokeMoveNext(IEnumerator, IntPtr)
Maintenance:<Initialise>b__25_3()
UnityEngine.Events.InvokableCall:Invoke(Object[])
UnityEngine.Events.UnityEvent:Invoke()
UnityEngine.EventSystems.ExecuteEvents:Execute(GameObject, BaseEventData, EventFunction`1)
UnityEngine.InputSystem.UI.InputSystemUIInputModule:ProcessPointerButton(ButtonState&, PointerEventData)
UnityEngine.InputSystem.UI.InputSystemUIInputModule:ProcessPointer(PointerModel&)
UnityEngine.InputSystem.UI.InputSystemUIInputModule:Process()
UnityEngine.EventSystems.EventSystem:Update()

Minigame Restarted with new target values.
UnityEngine.DebugLogHandler:Internal_Log(LogType, LogOption, String, Object)
UnityEngine.Logger:Log(LogType, Object)
UnityEngine.Debug:Log(Object)
<PlayMinigame>d__10:MoveNext()
UnityEngine.SetupCoroutine:InvokeMoveNext(IEnumerator, IntPtr)
Maintenance:<Initialise>b__25_3()
UnityEngine.Events.InvokableCall:Invoke(Object[])
UnityEngine.Events.UnityEvent:Invoke()
UnityEngine.EventSystems.ExecuteEvents:Execute(GameObject, BaseEventData, EventFunction`1)
UnityEngine.InputSystem.UI.InputSystemUIInputModule:ProcessPointerButton(ButtonState&, PointerEventData)
UnityEngine.InputSystem.UI.InputSystemUIInputModule:ProcessPointer(PointerModel&)
UnityEngine.InputSystem.UI.InputSystemUIInputModule:Process()
UnityEngine.EventSystems.EventSystem:Update()

Zap is not being watched: freezing at frame: 25
UnityEngine.DebugLogHandler:Internal_Log(LogType, LogOption, String, Object)
UnityEngine.Logger:Log(LogType, Object)
UnityEngine.Debug:Log(Object)
<WaitThenSetFrame>d__26:MoveNext()
UnityEngine.SetupCoroutine:InvokeMoveNext(IEnumerator, IntPtr)

Zap is not being watched: freezing at frame: 15
UnityEngine.DebugLogHandler:Internal_Log(LogType, LogOption, String, Object)
UnityEngine.Logger:Log(LogType, Object)
UnityEngine.Debug:Log(Object)
<WaitThenSetFrame>d__26:MoveNext()
UnityEngine.SetupCoroutine:InvokeMoveNext(IEnumerator, IntPtr)

Zap is not being watched: freezing at frame: 15
UnityEngine.DebugLogHandler:Internal_Log(LogType, LogOption, String, Object)
UnityEngine.Logger:Log(LogType, Object)
UnityEngine.Debug:Log(Object)
<WaitThenSetFrame>d__26:MoveNext()
UnityEngine.SetupCoroutine:InvokeMoveNext(IEnumerator, IntPtr)

Zap is not being watched: freezing at frame: 35
UnityEngine.DebugLogHandler:Internal_Log(LogType, LogOption, String, Object)
UnityEngine.Logger:Log(LogType, Object)
UnityEngine.Debug:Log(Object)
<WaitThenSetFrame>d__26:MoveNext()
UnityEngine.SetupCoroutine:InvokeMoveNext(IEnumerator, IntPtr)

Not a valid word
UnityEngine.DebugLogHandler:Internal_Log(LogType, LogOption, String, Object)
UnityEngine.Logger:Log(LogType, Object)
UnityEngine.Debug:Log(Object)
PlayerWordleSystem:Wrong(String)
WordleSystem:OnInvalidGuessClientRpc(FixedString512Bytes)
WordleSystem:__rpc_handler_2238122202(NetworkBehaviour, FastBufferReader, __RpcParams)
Unity.Netcode.RpcMessageHelpers:Handle(NetworkContext&, RpcMetadata&, FastBufferReader&, __RpcParams&)
Unity.Netcode.ClientRpcMessage:Handle(NetworkContext&)
Unity.Netcode.MessagingSystem:ReceiveMessage(FastBufferReader, NetworkContext&, MessagingSystem)
Unity.Netcode.MessagingSystem:HandleMessage(MessageHeader&, FastBufferReader, UInt64, Single, Int32)
Unity.Netcode.MessagingSystem:ProcessIncomingMessageQueue()
Unity.Netcode.NetworkManager:NetworkUpdate(NetworkUpdateStage)
Unity.Netcode.NetworkUpdateLoop:RunNetworkUpdateStage(NetworkUpdateStage)

Zap is not being watched: freezing at frame: 25
UnityEngine.DebugLogHandler:Internal_Log(LogType, LogOption, String, Object)
UnityEngine.Logger:Log(LogType, Object)
UnityEngine.Debug:Log(Object)
<WaitThenSetFrame>d__26:MoveNext()
UnityEngine.SetupCoroutine:InvokeMoveNext(IEnumerator, IntPtr)

Joined channel: QK8CNJ_LobbyChat
UnityEngine.DebugLogHandler:Internal_Log(LogType, LogOption, String, Object)
UnityEngine.Logger:Log(LogType, Object)
UnityEngine.Debug:Log(Object)
<SetActiveAudioChannel>d__27:MoveNext()
System.Threading.ExecutionContext:RunInternal(ExecutionContext, ContextCallback, Object, Boolean)
System.Runtime.CompilerServices.MoveNextRunner:Run()
System.Threading.Tasks.AwaitTaskContinuation:RunCallback(ContextCallback, Object, Task&)
System.Threading.Tasks.SynchronizationContextAwaitTaskContinuation:Run(Task, Boolean)
System.Threading.Tasks.Task:FinishContinuations()
System.Threading.Tasks.Task`1:TrySetResult(TResult)
System.Runtime.CompilerServices.AsyncTaskMethodBuilder`1:SetResult(TResult)
Unity.Services.Vivox.<JoinGroupChannelAsync>d__199:MoveNext()
System.Threading.ExecutionContext:RunInternal(ExecutionContext, ContextCallback, Object, Boolean)
System.Runtime.CompilerServices.MoveNextRunner:Run()
System.Threading.Tasks.AwaitTaskContinuation:RunCallback(ContextCallback, Object, Task&)
System.Threading.Tasks.SynchronizationContextAwaitTaskContinuation:Run(Task, Boolean)
System.Threading.Tasks.Task:FinishContinuations()
System.Threading.Tasks.Task`1:TrySetResult(TResult)
System.Runtime.CompilerServices.AsyncTaskMethodBuilder`1:SetResult(TResult)
Unity.Services.Vivox.<JoinChannelAsync>d__202:MoveNext()
System.Threading.ExecutionContext:RunInternal(ExecutionContext, ContextCallback, Object, Boolean)
System.Runtime.CompilerServices.MoveNextRunner:Run()
System.Threading.Tasks.AwaitTaskContinuation:RunCallback(ContextCallback, Object, Task&)
System.Threading.Tasks.SynchronizationContextAwaitTaskContinuation:Run(Task, Boolean)
System.Threading.Tasks.Task:FinishContinuations()
System.Threading.Tasks.Task`1:TrySetResult(TResult)
System.Runtime.CompilerServices.AsyncTaskMethodBuilder`1:SetResult(TResult)
Unity.Services.Vivox.<ConnectAsync>d__45:MoveNext()
System.Threading.ExecutionContext:RunInternal(ExecutionContext, ContextCallback, Object, Boolean)
System.Runtime.CompilerServices.MoveNextRunner:Run()
System.Threading.Tasks.AwaitTaskContinuation:RunCallback(ContextCallback, Object, Task&)
System.Threading.Tasks.SynchronizationContextAwaitTaskContinuation:Run(Task, Boolean)
System.Threading.Tasks.Task:FinishContinuations()
System.Threading.Tasks.Task`1:TrySetResult(TResult)
System.Threading.Tasks.TaskCompletionSource`1:TrySetResult(TResult)
Unity.Services.Vivox.ChannelSession:CheckSessionConnection()
Unity.Services.Vivox.ChannelSession:HandleParticipantAdded(vx_evt_base_t)
Unity.Services.Vivox.VxClient:InstanceOnMainLoopRun(Boolean&)
Unity.Services.Vivox.Client:RunOnce()
Unity.Services.Vivox.<VivoxUnityRun>d__7:MoveNext()
UnityEngine.SetupCoroutine:InvokeMoveNext(IEnumerator, IntPtr)

Freddy: No pose data found for node 'Stage1'.
UnityEngine.DebugLogHandler:Internal_Log(LogType, LogOption, String, Object)
UnityEngine.Logger:Log(LogType, Object)
UnityEngine.Debug:LogWarning(Object)
Animatronic:HandlePose(Node)
Animatronic:SetNodeClientRpc(Int32, Boolean, Boolean)
Animatronic:__rpc_handler_1908766251(NetworkBehaviour, FastBufferReader, __RpcParams)
Unity.Netcode.RpcMessageHelpers:Handle(NetworkContext&, RpcMetadata&, FastBufferReader&, __RpcParams&)
Unity.Netcode.ClientRpcMessage:Handle(NetworkContext&)
Unity.Netcode.MessagingSystem:ReceiveMessage(FastBufferReader, NetworkContext&, MessagingSystem)
Unity.Netcode.MessagingSystem:HandleMessage(MessageHeader&, FastBufferReader, UInt64, Single, Int32)
Unity.Netcode.MessagingSystem:ProcessIncomingMessageQueue()
Unity.Netcode.NetworkManager:NetworkUpdate(NetworkUpdateStage)
Unity.Netcode.NetworkUpdateLoop:RunNetworkUpdateStage(NetworkUpdateStage)

Unloading 6 Unused Serialized files (Serialized files now loaded: 0)
UnloadTime: 3.873700 ms
Unloading 494 unused Assets to reduce memory usage. Loaded Objects now: 6179.
Total: 152.049300 ms (FindLiveObjects: 0.526600 ms CreateObjectMapping: 0.177800 ms MarkObjects: 149.645000 ms  DeleteObjects: 1.698400 ms)

Unloading 2 Unused Serialized files (Serialized files now loaded: 0)
UnloadTime: 4.631200 ms
Unloading 53 unused Assets to reduce memory usage. Loaded Objects now: 11236.
Total: 170.220300 ms (FindLiveObjects: 1.039200 ms CreateObjectMapping: 0.178700 ms MarkObjects: 168.787500 ms  DeleteObjects: 0.213600 ms)

